:020000040800F2
:10000000A06B002029030008294C0008D73E0008F7
:10001000314B0008ED08000871780008000000006E
:10002000000000000000000000000000690200085D
:100030007910000800000000C502000829560008D9
:100040004303000843030008430300084303000878
:100050004303000843030008430300084303000868
:100060004303000843030008430300084303000858
:10007000E50C00084303000843030008430300089D
:10008000430300084303000843030008FD08000879
:10009000F108000843030008430300084303000875
:1000A0004303000801570008430300084303000806
:1000B0004303000843030008430300084303000808
:1000C00043030008430300084303000843030008F8
:1000D000430300084303000843030008B15B000822
:1000E00043030008430300084303000843030008D8
:1000F00043030008430300084303000843030008C8
:1001000043030008430300084303000843030008B7
:1001100043030008430300084303000843030008A7
:100120004303000843030008F10C000843030008E0
:1001300043030008430300084303000815090008AF
:100140000909000843030008430300082D4C000878
:100150004303000843030008FD0C000843030008A4
:100160004303000843030008430300084303000857
:100170004303000843030008430300080000000095
:10018000430300084303000800F002F800F05CF8A5
:100190000AA090E8000C82448344AAF10107DA45E2
:1001A00001D100F051F8AFF2090EBAE80F0013F0D8
:1001B000010F18BFFB1A43F0010318478895000090
:1001C000A89500000A444FF0000C10F8013B13F012
:1001D000070408BF10F8014B1D1108BF10F8015BA0
:1001E000641E05D010F8016B641E01F8016BF9D193
:1001F00013F0080F1EBF10F8014BAD1C0C1B09D1EA
:100200006D1E58BF01F801CBFAD505E014F8016B5B
:1002100001F8016B6D1EF9D59142D6D370470000ED
:100220000023002400250026103A28BF78C1FBD8FF
:10023000520728BF30C148BF0B6070471FB508F098
:10024000D1FE1FBD10B510BD00F0A6F91146FFF795
:10025000F5FF07F07DFB00F0C4F903B4FFF7F2FFF0
:1002600003BC00F0CBF900002C4B19680868B0E81B
:10027000F04F80F30988BFF36F8F4FF0000080F3D9
:10028000118870470000000008480068006880F38B
:1002900008884FF0000080F3148862B661B6BFF39F
:1002A0004F8FBFF36F8F00DF00BF00BF08ED00E08E
:1002B000DFF80C00016841F470010160704700BF75
:1002C00088ED00E0EFF30980BFF36F8F134B1A68DE
:1002D0001EF0100F08BF20ED108A20E9F04F1060CB
:1002E00009B44FF0500080F31188BFF34F8FBFF374
:1002F0006F8F08F085F84FF0000080F3118809BC7B
:1003000019680868B0E8F04F1EF0100F08BFB0EC95
:10031000108A80F30988BFF36F8F7047B000002008
:10032000EFF30580704700000948804709480047FF
:10033000FEE7FEE7FEE7FEE7FEE7FEE7FEE7FEE795
:10034000FEE7FEE704480549054A064B70470000F2
:10035000F156000889010008A0650020A06B00206C
:10036000A0670020A067002053EA020C00F069801B
:100370002DE9F04B4FF00006002B1FBFB3FA83F5B9
:1003800003FA05F424FA05F65E4012BF1643B2FAEA
:1003900082F502FA05F4C5F120051EBF22FA05FC1C
:1003A00044EA0C04203556EA044C4FEA144418BFC2
:1003B000641C4FF000084FF00009904271EB030CF1
:1003C00039D3002919BFB1FA81F701FA07F6B0FA5B
:1003D00080F700FA07F6C7F120071EBF20FA07FCD6
:1003E00046EA0C062037B6FBF4FCA7EB0507103FE6
:1003F00007F01F0BCBF120060CFA0BFB2CFA06F6CC
:1004000044BFB3460026202FA4BF5E464FF0000B2A
:100410005BEA060C08BF4FF0010B19EB0B09ABFBB5
:10042000027C48EB0608C01B06FB02CC0BFB03CC8E
:1004300071EB0C01C1E70B46024641464846BDE858
:10044000F08B13B54FF000004FF00001AFF30080C8
:10045000BDE81C407047032A40F2308010F0030CC6
:1004600000F0158011F8013BBCF1020F624498BF07
:1004700011F801CB00F8013B38BF11F8013BA2F1A4
:10048000040298BF00F801CB38BF00F8013B11F01F
:10049000030300F02580083AC0F0088051F8043BBF
:1004A000083A51F804CBA0E80810F5E7121D5CBF2C
:1004B00051F8043B40F8043BAFF30080D20724BF5F
:1004C00011F8013B11F801CB48BF11F8012B24BFF3
:1004D00000F8013B00F801CB48BF00F8012B704742
:1004E00010B5203AC0F00B80B1E81850203AA0E8CF
:1004F0001850B1E81850A0E81850BFF4F5AF5FEA03
:10050000027C24BFB1E81850A0E8185044BF18C9B5
:1005100018C0BDE810405FEA827C24BF51F8043B5C
:1005200040F8043B08BF7047D20728BF31F8023BB0
:1005300048BF11F8012B28BF20F8023B48BF00F844
:10054000012B70474FF0000200B5134694469646C3
:10055000203922BFA0E80C50A0E80C50B1F12001D6
:10056000BFF4F7AF090728BFA0E80C5048BF0CC084
:100570005DF804EB890028BF40F8042B08BF7047E2
:1005800048BF20F8022B11F0804F18BF00F8012B54
:100590007047704770477047754600F02BF8AE46BD
:1005A00005006946534620F00700854618B020B57F
:1005B000FFF7C8FEBDE820404FF000064FF00007EF
:1005C0004FF000084FF0000B21F00701AC46ACE8FB
:1005D000C009ACE8C009ACE8C009ACE8C0098D4668
:1005E000704710B50446AFF300802046BDE81040C8
:1005F000FFF733BE004870473C65002001491820D2
:10060000ABBEFEE726000200704700002DED0A8B0E
:100610004C4C9FED4D8ADFED4D8A9FED4D9A41F296
:100620008836B500DFED4B9A9FED4BAADFED4BAA64
:100630009FED4BBADFED4BBA9FED4BCADFED4BCAD6
:100640004B4F42F2107800BF07F012FD22680121E3
:10065000484890472268022147489047B2EE042A52
:10066000F0EE481AB3EE091AF0EE680AB0EE490A45
:10067000424807F05FF9B2EE042AF0EE481AB3EEF2
:10068000091AF0EE680AB0EE490A3D4807F052F93F
:1006900032462946B3EE0E1AF0EE690AB0EE4A0A67
:1006A000384803F019FC32462946B3EE0E1AF0EE34
:1006B000690AB0EE4A0A344803F00EFCB0EE6A3A1A
:1006C000F0EE4B2AB0EE6B2AF0EE4C1AB2EE041AA2
:1006D000F0EE6C0AB0EE040A2C4804F07BFC4246B3
:1006E0001921B2EE001AF0EE040AB2EE0E0A284802
:1006F00003F0F2FBB2EE042AF0EE481AB3EE091A48
:10070000F0EE680AB0EE490A1C4807F013F9B2EEA1
:10071000042AF0EE481AB3EE091AF0EE680AB0EEB9
:10072000490A174807F006F900F018FA00F09AFC99
:10073000786B07F0ABFD07F0BBFC012007F025F953
:1007400082E700002C010020CDCCCC3D0000C8C2C7
:100750000000C842000000000000204200409C450C
:1007600000007A4400004843CDCC4C3EA69B443B5D
:10077000000000204C05002074050020846000204B
:10078000C4600020F86300204864002098640020C2
:10079000EC6400208AB0084E6C464FF0FF3707AD7E
:1007A0003A466946306808F049F809AB2A46211DE7
:1007B000009800F09BFEF3E70800002070B50C469F
:1007C000050008D0022C06D9FF22611E00F06EFE43
:1007D000291901F8010C70BDF0B585B000202D4C31
:1007E000039004900190029020882B4D010A8DF80F
:1007F0000C108DF80D006088294E010A8DF80E103E
:100800008DF80F00A08840F20F13010A8DF8101028
:100810008DF811002089010A8DF812108DF813004F
:1008200003A800906F6800221C493068B8476089AF
:1008300040F21F13010A8DF804108DF80500E07DC9
:100840008DF80600617E9DF8070001F00101084364
:10085000217B01F0010140EA4100217E01F001010C
:1008600040EA8100A17D01F0010140EAC1008DF85C
:1008700007000C48B0F86200010A8DF808108DF8E6
:10088000090001A800906C68002204493068A04764
:1008900005B0F0BDE46100202C01002074050020AB
:1008A0000800002054620020DDE9031288B243BA38
:1008B0000C48090C49BAC381418491B249BA09B2C2
:1008C00000EE101ADFED080A110CB8EEC00A01F0B4
:1008D0000102C1F3400180EE201A80ED041AC276B5
:1008E00081847047E461002000007A44FEE7000044
:1008F000014800F064BF00004C050020014800F0F2
:100900005EBF00004C050020014800F058BF000009
:1009100074050020014800F052BF0000740500205B
:1009200010B50446491EC8B200EB400101EB0010AF
:100930000E49002201EB800101230A614A614A62EB
:10094000C1E906230A604A608A600B622046CA60D9
:1009500000F034FE08B100F0E9FB204601F0AAF9EE
:100960002046BDE81040022100F0AEBD0461002029
:1009700010B58AB00C9C009192B102930021CDE990
:100980000321082205928DF81810216807916168EB
:10099000002308911A46694607F040FE0AB010BDD0
:1009A0000193EBE7002070470020704710B500224C
:1009B0000449054805F0FEFA0449034805F0EDFA3C
:1009C000002010BD90140020B4070020900C0020DF
:1009D00038B5044601460C4805F0DFFA0A4805F030
:1009E000B5FA0A4800236A462146006807F0C6FEA9
:1009F000009838B106494FF080500860BFF34F8F20
:100A0000BFF36F8F002038BDB40700200C0000201A
:100A100004ED00E000207047094A10B5D2F8BC226E
:100A2000D2F814220AB1012010BD0A46014604483A
:100A300005F0C0FABDE81040014805F035BB0000E4
:100A4000B40700208EB0164F164E4FF0FF3809AD98
:100A5000424605A9386807F0F1FE9DF83000059C74
:100A600000F00F00A4F201217080022908D814229E
:100A700029466846FFF734FD0B48D0F800C009E06E
:100A80000128E5D1142229466846FFF729FD0748C9
:100A9000D0F80CC0DDE906122046089BE047D7E7F6
:100AA000000000206202002060010020B001002050
:100AB0008EB0164F164E4FF0FF3809AD424605A9CD
:100AC000386807F0BBFE9DF83000059C00F00F0071
:100AD0003080012811D0A4F580710F39EED1142295
:100AE00029466846FFF7FCFC0A48D0F804C0DDE957
:100AF00006122046089BE047E0E714222946684694
:100B0000FFF7EEFC0448D0F80CC0F0E7040000202A
:100B10006202002038010020440100200548002125
:100B2000C26B1AB180F84010C1637047012280F88F
:100B30004020F9E770630020074800210068B0F802
:100B4000442022B180F84610A0F8441070470122DA
:100B500080F84620F8E70000400100200D4810B55D
:100B6000BAEE020A80ED030A80ED010A9FED0A0A3F
:100B7000F2EE040A80ED040AB1EE080A143004F023
:100B80005BF80648002102220176C27541760177A2
:100B900010BD0000B463002000000000E4610020EC
:100BA00070B539483A4A3B4BB0F90610057B3748D7
:100BB00002EE101A384CD0ED041AB8EEC22A90EDAD
:100BC000060AF2EE040ABAEE021A02EE210A012D1A
:100BD00010EE101A80ED060A04D0914218DDC0ED27
:100BE000060A1BE0914202DDC0ED060A05E010EEA8
:100BF000101A994201D980ED061A94ED040AD0ED3D
:100C0000061A012130EE210A84ED030A41610DE04C
:100C100010EE101A994201D980ED061A416909B106
:100C2000012903D190ED060A84ED030AE16891429F
:100C300002DDC4ED030A03E0994201D984ED031AF1
:100C400090ED020A154DBDEEC00A10EE101A05F81F
:100C5000401F90ED030ABDEEC00A10EE101A697035
:100C600090ED010A05ED040A90ED000A0A4805ED31
:100C7000030A94ED030A143003F0F6FF94ED030A1F
:100C800005ED050A70BD0000E4610020C8010020E8
:100C900000002041000010C1B46300200C6200205D
:100CA000FFF77EBF90ED000A90ED011AF0EEC00A4A
:100CB000B0EEC11AF4EEC10AF1EE10FA04D29FEDC3
:100CC000070A80ED000A70479FED051AF0EE400A12
:100CD00040EE410AC0ED000A70470000000000002D
:100CE000CDCC4C3E014801F073B800000C07002049
:100CF000014801F06DB800004C060020014801F0E9
:100D000067B80000AC06002001681823CAB2103A88
:100D1000B2FBF3F2054B6FF30901032A9B5CC36539
:100D200000D9091D81650846704700000891000838
:100D300010B5014600208B698A6A4FF0C07453B128
:100D4000B3F5005F15D072B1012A0CD0022A0AD087
:100D5000032A09D104E01AB1012A06D0022A03D1DC
:100D6000C96AC90100D5012010BDC96AA142FAD0E3
:100D700010BD002AF7D0012AF2D0022AF3D0032AAC
:100D8000F3D010BD30B50468256825F480252560B2
:100D9000046863608368402B036803D0996000682F
:100DA000C26030BD9A600068C16030BD08B507F010
:100DB00081FE009000F006F80521684607F020FA51
:100DC000F8E700002DE9F05F9A482DED028B41789D
:100DD00001297CD19849002545700888C0F30A078D
:100DE000A1F11600A7F5806707804A782D37D30850
:100DF0008A7843EA4213C3F30A06A6F58066468062
:100E0000CB78920942EA83030A7943EA8223C3F347
:100E10000A03A3F58063838052084C795A2F42EA73
:100E2000C412C2F30A02A2F58062C28000D8058013
:100E3000761D0A2E00D845805B1D0A2B00D88580C0
:100E4000521D0A2A00D8C580A2090272C4F30117F4
:100E50004772CB8843810B8983814B89C3810B7B8C
:100E600003744B7B4374CB894382098AA1F580616B
:100E700009B2818201F52571B1F5A56F00D985828E
:100E80006E4C704B6B49677393ED000A0978DFF87D
:100E9000B0B1491CBDEEC08A6B4E01F0FF094FF0A6
:100EA000010A032A04D0022A3BD0012A71D096E01D
:100EB00039006FD0C18849422180818849426180D0
:100EC000012F05D0032F0ED0022F16D020E0A9E06D
:100ED0008BF805A084F819A0828A51460AB1717571
:100EE00016E0757514E07575758235708BF80550D0
:100EF0006576A576818AA1800AE04E4A5FEAC971CB
:100F000082F8009002D084F820A001E084F82050FC
:100F100025734188E1800088208118EE100A6081E5
:100F20006AE039005BD08046C08840422080B8F833
:100F3000040040426080B8F9020007F03EFF9FEDD8
:100F4000431B53EC112B07F04FFF07F007FFE08026
:100F5000B8F800002081B8F91410A18018EE102A0A
:100F600084F80CA062813B4A5046012F92ED000AA2
:100F7000394A82ED040A04D0032F19D0022F20D061
:100F800050E08BF805006076B1F5C87F03DD707521
:100F90003AE022E023E001F28F1040F21F3290424B
:100FA00001D2757530E011F5C87F2DDA0220EEE729
:100FB0007575758235708BF805506576A576A180BC
:100FC00027E01C4A5FEAC97182F8009002D084F8D9
:100FD000200023E084F8205020E0032F08D0257360
:100FE00025806580A5802581E5800320607310E061
:100FF00003F000FB04F058F8607B012804D00328BC
:1010000007D002280AD00DE014493575A1F804A0D4
:1010100008E0022030751148858003E00F493575DE
:10102000022088800E480068BDEC028BBDE8F05FAE
:1010300000470000680100205E630020E46100209A
:10104000400200201C0100200C0200209A9999996E
:101050009999C93F20010020B46300205C02002060
:101060003801002012220249024802F0C2BC0000EE
:101070005E63002004060020704700000448DFED96
:10108000050A90ED090A30EE600A80ED090A704702
:10109000706300207CD9A04170B501F015F90146BC
:1010A00015489FED160A164C057B1648012D4FF486
:1010B000FA63057DA0F1100201D0C5B114E09DB91D
:1010C000407D012810D11048007868B11068081AD6
:1010D000984202D3FFF7D2FF1160D4ED0D0A94EDD0
:1010E000090A0A4803F020FF84ED0A0A70BD407D1A
:1010F0000128F9D1EAE70000E461002000000000C7
:10110000706300200C020020180100209864002069
:1011100010B5002807D004480068804702490C3108
:10112000088A401C088210BD0002002072B6FEE74B
:1011300070B5254AB2F908505088281A01B22348E0
:101140000180B2F92C30D28C9A1A12B24280002956
:1011500000DC49420CB21D490839002A0C8000DC31
:10116000524200EE105ADFED1A0A16B2B8EEC00A6B
:101170004E8020EE200ABDEEC00A10EE101A00EEDE
:10118000103A09B2B8EEC00A0180002920EE200A08
:10119000BDEEC00A10EE102A12B2428000DC4942B5
:1011A0000A4809B2001F002A018000DC524212B234
:1011B00042800648001D8C4203DA964201DA012182
:1011C00000E00021017170BD546200203C0200204B
:1011D000CDCC4C3D10B500F077F801F075F83349EF
:1011E00000220B788BB34B68C01AB0F5FA6F05D3A9
:1011F00091ED020A81ED030A0A7013E001EE100A74
:101200009FED2B2AD1ED020AF8EE411AB6EE000A44
:1012100020EE800A81EE821A70EEC00A00EE810A8A
:1012200081ED030AB5EEC00A224CF1EE10FA10DD92
:10123000FDEEC00AB1EE400A10EE900ABDEEC00A03
:10124000208110EE100AA08505E0FFE791ED020A6B
:10125000E6E72281A285B4F90200174900EE100AE0
:10126000B4F90800F8EEC00A00EE100A1348B8EE10
:10127000C00A03F0DEFDBDEEC00A114910EE100AEF
:101280006083B4F9260000EE100AB4F92C00F8EEE1
:10129000C00A00EE100A0B48B8EEC00A03F0C9FD00
:1012A000BDEEC00A10EE100AE08710BD2402002037
:1012B0000000FA445462002084600020F86300209B
:1012C000C460002048640020174810B5417EDFED5F
:1012D000170A174811B1012903D006E0C0ED000A32
:1012E00003E09FED140A80ED000A114C90ED000A16
:1012F0001C3C84ED020A607850B9B5EEC00AF1EEEC
:1013000010FA05DD00F0E0FF60600120207008E0C9
:10131000B5EEC00AF1EE10FA04D800202070C4ED3A
:10132000020A607010BD0000E461002000000000AF
:10133000400200200040B545F0B50446002500F10C
:10134000200103F091F994ED080A04F1300104F151
:10135000280003F0EFFB94ED090A04F13C0104F1CD
:10136000340003F0E7FB94F93000434EC0EBC002B9
:10137000D4ED0A1AD4ED0D0A94F93C0006EB820371
:1013800003EB800161EEA02A91ED000A01EE105AF4
:1013900094F93D1094ED0B3A02EE801A94ED0E0A8A
:1013A00003EB810321EE802AD3ED001A94F931304A
:1013B000C3EBC30302EE211A06EB830663EE201A89
:1013C00006EB800723EE003AD7ED000A06EB810614
:1013D000294F01EEA01A96ED000AC43707EB8206EA
:1013E00006EB800C06EB810603EE001ADCED000A2A
:1013F00000EE105A02EEA00AD6ED000A07EB8306B3
:1014000006EB800706EB810602EE200AD7ED000A04
:1014100001EEA00AD6ED000A184E06EB820202EB9E
:10142000800703EE200AD7ED003A00EE905A02EB57
:10143000810242EEA30AD2ED002A06EB830202EB00
:10144000800042EE220A90ED002A02EB810041EE7C
:10145000820AD0ED001A43EE210AF0EE081A81EE5E
:10146000212A80EE211A84ED002A80EEA10A84ED63
:10147000011A84ED020AF0BD28910008B09200081C
:10148000094A21B1012904D002290BD108E0D16811
:1014900000E09168C14011F0010F03D001207047B6
:1014A0001169F7E700207047C062002010B5054CB5
:1014B00004E000BF10F8013B5340E25C491EF9D242
:1014C000104610BD7493000890F82020012A07D020
:1014D000022A05D0416A41F480214162012070470F
:1014E000006842690A43426100207047F0B590F8F5
:1014F00020500468A468012D05D0022D03D0416A54
:1015000041F4802157E014F0406F01D1E5004FD540
:10151000C4F301640125A5401D608D684FF4C073BC
:101520009DB1CE6835434E6845EAC605066803EBB3
:101530000417F5514FF4C275076805EB04150E69E1
:101540007E51097D012905D009E00E88CD6845EA64
:101550004655EBE701684E5946F480764E511179B5
:10156000D579567941EA056195792D0445EA062534
:1015700029434FF4C676056806EB0416A951117885
:10158000D57841EA0561957852782D0445EA022222
:1015900011434FF4C475026805EB041551510068FE
:1015A00003EB0411425842F0010242500020F0BD0A
:1015B000416A41F4001141620120F0BD10B590F87C
:1015C0002020012A07D0022A05D0416A41F4802157
:1015D0004162012010BD3B48D0F8002242F00102D8
:1015E000C0F80022D0F8002222F47C52C0F8002279
:1015F000D0F800224B6A42EA0322C0F800220A7D9A
:1016000002F01F0301229A40D0F81C329343C0F825
:101610001C32CB69B3B9D0F80C329343C0F80C320A
:101620008C894B6864F31F434C6900EBC404C4F815
:1016300040320C890B6864F31F434C6900EBC4040F
:10164000C4F84432CB69012B16D1D0F80C321343C5
:10165000C0F80C320C884B6864F31F434C6900EBF4
:10166000C404C4F840320C89CB6864F31F434C694E
:1016700000EBC404C4F844328B69002BD0F8043268
:101680000ED01343C0F804320B69002BD0F814328B
:1016900008D01343C0F81432096A012904D008E0C5
:1016A0009343EFE79343F5E7D0F81C121143C0F8DA
:1016B0001C12D0F8001221F00101C0F80012002025
:1016C00010BD000000640040704770B590F82040E5
:1016D000012C05D0022C03D0416A41F4802128E07E
:1016E000046809B32469A40720D04FF4D8740568AE
:1016F00004EB01142D5915F00405956005682D596A
:101700001AD0ED08556005682C5904F00204D46025
:101710004FF4DA74056804EB01142E5906F00F0635
:10172000082E0CD308250DE0E468DCE7416A41F49B
:1017300000114162012070BD6D0D1560E3E72D5968
:1017400005F00F05156105682D59C5F3072595614D
:1017500005682C59240C54614FF4DC72046802EBC8
:101760000112A4581C700468A458240A5C70046810
:10177000A458240C9C700468A258120EDA704FF41E
:10178000DE72046802EB0112A4581C710468A458AC
:10179000240A5C710468A458240C9C710468A25843
:1017A000120EDA71006829B1016941F0200101616E
:1017B000002070BDC16841F02001C160F8E72DE94B
:1017C000F05F0546006800244669D0F804908768F9
:1017D000D0F80CB0D0F810A0D0F81880F10748D09D
:1017E000F90714D001218160B80703D5284600F01D
:1017F0008EFA0CE0780702D54FF4006407E0380752
:1018000002D54FF4805402E0284600F07FFAF80534
:1018100016D529684FF480708860B80503D528462E
:1018200000F077FA0CE0780502D544F4005407E0A4
:10183000380502D544F4804402E0284600F068FAF6
:10184000F80316D529684FF480308860B80303D5B3
:10185000284600F060FA0CE0780302D544F4004416
:1018600007E0380302D544F4803402E0284600F053
:1018700051FA300707D55FEACB6004D529681020FC
:1018800044F40074C86070074FF0080707D55FEA9A
:101890000B7004D52868C760284600F0A9F9B00786
:1018A00006D52868C068800702D0284600F0A2F953
:1018B000700607D55FEACA6004D52968102044F491
:1018C00080640861B00607D55FEA0A7004D528680D
:1018D0000761284600F0EAF9F00606D52868006995
:1018E000800702D0284600F0E2F9B00308D55FEA8D
:1018F000C96005D5296810204860284600F0D8F94D
:10190000F00307D55FEA097004D5286847602846C8
:1019100000F002FA300446D55FEA497040D5F00580
:1019200004D55FEAC87001D044F00104B00504D5C5
:101930005FEA887001D544F00204700504D55FEABF
:10194000487001D544F00404300529D518F0700F13
:1019500026D008F07000402815D006DC102809D0E9
:1019600020280AD0302816D10AE050280ED060284E
:1019700011D10EE044F008040DE044F010040AE038
:1019800044F0200407E044F0400404E044F0800404
:1019900001E044F480742868816921F0700181615C
:1019A000296804204860002C05D0686A20436862DA
:1019B0002846FFF789FEBDE8F09F70B5040003D00C
:1019C00094F8200010B104E0012070BD204600F022
:1019D00081F82068016841F00101016000F074FCA9
:1019E0000546052604E000F06FFC401B0A2811D8CC
:1019F00020684068C007F6D02068016821F0020125
:101A0000016000F061FC05460BE000F05DFC401B4E
:101A10000A2806D9606A40F40030606284F82060C9
:101A2000D2E7206840688007EFD4207E0128206834
:101A300001683DD021F080010160607E01282068AE
:101A4000016838D021F040010160A07E01282068A3
:101A5000016833D021F020010160E07E0128206878
:101A600001682ED041F010010160207F012820681C
:101A7000016829D021F008010160607F01282068F9
:101A8000016824D021F004010160D4E90201084377
:101A9000D4E90412114308436168491E08432168D0
:101AA000C86100206062012084F82000002070BD21
:101AB00041F08001C0E741F04001C5E741F020015D
:101AC000CAE721F01001CFE741F00801D4E741F067
:101AD0000401D9E7F0B587B0044614216846FEF743
:101AE00031FD3E4B3E48DFF8F0E01968D4F800C005
:101AF0003B4A03250226092710300024491CF445DF
:101B00002AD11960012907D1016841F000710160F3
:101B1000006800F000700590106840F00800106048
:101B20001068CDE9005600F00800CDE90470694660
:101B30002C48CDE9024500F0CFFA00220521132000
:101B400000F05AFC132000F049FC0022052114206B
:101B500000F052FC14203AE0DFF88CE0F44538D174
:101B6000D0F800C04CF0806CC0F800C0D0F800C0C5
:101B700001290CF0806CCDF814C0196007D1016800
:101B800041F000710160006800F00070059010687D
:101B900040F002001060106802AB00F002000590F7
:101BA0006020CDE9000683E8B00069460F4800F0E8
:101BB00093FA002205213F2000F01EFC3F2000F098
:101BC0000DFC00220521402000F016FC402000F012
:101BD00005FC07B0F0BD00000064004038000020A4
:101BE00030380240000C024000680040000402400F
:101BF00070470000F8B5274B02680021264C9A4236
:101C000000D001212170C9B201EB4102234E02EB49
:101C1000011106EB810202F1440300212832FFF793
:101C200054FD207806F1980500EB400101EB00110E
:101C300006EB810100EBC00005EB80001C2228317F
:101C4000FEF74EFC207800EB400202EB001206EBA0
:101C5000820300EBC001D3E9112305EB8101C1E947
:101C6000072388B10E4800236A46006806F086FD07
:101C70000098002807D00B494FF080500860BFF350
:101C80004F8FBFF36F8FF8BD294600236A46064881
:101C9000EBE70000006400403401002004610020F4
:101CA0000400002004ED00E00000002070477047B1
:101CB0007047000070B5044690F82000012804D059
:101CC000606A40F40020606218E0022084F820007E
:101CD0002068016821F00101016000F0F5FA054675
:101CE0000EE000BF00F0F0FA401B0A2808D9606A35
:101CF00040F400306062052084F82000012070BDAF
:101D000020684068C007EDD1606270BD70477047C1
:101D1000704770477047704770472DE9F04104469F
:101D2000876D00F0D1FA064694F8350000250228A8
:101D300006D08020606584F834500120BDE8F08131
:101D40002068016821F0160101602068416921F0D6
:101D500080014161206C08B9A06C20B12068016845
:101D600021F0080101602068016821F00101016093
:101D70000CE000F0A9FA801B052807D92020606537
:101D8000032084F8350084F83450D7E720680068D1
:101D9000C007EED194F85C103F208840B860012065
:101DA00084F8350084F834500020C7E790F83510E7
:101DB000022903D08021416501207047052180F868
:101DC00035100068016821F00101016000207047B2
:101DD0002DE9F84304464FF00009CDF80090634820
:101DE0004FF41651A56D0068B0FBF1F72E6894F81A
:101DF0005C10082000FA01F131420FD021680A6816
:101E000052070BD50A6822F004020A6094F85C10AD
:101E10008840A860606D40F00100606594F85C1037
:101E20004FF0010808FA01F0304208D021684969F2
:101E3000090604D5A860606D40F00200606594F862
:101E40005C1004208840304208D021680968890766
:101E500004D5A860606D40F00400606594F85C10E3
:101E600010208840304218D021680968090714D52D
:101E7000A86020680168490304D50068000308D5FC
:101E8000A16C07E00168C90503D4016821F00801CD
:101E90000160216C09B12046884794F85C1020202D
:101EA0008840304231D021680968C9062DD5A86024
:101EB00094F8350005282068016806D0490347D505
:101EC000006800031DD4616C1CE021F01601016064
:101ED0002068416921F080014161206C08B9A06C43
:101EE00020B12068016821F00801016094F85C10BD
:101EF0003F208840A86084F8358084F83490216DB4
:101F00001FE0E16B09B120468847606D00282BD0A7
:101F1000606DC00714D0052084F835002068016882
:101F200021F0010101600098401C0090B84203D8E4
:101F300020680068C007F6D184F8358084F83490B2
:101F4000E16C002910D001B02046BDE8F0430847FD
:101F50000168C905D5D4016821F01001016084F839
:101F6000358084F83490CCE7BDE8F883AC000020DD
:101F70002DE9F041044600F0A7F906465CB10220C5
:101F800084F83500002584F834502068016821F079
:101F9000010101600DE00120BDE8F08100F094F93D
:101FA000801B052805D920206065032084F83500B2
:101FB000F2E720680068C007F0D122681168204865
:101FC0000140D4E901031843D4E9033633431843ED
:101FD00063691843A3691843E3691843236A1843E4
:101FE0000843616A042903D1D4E90B131943084358
:101FF000106020684069666A20F0070130460E4391
:10200000012704280CD1A06A0643E06A40B12046AB
:10201000FEF78EFE20B14020606584F83570BAE787
:10202000206846612046FEF76FFE94F85C203F2151
:1020300091408160656584F835700020ACE7000050
:102040003F8010F02DE9F0410446866D90F8340091
:10205000002501280DD0012084F8340094F8357053
:102060000020012F07D084F8340002252846BDE85F
:10207000F0810220FBE7022784F835706065204676
:10208000FEF780FE94F85C103F208840B060206826
:10209000016841F016010160206C20B120680168E0
:1020A00041F0080101602068016841F00101016010
:1020B000DCE7000070B5044600F006F90546601C38
:1020C00002D004480078044400F0FEF8401BA0420F
:1020D000FAD370BDA00000202DE9F84FDFF8BCA1B5
:1020E0000022012503264FF00F090AF1040BAAF183
:1020F000040E00BF0B6805FA02F42340A34270D11E
:102100000F7907F00307012F01D0022F16D187683E
:102110004FEA420806FA08FC27EA0C07D1F80CC07F
:102120000CFA08FC4CEA070CC0F808C04768A74343
:102130000C79C4F3001494403C4344600C79E443AC
:10214000A4070AD0C4684FEA420C06FA0CF7BC4355
:102150008F6807FA0CF72743C7600C7904F0030473
:10216000022C12D1D40800EB840CDCF82040570775
:10217000FF0E09FA07F824EA0804D1F8108008FADB
:1021800007F848EA0408CCF8208004684FEA420CBB
:1021900006FA0CF7BC430F7907F0030707FA0CF7B0
:1021A000274307604C6814F4403F70D03C4C2768CC
:1021B00047F480472760246822F0030704F4804432
:1021C0000094384C07EB040CDCF8084897074FEAFA
:1021D000177809FA08F7BC43334FB84202D10027F9
:1021E00024E054E0314FB84201D101271EE0304FC6
:1021F000B84201D1022719E02E4FB84201D103277E
:1022000014E02D4FB84201D104270FE02B4FB84204
:1022100001D105270AE02A4FB84201D1062705E07F
:10222000284FB84201D1072700E0082707FA08F72E
:102230002743CCF80878DAF800405746D1F804C0B4
:102240009C435FEACC2C00D51C433C60DBF800408B
:102250005F46D1F804C09C435FEA8C2C00D51C4338
:102260003C60DEF800407746D1F804C09C435FEA4A
:102270008C3C00D51C433C60084F083F3C68D1F8BB
:1022800004C09C435FEACC3C00D51C433C60521C1C
:10229000102AFFF42FAFBDE8F88F0000083C014082
:1022A0004438024000300140000002400004024077
:1022B00000080240000C02400010024000140240DE
:1022C00000180240001C024001488068704700006E
:1022D000A0000020024881680278114481607047A4
:1022E000A00000200B4810B5016841F400710160A6
:1022F000016841F480610160016841F4807101600E
:10230000032000F099F80F2000F006F800F04AF8DA
:10231000002010BD003C024030B505461C4887B087
:102320000024016841F001010160006806A900F085
:102330000100009001A800F0E5FE00F019FF15492A
:102340004000B0FBF1F11548134A491E026040F20B
:10235000E732C0E90324C0E90114846101F034FAD2
:10236000040012D10D4801F05DFA04000DD11920CE
:1023700000F034F8102D07D200222946192000F071
:102380003BF80748056000E0012407B0204630BD57
:102390004438024040420F00000001406C0700201A
:1023A000A40000200C4882B0016841F48041016023
:1023B000006800F4804000900748001F016841F069
:1023C000805101600068002200F0805000900F21D1
:1023D000901E02B000F010B844380240002809DB1B
:1023E00000F01F02012191404009800000F1E0202F
:1023F000C0F8001170470000F0B40E4B1B680C468B
:10240000C3F30223C3F10705042D00D90425191DC8
:10241000072901D2002300E0DB1E012606FA05F1A0
:10242000491E214099409E40761E16403143F0BC23
:1024300005F032BA0CED00E0064900F0070208682A
:102440004FF6FF03184040EA0220034A1043086099
:10245000704700000CED00E00000FA0570470068CE
:10246000416200207047F0B50368586A39B19C6A30
:102470004FF4827600EB144400204D1E0AE040EA3F
:10248000024098620FE006EB8007DF59401C04EB26
:102490001744C0B2A842F6D344EA02404FF4807217
:1024A00002EB810158500020F0BDD0F8E00404F0A8
:1024B00094B801EBC10200EB8202D0F8E004126A8A
:1024C00003F0E5BF01EBC10200EB8202D0F8E004AB
:1024D000D2F8602204F037B8D0F8E00404F07FB8F6
:1024E0000A0601F00F0101EBC10100EB810101D5EA
:1024F000143101E001F51571006804F065BF70B595
:1025000004460B0601F00F0000EBC00104EB810153
:102510004FF001024FF0000502D54A75143103E077
:1025200081F8555201F51571087094F8940401284A
:1025300008D084F89424206804F060FC84F8945453
:10254000002070BD022070BD70B5044601F00F0080
:102550002279904201D9012070BD0B0601F00F01D4
:1025600001EBC10104EB81014FF001024FF00005C6
:1025700002D54A75143103E081F8555201F5157101
:102580008D70087094F89404012808D084F894247D
:10259000206804F0A5FD84F89454002070BD02204A
:1025A00070BD01F00F0101EBC10100EB8100D0F81B
:1025B000680270472DE9F04104460F0601F00F0054
:1025C00000EBC00104EB81014FF001064FF0000564
:1025D00002D54E75143103E081F8555201F515719D
:1025E000C2F30A0208708A600B714A7802B148830C
:1025F000022B00D14D7194F89404012809D084F87D
:102600009464206804F048FB284684F89454BDE89C
:10261000F0810220FBE710B501F00F0404EBC401C8
:1026200000EB8101C1E998230023C1F8683281F8E9
:10263000553281F85442837901F51571012B00D18F
:10264000CA618279006804F0A3FD002010BD70B556
:1026500004460D4601F00F002179884201D901207E
:1026600070BD29064FF000064FF0010206D500EBC1
:10267000C00104EB81014A75143107E005EBC50187
:1026800004EB810181F8556201F515718A700870BB
:1026900094F89404012807D084F89424206804F066
:1026A0004BFD280702D007E0022070BDA17904F29B
:1026B0009C42206804F0E8FC84F89464002070BD1B
:1026C00010B501F00F0404EBC40100EB8101C1E976
:1026D000082300238B6201234B7501F8144F837983
:1026E000012B00D1CA618279006804F051FD0020FD
:1026F00010BD00002DE9FC5F05680446284604F083
:10270000FFFE00287DD1206804F026FF002878D045
:10271000D5F80808C0F30D20C4F8D404206804F0EC
:102720001BFF800704D52068416901F00201416167
:10273000206804F011FFC10604F29C40009034D5DB
:102740002068816921F0100181612F6A07F00F0074
:1027500000EBC00004EB8006C7F3434006F5157696
:10276000022802D0062811D01AE047F6F07007427E
:1027700016D0C7F30A1217462846F16804F0F0FE97
:10278000F0683844F0607069384408E00822284650
:10279000009904F0E5FE7069C7F30A1108447061FE
:1027A0002068816941F010018161206804F0D4FE45
:1027B00000034FF0080B4FF0000A4FF001097CD5E1
:1027C0000026206804F0A7FE074674E0F80770D0E2
:1027D000F1B2206804F0B8FE8046C00707D005EBD0
:1027E0004611C1F8089B3146204602F06BFA5FEAB9
:1027F000087024D505EB4611C1F808BB2068016CB0
:1028000000E023E200EB46100191D0F8082BFB4BCF
:10281000994205D9110403D54FF40041C0F8081BB3
:10282000204600F0F6FAF5490198884207D9A079C8
:10283000012804D120680121009A04F025FC5FEAF8
:10284000C86004D505EB46111020C1F8080B5FEAFB
:1028500088701DD56869000605D5D5F8040840F4D0
:102860008061C5F8041806EBC60004EB800090F800
:10287000571200F51570012905D180F803A0F1B2B7
:10288000204600F0E9F905EB46110220C1F8080BDB
:102890005FEA886004D505EB46102021C0F8081BCC
:1028A0005FEA884005D505EB46104FF40051C0F8AB
:1028B000081B7F08761C002F88D1206804F04CFE8E
:1028C00040036ED5206804F01FFE0746002666E030
:1028D000F80762D0F1B2206804F024FE8046C007F9
:1028E00023D006F00F01D5F8342809FA01F18A4304
:1028F000C5F8342805EB4611C1F80899A0790128DC
:102900000FD106EBC60004EB8000D0E9072111448B
:10291000016236B9606A20B920680121009A04F08A
:10292000B3FBF1B22046FFF7C4FD5FEA087003D5A0
:1029300005EB4611C1F808B95FEAC86004D505EB9C
:1029400046111020C1F808095FEA486004D505EB7C
:1029500046104021C0F808195FEA887016D5314644
:10296000284604F0A2FD06EBC60004EB8000C17D02
:102970001430012905D180F803A0F1B2204600F0FF
:1029800067F905EB46110220C1F808095FEA086003
:1029900003D53146204602F0FBF97F08761C002F54
:1029A00096D1206804F0D8FD002811DAD5F8040883
:1029B00020F00101C5F8041894F8CC0401282BD0AC
:1029C000204600F00BFA2068416901F000414161A6
:1029D000206804F0C1FD00050BD5D5F80808C00734
:1029E00002D0204600F03EFA2068416901F40061FF
:1029F0004161206804F0B0FDC00467D5D5F8040833
:102A000020F00100C5F804081021206804F04DFDF5
:102A100000214FF67F3220E084F8CCA4002120462C
:102A2000FFF71CFDCFE700BF05EB4110C0F80829F8
:102A3000D0F8003923F40013C0F80039C0F8082B8F
:102A4000D0F8003B23F40013C0F8003BD0F8003B63
:102A500043F00063C0F8003B491C20798842E3D86A
:102A6000D5F81C0840F00111C5F81C18E07B0028BF
:102A700028460DD0D0F8840840F00B01C5F8841822
:102A8000D5F8440840F00B012846C5F844180DE07D
:102A9000D0F8140842F22B010843C5F81408D5F801
:102AA000100840F00B012846C5F81018D0F80008AF
:102AB00020F4FE61C5F80018A1792068009A04F09E
:102AC000E3FA2068416901F480514161206804F013
:102AD00043FD800415D5206804F01EF9206804F039
:102AE00002FDE07100F02EFB0146E279206804F05F
:102AF00095FD204600F05CF92068416901F4005121
:102B00004161206804F028FD000707D5204600F049
:102B100069F92068416901F008014161206804F009
:102B20001BFD000616D5A86920F08001A9610126C9
:102B30000DE000BF06EBC60004EB800090F85702E2
:102B4000012803D1F1B22046FFF7CAFC761C207998
:102B5000B042EFD8206804F0FFFCC0021FD5012668
:102B60004F4614E005EB4610D0F8000906EBC6010D
:102B700004EB81010A7E012A08D1002806DACF750C
:102B8000F0B240F080012046FFF7AAFC761C2079C5
:102B9000B042E7D82068416901F4801141612068A2
:102BA00004F0DAFC800234D501204A4629E000BF57
:102BB00005EB4011D1F8001B00EBC00304EB8303CD
:102BC00093F85862012E1BD1002919DA94F8D464C5
:102BD000C1F3004106F001068E4211D183F857225D
:102BE000A96941F08003AB616969090608D4D5F889
:102BF000040840F40070C5F8040805E00A30544F9A
:102C0000401C21798142D3D82068416901F4001128
:102C10004161206804F0A0FC400007D52046FFF782
:102C200044FC2068416901F080414161206804F062
:102C300093FC40070AD520684568680702D52046FE
:102C4000FFF74AFC2068416829434160BDE8FC9FCA
:102C5000D0F8E00403F015BDD0F8E00403F025BD82
:102C6000F8B5040005D094F895042668002510B145
:102C700006E00120F8BD84F89454204600F056F890
:102C8000032084F89504B6F1A04F00D1A571206807
:102C900004F0F4F9207C8DF8000094E80F0004F0B3
:102CA00049F80226B8BB0021206804F078FC90BBEC
:102CB000002001270DE000BF00EBC00104EB810103
:102CC0004F750875C8850D76CD610D62401CC0B288
:102CD0004D6221798142EFD8002011E000EBC00164
:102CE00004EB810181F8555281F8540281F8585261
:102CF000C1F85C52C1F86052401CC0B2C1F86452C5
:102D000021798142EAD8207C8DF8000094E80F00F8
:102D100004F0F6F810B184F89564AAE7657484F8B5
:102D20009574206804F0DEF80020F8BD10B586B078
:102D3000044614216846FDF705FC2068B0F1A04F59
:102D40002FD119480021026842F001020260006898
:102D500000F0010005904FF4C05000900220CDE932
:102D60000101032003900A20049069460F48FFF7F1
:102D7000B3F90D48001D016841F0800101600A4867
:102D80001430016841F4804101600068002200F4C1
:102D90008040059005214320FFF72EFB4320FFF7DD
:102DA0001DFB06B010BD000030380240000002409C
:102DB00070B50446C079012570B1022801D0FEF734
:102DC000B5F92946D4F8E00403F0DEFCD4F8E004B9
:102DD000BDE8704003F092BC0025F2E7D0F8E004B3
:102DE00003F0BBBCD0F8E00403F0C1BC10B504464E
:102DF00090F8940401280AD0012084F894046174A6
:102E0000206804F0FAFB002084F8940410BD02202E
:102E100010BDD0F8E02400F29C41104603F0C0BC85
:102E200010B50446006894F89414012909D00121D2
:102E300084F89414C168490609D5617B012902D040
:102E400005E0022010BD816B41F480318163206870
:102E500004F009FB206804F037F8002084F894049B
:102E600010BD000010B50446D0F8E00403F0DAFC11
:102E70002068D0F8001E41F00101C0F8001EE07A81
:102E8000002804D00248016841F00601016010BD2D
:102E900010ED00E02DE9F843054600684FF0010908
:102EA000C1074FF0000601D1400727D5DFF80C819C
:102EB000C8F86860FFF708FA0746414C05E000BF14
:102EC000FFF702FAC01B022857D820680001F7D488
:102ED00068688101287A41EA0070394984310860C4
:102EE000C8F86890FFF7F0F9074604E0FFF7ECF93F
:102EF000C01B022841D820680001F7D52878800738
:102F000052D52F484030016841F08051016000687F
:102F10002C4C00F080500090206840F480702060BD
:102F2000FFF7D2F9074604E0FFF7CEF9C01B0228ED
:102F300023D82068C005F7D5214C7034206810F4E0
:102F4000407020D0A98901F4407181421BD02068D3
:102F50001D4920F44070C1F800900E602060206888
:102F6000C00710D0FFF7B0F9064641F2883707E0F6
:102F7000FFF7AAF9801BB84202D90320BDE8F88305
:102F800020688007F4D5E9680D48C1F301220830B4
:102F9000032A0BD0016821F4F81101602068A98987
:102FA000C1F30B01084320600020E7E70268074BEC
:102FB00022F4F81219400A430260EFE7000047428A
:102FC0000038024000700040400E4742FFFCFF0FF7
:102FD0002DE9F0470E46050065D0DFF81481D8F8DA
:102FE0000000F7B200F00700B04207D288F8007086
:102FF000D8F8000000F00700B04254D128683D4CDA
:10300000810712D5400703D5206840F4E0502060C6
:103010002878000703D5206840F4604020602068CD
:10302000A96820F0F000084320602878C0072DD060
:10303000304968680839012812D0022813D00328C3
:1030400011D00968890700292DDA216821F00301D0
:1030500001432160FFF738F9814641F2883A0EE0DA
:1030600009688903EFE709688901ECE7FFF72CF9A4
:10307000A0EB0901514502D90320BDE8F087206883
:10308000696800F00C00B0EB810FEFD1D8F80010A8
:10309000404601F00701B14207D90770006800F00F
:1030A0000700B04201D00120E7E72878400705D5A6
:1030B0002068E96820F4E050084320602878000781
:1030C00006D52068296920F4604040EAC1002060EC
:1030D00000F05EF82168084AC1F30311515CC84052
:1030E0000649086006480068FFF716F90020C4E7A3
:1030F000003C02400838024010910008AC0000205B
:10310000A40000200F2202600C4A136803F003039E
:103110004360136803F0F0038360136803F4E05323
:10312000C36012684FF4E05303EAD202026104481C
:10313000006800F00700086070470000083802408F
:10314000003C02400148006870470000AC000020CD
:103150000448054900680968044AC1F38221515CAA
:10316000C8407047AC000020083802402091000899
:103170000448054900680968044AC1F34231515CBA
:10318000C8407047AC000020083802402091000879
:10319000154810B5006810F00C02144813D01449FB
:1031A000042A0FD0082A0ED10F4C241F226823684E
:1031B00002F03F025B0207D52068C0F38810A0FB35
:1031C000010106E0084610BD2168C1F38811A1FB8A
:1031D00000010023FDF7C8F82168C1F30141491C33
:1031E0004900B0FBF1F010BD083802400024F400A3
:1031F000001BB7002DE9F84F04006ED02078DFF8EF
:103200004C93C007A9F104054AD009F104000168F4
:10321000C1F38101012908D00068C0F381000228B0
:103220000AD1D9F80000400206D52868800337D5B6
:1032300060680028E1D033E06068B0F5803F10D0CE
:10324000B0F5A02F286810D020F4803028602868BE
:1032500020F4802028606068A8B1FFF735F80646A2
:103260000DE0286840F48030F4E740F480202860C6
:10327000F7E700BFFFF728F8801B642873D8286899
:103280008003F7D50CE0FFF71FF8064605E000BF06
:10329000FFF71AF8801B6428F0D828688003F7D459
:1032A0002078DFF8AC8280074FF0000A3ED5A748AF
:1032B000001D016811F00C0F08D00068C0F38100F8
:1032C00002280BD1D9F80000400207D428688007F3
:1032D00016D5E068012800D112E033E1E068B8B10A
:1032E0000120C8F80000FEF7EFFF064605E000BF2A
:1032F000FEF7EAFF801B0228C0D828688007F7D5B0
:103300002868216920F0F80040EAC10028600DE03B
:10331000C8F800A0FEF7D8FF064604E0FEF7D4FF89
:10332000801B02281FD828688007F7D42078000760
:1033300022D5864F87486169703771B101210160DC
:10334000FEF7C2FF064604E0FEF7BEFF801B022820
:1033500009D838688007F7D50EE0C0F800A0FEF75E
:10336000B3FF064605E082E0FEF7AEFF801B0228B1
:103370007DD838688007F7D42078400768D5DFF813
:10338000CCB100270BF13C0BDBF80000C0000BD4E4
:10339000DBF8001041F08051CBF80010DBF80000A2
:1033A000012700F0805000906B4E3068C00510D4AB
:1033B000306840F480703060FEF786FF009005E0D2
:1033C000FEF782FF0099401A022850D83068C005E5
:1033D000F6D55E4EA0686C3601280FD005283068FF
:1033E00010D020F001003060306820F00400306020
:1033F000A068B8B1FEF768FF00900FE0306840F0B9
:103400000100F4E740F004003060F7E7FEF75CFFEE
:103410000099411A41F28830814266D830688007AD
:10342000F4D50EE0FEF750FF009007E0FEF74CFFEA
:103430000099411A41F28830814256D8306880079D
:10344000F4D42FB1DBF8001021F08051CBF800103C
:10345000A069C8B33D49091D0968C1F3810102296A
:103460004AD00228504607D0C8F8600000E03CE08F
:10347000FEF72AFF04463BE04746C8F86000FEF727
:1034800023FF064605E000BFFEF71EFF801B022853
:103490002BD828688001F7D4D4E907010843A16A32
:1034A0002E4A490802EB0141626A41EA821108434F
:1034B00094F82C1040EA0161C9F800100120386628
:1034C000FEF702FF044606E03EE000BFFEF7FCFE0A
:1034D000001B022809D828688001F7D534E000BF16
:1034E000FEF7F2FE001B022802D90320BDE8F88F88
:1034F00028688001F4D427E00128F7D0D9F800002B
:10350000E26900F4800191421CD1226A00F03F017F
:10351000914217D147F6C071626A0140B1EB821F38
:1035200010D1A26A4FF0FF3300F4403103EB520296
:10353000B1EB024F06D194F82C1000F07060B0EBA4
:10354000016F01D00120D1E70020CFE7043802400D
:1035500000004742800E4742007000400000FFFF1D
:1035600010B5040002D0607F10B106E0012010BD4C
:1035700000202077204600F041F802206077206884
:10358000C168C943C90632D5CA21416221685320A6
:103590004862204601F04EFD20BB20688168164A33
:1035A000114081602168886862681043D4E904236F
:1035B0001A43104388602168E06808612068016947
:1035C000228941EA02410161204601F057FD48B9D4
:1035D00021680A6C22F480220A6421680A6CA369BB
:1035E0001A430A642268FF21516208B110BD00200D
:1035F0000121617710BD0000BFFF8FFF1FB50021C3
:1036000000910191029103910068084988420CD110
:1036100002200090000203906846FFF73BFC08B1CF
:10362000FDF784FD0249012008601FBD002800400D
:103630003C0E474270B50446007F0B46012819D066
:103640000126267702206077B2B19878D97840EACF
:10365000014558781978000240EA41300543216855
:10366000CA204862216853204862204601F0E2FCEB
:10367000D0B122E0022070BD5878C10603D500F019
:10368000EF000A305870D87801F0C9FC020458786D
:1036900001F0C5FC42EA0022987801F0C0FC024328
:1036A000187842EA4035DAE7074805402068456067
:1036B000204601F0E3FC00B966772268FF215162E1
:1036C0000021217770BD00003FFFFF002DE9F04190
:1036D0000446007F0D46012823D04FF0010884F8EE
:1036E0001C80022060772068002780684FEA4060D5
:1036F000D2B1002800DBEF70A878297840EA0146B3
:103700006878E978000240EA815006432168CA20BF
:103710004862216853204862204601F08BFCB8B112
:103720002CE00220BDE8F081002800DBEF70287853
:1037300001F075FC0204687801F071FC42EA002295
:10374000A87801F06CFC0243E87842EA8056DDE795
:103750000D480640206806602068816821F48021B9
:103760008160D5E90301084321688A6810438860B5
:10377000204601F083FC08B984F81D802268FF21EF
:1037800051622777CEE700007F7F7F0070B5044647
:103790000B482168C860FEF797FD05464FF47A761E
:1037A00007E000BFFEF790FD401BB04201D90320A7
:1037B00070BD2068C0688006F4D5002070BD000090
:1037C0005F7F01007047704710B5040003D094F884
:1037D0003D0010B107E0012010BD002084F83C003E
:1037E000204600F01EF8022084F83D00211D2068CC
:1037F00001F08CFF012084F8460084F83E0084F834
:103800003F0084F8400084F8410084F8420084F8C6
:10381000430084F8440084F8450084F83D0000200B
:1038200010BD704790F83D10012901D0012070476C
:10383000022180F83D100168CA6842F00102CA60A6
:1038400000681149884214D0B0F1804F11D00F495F
:1038500088420ED00E4988420BD00E49884208D0CB
:103860000D49884205D00D49884202D00C49884252
:1038700004D1816801F00701062903D0016841F0F5
:103880000101016000207047000001400004004079
:1038900000080040000C00400004014000400140CE
:1038A0000018004070472DE9F04104460068C668E2
:1038B00005694FF00007A90713D5B10711D5F91E07
:1038C000016101202077206880698007204602D0AE
:1038D000FFF7E8FF04E000F07EF8204600F07CF8F7
:1038E0002777680716D5700714D521686FF0040094
:1038F0000861022020772068806910F4407F20460C
:1039000002D0FFF7CFFF04E000F065F8204600F09A
:1039100063F82777280715D5300713D521686FF08E
:1039200008000861042020772068C06980072046CD
:1039300002D0FFF7B7FF04E000F04DF8204600F09A
:103940004BF82777E80616D5F00614D521686FF0F6
:1039500010000861082020772068C06910F4407FBB
:10396000204602D0FFF79EFF04E000F034F8204626
:1039700000F032F82777E80708D0F00706D0216872
:103980006FF001000861204600F028F8280608D5ED
:10399000300606D521686FF0800008612046FFF7E9
:1039A00011FF680608D5700606D521686FF0400043
:1039B0000861204600F01CF8A8060AD5B00608D514
:1039C00021686FF0200008612046BDE8F041FFF754
:1039D000FABEBDE8F08170477047000000680349F7
:1039E000884201D1FEF776BC70470000000001401C
:1039F000704738B5044690F84200202801D00220D4
:103A000038BD51B14AB101202063002060632046D7
:103A100002F07EF8216B012901D0012038BD216818
:103A20000A684968009121680C3151E8002F42F082
:103A3000100241E80023002BF5D138BD006803498E
:103A4000884202D1024901200870704700480040B6
:103A50006901002070470000F8B501680446086855
:103A6000CA684B6910F00F0F4FF0000559D003F0F2
:103A7000010602F49077374365D0C10705D0D10520
:103A800003D5616C41F001016164410705D5D90797
:103A900003D0616C41F002016164810705D5D9074B
:103AA00003D0616C41F004016164010707D502F0A5
:103AB0002001314303D0616C41F008016164616C05
:103AC00000293AD0800604D5900602D5204601F0A0
:103AD00038FF20684069616CC0F38010090700D48A
:103AE00060B3204601F0F8FE20684069400621D509
:103AF0002068143050E8001F21F0400140E8001217
:103B0000002AF5D1E06BA8B172490165E06BFEF7C0
:103B10004DF9002811D0E06B016D01B0BDE8F04017
:103B2000084783060FD593060DD52046BDE8F8401B
:103B300001F007BF2046FFF78DFFF8BD2046FFF7D5
:103B400089FF6564F8BD266B2023012E7ED1C60651
:103B50007CD5D6067AD508684868009048694FF049
:103B6000020640064DD5E26B106840684FF480773E
:103B70000004000C3AD0A18D814237D9E085D0698C
:103B8000B8422DD020680C3050E8001F21F480711D
:103B900040E80012002AF5D12068143050E8001FD8
:103BA00021F0010140E80012002AF5D1206814300C
:103BB00050E8001F21F0400140E80012002AF5D132
:103BC00084F84230256320680C3050E8001F21F053
:103BD000100140E80012002AF5D1E06BFEF79DF8D5
:103BE0006663A08DE18D401A81B206E0A18D81420D
:103BF000A8D1D069B842A5D166632046FFF71EFF61
:103C0000F8BDA08DE18D401A81B2E08D0028F7D07B
:103C10000029F5D020680C3050E8002F22F4907273
:103C200040E80027002FF5D12068143050E8002F1D
:103C300022F0010240E80027002FF5D184F842303D
:103C4000256320680C3050E8002F00E006E022F0E9
:103C5000100240E80023002BF3D1CDE705062BD559
:103C6000150629D594F841002128C9D1A068B0F5DE
:103C7000805F01D12069B0B1206A411C21622168B6
:103C800000784860E08C401E0004000CE084B7D14E
:103C90002068C16821F08001C1602068C16841F0DE
:103CA0004001C160F8BD206A0088C0F30800486088
:103CB000206A801C2062E5E74006F3D55006F1D566
:103CC000CA68204622F04002CA6084F8413000F001
:103CD00001F9F8BDDD57000870B5040004D094F870
:103CE0004100002510B106E0012070BD84F840506D
:103CF000204600F023F8242084F841002068C168A1
:103D000021F40051C160204601F07CFE2068016969
:103D100021F4904101612068416921F02A0141614B
:103D20002068C16841F40051C1606564202084F8B6
:103D3000410084F842006563002070BD2DE9F04F1A
:103D400087B0054614216846FCF7FCFB574B2968F1
:103D5000574802260327072200244FF000694FF43A
:103D6000806A4FF4807B99425FD1514914310B68CE
:103D700043F010030B60096801F010010591016820
:103D800041F002010160016801F002010591016842
:103D900041F001010160006802AB00F001000590F4
:103DA0008020CDE90006904683E8900169464148AD
:103DB000FEF792F93002CDE9000602AB694683E8CE
:103DC00090013D48FEF788F93D4F3C48D0463860A9
:103DD000C7E90194C7E9034A7C61C7E9064B3C6225
:103DE0005E4638467C62FEF7C3F808B1FDF79EF9DF
:103DF000EF63BD63324F314860377830E7E802093E
:103E00004020A7E811012E4847F814496030C7E95F
:103E100006463C627C62FEF7ABF808B1FDF786F916
:103E2000AF63BD6307B0BDE8F08F264B9942F9D16F
:103E30001F4910310B6843F480230B60096801F4BB
:103E400080210591016841F004010160006802943D
:103E500000F0040005904FF44060CDE90006CDE984
:103E6000037269461848FEF737F9154E1748C036F1
:103E70003060C6E90194C6E9034A7461C6E9064B9D
:103E80004FF44030C6E908043046FEF771F808B137
:103E9000FDF74CF9EE63002205212720B563FEF7FC
:103EA000ABFA2720FEF79AFABCE7000000100140A9
:103EB00030380240000402400000024040640240EA
:103EC0004C060020004800400008024028600240E4
:103ED000704770477047FEE700F1200383EC030A48
:103EE000C0E911129FED0A0A80ED0C0A80ED0E0A5E
:103EF00080ED0D0A80ED020A80ED030A80ED040AD0
:103F000080ED100A80ED010A80ED000A7047000084
:103F100000000000F0B500230A24302537261F4694
:103F200011E000BFB4EB107F02D905EB107C01E07B
:103F300006EB107C01F813C001EB430C00015B1C85
:103F40008CF80170DBB29342ECD3F0BD10B58AB0AF
:103F50000B460291002108220491CDE905128DF84B
:103F60001C10FF218DF820108DF821108DF82410E1
:103F70008DF822108DF825108DF823108DF826105D
:103F8000FC218DF8271008A90091044900224C68F3
:103F9000014603480068A0470AB010BD2C0100206C
:103FA0000800002090ED010A002180ED080A80ED54
:103FB0000D0A01637047000010B58AB0012002901D
:103FC000002008210490CDE905018DF81C00FF2098
:103FD0008DF820008DF821008DF824008DF8220046
:103FE0008DF825008DF823008DF82600FE208DF831
:103FF000270008A8009005480123002244680548CE
:1040000003490068A0470AB010BD00002C01002041
:104010004C050020080000200FB410B502989DF850
:104020002420401E00EB00114248120900EB8104DD
:1040300094ED060A84ED080A20F82120BDF8250039
:1040400040BA00EE100AB8EE400A84ED060A9DF868
:1040500027009DF82810000140EA111000EE100A18
:10406000B8EE400A84ED070A9DF8290000EE100A18
:10407000B8EE400A84ED040A94ED060AD4ED080A6D
:1040800030EE600A10EE100AB0F1474F02D9206BF3
:10409000401C06E010EE100AB0F18E4F02DD206BDE
:1040A000401E206394ED060A1021DFED230ABDEEC9
:1040B000C00A10EE100A9FED210A03F075FF84ED8F
:1040C000010A94ED070A0C21DFED1D0ABDEEC00ABE
:1040D00010EE100A9FED1B0A03F066FF84ED020A42
:1040E00094ED040A0C21F2EE040ABDEEC00A10EEB3
:1040F000100ABAEE040A03F057FF84ED050A9DF892
:104100002A0020739DF82B006073D4ED0C0A94ED07
:10411000010A9FED0D1AF8EEE00A00EE810A84ED27
:104120000D0AE06B401CE063012084F83A0010BCEB
:104130005DF814FB70630020DB0F4940DB0F49C0C2
:1041400000004843000048C3DB0FC9402DE9F0419F
:1041500004462DED048BB0EE419AF0EE609AB0EE7D
:10416000428AF0EE618A10209FED221ADFED220ACA
:1041700003F0CBFB07460C209FED201ADFED200A51
:10418000B0EE690A03F0C1FB06460C20B2EE041A39
:10419000FAEE040AB0EE480A03F0B7FB9FED1A8A64
:1041A00080460C209FED171AF0EE480AB0EE490A3F
:1041B00003F0ABFB05460C20B1EE041AF0EE480A02
:1041C000B0EE680A03F0A1FB390A2170677031096B
:1041D000A170310141EA1521E17025710109617178
:1041E000010141EA1820A07184F80780BDEC048B1E
:1041F000BDE8F081DB0F4940DB0F49C000004843B8
:10420000000048C30000FA430000000010B58AB067
:1042100001200290002008210490CDE905018DF8CD
:104220001C00FF208DF820008DF821008DF824005F
:104230008DF822008DF825008DF823008DF82600DA
:10424000FC208DF8270008A80090054801230022D3
:104250004468054803490068A0470AB010BD000043
:104260002C010020740500200800002090ED010AB8
:10427000FCEEC00A10EE901A018480ED0F0A0021B6
:104280000187704710B58AB00120029000200821F4
:104290000490CDE905018DF81C00FF208DF8200069
:1042A0008DF821008DF824008DF822008DF825006E
:1042B0008DF823008DF82600FE208DF8270008A831
:1042C000009005480123002244680548034900681E
:1042D000A0470AB010BD00002C010020740500208A
:1042E000080000200FB4F2EE090A70B52DED028B24
:1042F0009DF83400DFED668A069D664C6D1E000950
:1043000054F82510B1EE0C8A91ED010ABCEEC00AFA
:1043100010EE102A0A8454F825100880BDF83500E4
:1043200040BA00EE100A54F82500B8EE400A80EDBD
:10433000060A9DF837009DF83810000140EA111078
:1043400000EE100A54F825001021B8EE400A80ED66
:10435000070A9DF8390000EE100A54F82500B8EE5F
:10436000400A80ED040A54F8250090ED060ABDEEDF
:10437000C00A10EE100ABAEE090A03F001FE54F862
:104380002500F6EE000A80ED010A20EE200A54F81E
:104390002500DFED410A0C2120EE200ADFED3F0A67
:1043A00020EE200AF0EE680A80ED010A54F825009C
:1043B00090ED070ABDEEC00A10EE100A9FED380A14
:1043C00003F0DEFD54F825000C21F0EE480A80EDE4
:1043D000020A54F8250090ED040ABDEEC00A10EE62
:1043E000100AB9EE0C0A03F0CBFD54F8250080ED5D
:1043F000050A54F825109DF83A00087354F8251062
:104400009DF83B00487354F82500018CD0ED010A5B
:1044100000EE101A2349B8EE400A30EEC00A10EE42
:10442000102A8A4202D9028F521C028754F82500B2
:10443000028CD0ED010A00EE102AB8EE400A30EEF0
:10444000600A10EE102A8A4202D9018F491E0187A4
:1044500054F82500B0F93810D0ED010A490300EEF8
:10446000101AB8EEC00A30EE800A80ED0F0A54F838
:10447000250030F8441F491C018054F82510012004
:1044800081F84200BDEC028B70BC5DF814FB0000AB
:104490000000484340010020DB0F4940000010426B
:1044A000000048C30020CBC508B504F003FB104F43
:1044B000104EDFF84480114C114D0090B6F84400C6
:1044C0002188884201D178688047B6F8440020806E
:1044D0006188E86B884204D1D8F80420012109489A
:1044E0009047A88F60800121684603F089FEE5E7C8
:1044F000440100200C620020B00100206602002070
:10450000706300204C0500202DE9F04104462DED9C
:10451000068BF0EE60AAF0EE419AB0EE42AADFED13
:104520002C0AB0EE619A9FED2C1A20EE200AF0EED4
:10453000000ADFED2A8AB1EE0C8A20EE200ADFEDB8
:10454000250A102020EE200ADFED250A03F0C9F924
:1045500007460C20B0EE681ADFED220AB0EE6A0AB8
:1045600003F0BFF906460C20B0EE481AF9EE0C0A2B
:10457000B0EE4A0A03F0B5F99FED1C8A80460C2084
:104580009FED191AF0EE480AB0EE690A03F0A9F996
:1045900005460C20B1EE041AF0EE480AB0EE490AC6
:1045A00003F09FF9390A217067703109A170310158
:1045B00041EA1521E170257101096171010141EAAA
:1045C0001820A07184F80780BDEC068BBDE8F0814F
:1045D00000000039DB0F4940DC0F49400000484330
:1045E000DC0F49C0000048C30000FA43000000008F
:1045F0008162704770B51B480125017C427C09042B
:1046000041EA4244408A174904430020B1F188013D
:1046100001EB000305FA00F21E7D22420ED0761C4B
:10462000F6B21E75032E02D98E6816438E601B7D6E
:104630003C2B13D90B6913430B610FE0361F382E47
:10464000CE6801D2164300E09643CE608E68964352
:104650008E600E69964300220E611A75401C122866
:10466000D6DB70BD4863002030EE601AD0ED030A3F
:10467000D0ED041A1B4A30EEE12AF0EE081AF0EEF3
:10468000000A20EE210A21EE211A20EE200AC0EEB7
:10469000020AC1ED000A90ED030A90ED042A10EE23
:1046A000900A30EE422A904281EE020AB1EE041ADC
:1046B00081ED010A01DB81ED001A0B480B68F9EE70
:1046C000040A834201D3C1ED000A10EE103A93426E
:1046D00001DB81ED011A4A68824201D3C1ED010A72
:1046E000704700000000A0400000A0C070B5A0F21C
:1046F0000120DDE90743A1B24DBA00EBC002164923
:10470000200C44BA01EB820021F8225044809CB274
:1047100064BA84801B0C837131F82230048A0F4DF7
:104720001E1BAE4202DA038B5B1C04E0E31AAB42B1
:1047300002DA038B5B1E038331F82230B0F9184094
:1047400003EB4433436131F822100182C18B491CD1
:10475000C1830121017770BD5462002090E8FFFF02
:1047600030B5050A039C25706070080AA070E170DE
:10477000100A20716271180AA071E37130BD000047
:10478000104810B50E4901600321416000214FF42B
:1047900010228160C0E903124FF4001242610176D9
:1047A00041768176C176017701214177FDF705F9E0
:1047B000002803D0BDE81040FCF7B8BC10BD0000D5
:1047C000006400404C050020104810B50E490160FF
:1047D0000321416000214FF410228160C0E90312DF
:1047E0004FF400124261017641768176C1760177FD
:1047F00001214177FDF7E1F8002803D0BDE8104022
:10480000FCF794BC10BD0000006800407405002057
:10481000154808B5016841F400110160016801F410
:1048200000110091016841F48001016000680022DC
:1048300000F48000009005210C20FDF7DDFD0C2028
:10484000FDF7CCFD002205213A20FDF7D5FD3A20E9
:10485000FDF7C4FD002205214620FDF7CDFDBDE892
:1048600008404620FDF7BABD3038024010B5C6B04A
:1048700000222421202003F06BFE414C0022242141
:104880002060202003F064FE6060002224211020BC
:1048900003F05EFEA06000221921102003F058FEF4
:1048A000E0601C2237496846FBF71AFE0021684683
:1048B00003F077F8334920631C221C3107A8FBF76B
:1048C0000FFE002107A803F06CF82E4960631C223C
:1048D00038310EA8FBF704FE00210EA803F061F8A2
:1048E000284920611C22543115A8FBF7F9FD00214D
:1048F00015A803F056F8234960611C2270311CA8EA
:10490000FBF7EEFD00211CA803F04BF81D49A06148
:104910001C228C3123A8FBF7E3FD002123A803F020
:1049200040F81849E0611C22A8312AA8FBF7D8FDFD
:1049300000212AA803F035F8124960621C22C43114
:1049400031A8FBF7CDFD002131A803F02AF80D496D
:1049500020621C22E03138A8FBF7C2FD002138A8F4
:1049600003F01FF80749A0621C22FC313FA8FBF7A7
:10497000B7FD00213FA803F014F8E06246B010BD77
:1049800000000020F08F0008154808B5016841F0CC
:1049900002010160016801F002010091016841F02B
:1049A00001010160016801F001010091016841F01D
:1049B00008010160016801F008010091016841F0FF
:1049C00004010160016801F004010091016841F0F7
:1049D00080010160006800F08000009008BD0000C8
:1049E0003038024010B586B014216846FBF7AAFDA6
:1049F0001B48002419490594C0E900147F218160F7
:104A0000FF21C0E9031444618461FEF7A9FD08B1E8
:104A1000FCF78CFB8DF800408DF801408DF80240CA
:104A20000394012269460E480494FEF74FFE08B134
:104A3000FCF77CFB01208DF814008DF815008DF833
:104A4000160002468DF8174005A90548FEF7F2FD4D
:104A5000002801D0FCF76AFB06B010BD002800401A
:104A60009C0500200C4810B50A4901604FF4E13163
:104A70004160002181600C22C160C0E904128161A3
:104A8000C161FFF729F9002803D0BDE81040FCF709
:104A90004DBB10BD00100140BC0500200D4810B5F5
:104AA0000B4901600C4941604FF48051816049001D
:104AB000C16000210C22C0E904128161C161FFF7CD
:104AC0000BF9002803D0BDE81040FCF72FBB10BD48
:104AD0000048004004060020A086010010B5002216
:104AE0000F49104801F0AEFC08B1FCF71FFB0E495E
:104AF0000C4801F0C3FE08B1FCF718FB0B4909484C
:104B000001F040FA08B1FCF711FB064801F03AFF4A
:104B1000002803D0BDE81040FCF708BB10BD000022
:104B20003C000020B4070020C00200208C000020C0
:104B3000FEE7000070B510EE102A6FF040434FF40E
:104B4000800513440122B0EE082AAB420BD2F8EEE6
:104B5000000A002370EEC00A0B704A70C0ED000A14
:104B600030EE020A16E010EE103A2E4C4FF400061A
:104B70001C440223B1EE401AF7EE000AF0EE001AD0
:104B8000B4420AD271EE600A0A7030EE210A4B700C
:104B9000C0ED000A80ED010A70BD10EE104A03223C
:104BA00014F1814F0BD8B5EEC00AF1EE10FA06D21F
:104BB0000B704A7080ED001A30EE200AEAE7B5EE7D
:104BC000C00A0423F1EE10FA0BDB10EE104AB4F128
:104BD0007E5F06DA70EEC00A0A704B70C0ED000A04
:104BE000D8E710EE102A0524A2F17E52B24208D274
:104BF00031EEC01A0B704C7080ED001A30EE600A76
:104C0000C8E710EE102AA2F18042AA42C4D872EE80
:104C1000400A0C7006224A70C0ED000A30EE610AAC
:104C2000B8E70000FFFF7F40FEE700000148FDF706
:104C300061BD0000B01E00209FED0A1AF7EE001AB9
:104C400080ED001AC0ED031A80ED090AC0ED0A0AD2
:104C5000C0ED071A80ED081AC0ED0B1A80ED011A9D
:104C60007047000000000000D0ED071AD0ED000AE8
:104C700021EEA01A80ED011AD0ED090A90ED032A69
:104C800041EE820AC0ED040AD0ED0A1A30EEA12AE4
:104C9000C0EE821A30EE412AB0EE410AB7EE001A99
:104CA000C0ED061A31EE611A01EE820A61EE200AA9
:104CB00080ED020AC0ED050AC0ED030A80ED000A8E
:104CC000704700002DE9F04103680D4604461E6C54
:104CD00003EB4511D1F8080B94F806E04FF40047B8
:104CE0004FF0200C04F29C42BEF1010F09D0DFF816
:104CF00098E0764539D1020432D500BFC1F8087B6F
:104D00003FE0224B5FEA007E04D59E4239D9000481
:104D1000F4D436E05FEA806E02D5C1F808CB30E00B
:104D200010F0280F2DD19E4201D90004E6D405EBE6
:104D3000C50004EB8000D1F8101BD0F87432C1F329
:104D40001201591AC0F8681200F51570ADB903695F
:104D50001BB1C2681144C1600FE0012120680AE064
:104D600080060AD5C1F808CB07E035B9D4F864024B
:104D700018B90021184602F087F9E9B22046FDF77C
:104D8000A1FB0020BDE8F0810A31544F0A30544F96
:104D90002DE9F84F0E4601EBC60100EB8104814678
:104DA0000568D4E909101434884202D90120BDE80D
:104DB000F88F081AA168814200D20846C01C8708F3
:104DC00005EB46181BE000BFA0EB010AA0685045A8
:104DD00000D282460AF10300870899F80600009085
:104DE0001FFA8AF3F2B22846E16802F08BFCE16810
:104DF00001EB0A00E060616901EB0A006061D8F82C
:104E0000180980B2B84205D3D4E90401814201D225
:104E10000028D9D1D4E90401884208D806F00F014E
:104E200001208840D5F834188143C5F83418002093
:104E3000BDE770B530EE601A2DED048B04460D46CB
:104E400080EC020A80ED021AD0ED050A30EE600A0D
:104E500080ED060A90ED070A30EE010A80ED070AA0
:104E6000D0ED030AB0EE410A0846FCF765FA94ED6E
:104E7000080AD5ED000A95ED051A94ED098AD4EDDE
:104E80000A8A00EE810AD5ED010A95ED061A94ED25
:104E90000B9A04F11C0000EE818AD5ED020A95ED13
:104EA000071A40EE818AD4ED020A20EE800A84EDD2
:104EB0000C0A94ED120AB8EE400A02F0FDFC94EDE3
:104EC000070A04F1400060EE080AC4ED0D0A94EDF3
:104ED000020A94ED031A30EE410A20EE280A84ED0E
:104EE0000E0A94ED061A21EE091A84ED0F1AD4ED7C
:104EF0000C1A71EEA00A30EE800A30EE010A84ED41
:104F0000100A94ED110AB8EE400A02F0D5FC94EDB7
:104F1000020A84ED030A94ED000A84ED050A94ED7B
:104F2000100ABDEC048B70BD10B5044680EC020A7B
:104F300070EE600AC0ED020A90ED031A30EEC11A5D
:104F400080ED041AD0ED051A30EE610A80ED060AF4
:104F5000D0ED081A61EEA01AC0ED0C1AD0ED0D1AB2
:104F600090ED092A04F1340042EE201AC4ED0D1A26
:104F7000D4ED0A0A61EE200AC4ED0E0AD4ED0B0A44
:104F800020EE800A84ED0F0A94ED130A02F094FCDF
:104F900094ED0C0AD4ED0D0A04F1400030EE200A25
:104FA000D4ED0E0A30EE200AD4ED0F0A30EE200ABE
:104FB00084ED100A94ED110A02F07EFC94ED020AD1
:104FC00084ED030A94ED000A84ED050A94ED100ABD
:104FD00010BD000000F1200181EC040A9FED0B0AD6
:104FE00080ED0C0A80ED0E0A80ED0D0A80ED020ABC
:104FF00080ED030A80ED040A80ED100A80ED010ABD
:1050000080ED000A443080EC032A70470000000065
:10501000008800B200EE100AB8EEC00A7047002106
:1050200002E00A38C0B2491C0A28FAD2090740EA4D
:10503000116070472DE9F041044600680025C16801
:10504000490618D4C16841F08001C160FDF73CF900
:1050500006464FF47A78042707E000BFFDF734F9DD
:10506000801B404501D9677701252068C06840064C
:1050700001D4002DF2D02846BDE8F08170B5044679
:1050800000680025C16821F08001C1602068806847
:10509000800606D42046FEF779FB10B10420607725
:1050A0000125284670BD00002DE9F05FCA4DCB4CAC
:1050B00000262DED028BA88C012801D040B112E012
:1050C00001210820FCF7DCF938B9688C28B10AE026
:1050D00001210820FCF7D4F928B1AE802662E661F0
:1050E0002661E6602E7601210020FCF7C9F99FEDCC
:1050F000BC8ABA4F243710B194ED010A08E00121AF
:105100000846FCF7BDF940B16068404200EE100A65
:10511000B8EEC00A87ED010A05E0B0482430FBF77D
:10512000C1FD87ED018AAD48243000F043FA4042CA
:10513000288001210220FCF7A3F9DFF8A08208F102
:10514000300820B1A068404200EE100A06E00121BC
:105150000320FCF795F930B194ED020AB8EEC00ACD
:1051600088ED010A05E09D483030FBF79BFD88ED96
:10517000018A9A48303000F01DFA404268800121CF
:105180000620FCF77DF9012308B1E06828B1012170
:105190000620FCF775F910B109E0E36007E0E0686C
:1051A000012804D1E069282801DBE661E660DFF828
:1051B0002C92B5F9041009F13C09B9F90A008142B1
:1051C00009DAE068012806D1E069282803DA0A3103
:1051D000A980401CE06101210720FCF751F908B1CA
:1051E000206928B101210720FCF74AF910B109E034
:1051F000236107E02069012804D1206A282801DB07
:1052000026622661B5F90400B9F90810884209DD63
:105210002169012906D1216A282903DA0A38A880E0
:10522000491C216200211120FCF72AF900286D4950
:105230006D4ADFF8B8C1287B12D010B101280DD01B
:105240001BE02B7391ED000ABDEEC00A10EE100AB0
:10525000688192ED000A8CED040A03E02E730CE0E5
:1052600001280AD191ED000ABDEEC00A10EE100A25
:10527000688192ED000A8CED040A01211020FCF7F0
:10528000FFF820B902211020FCF7FAF810B1687E6F
:10529000012876D00320687301210D20FCF7F0F877
:1052A00080B14FF416727A8150423881A8F80A20F2
:1052B000A8F808004FF44871A9F80A104FF6E04129
:1052C000A9F8081001210E20FCF7DAF84FF4966ACD
:1052D000CAF1000B60B14FF461727A815142398199
:1052E000A8F80A20A8F80810A9F80AA0A9F808B098
:1052F00001210F20FCF7C4F878B1A7F80AA0A7F89D
:1053000008B0A8F80AA0A8F808B04FF4C861A9F836
:105310000A104FF6C011A9F8081000210B20FCF765
:10532000AFF8334F58B1B7F9120040F22621C84206
:1053300005DA00F507707882E87D801EE8750021A7
:105340000C20FCF79DF858B1B7F9120040F6B831BF
:10535000C84205DDA0F507707882E87D801CE875FD
:105360002448418901EB8101298180890121C00004
:10537000E8800520FCF784F878B1A06918B10DE049
:10538000FFE76B7388E7287E10B1012802D002E0A6
:105390002B7600E02E76A36100E0A66101210920B2
:1053A000FCF76EF858B1606950B9687E10B10128F9
:1053B00002D002E06B7600E06E76636100E0666129
:1053C00001210A20FCF75CF820B12B77BDEC028BA1
:1053D000BDE8F09F2E77F9E7E46100206801002026
:1053E000000000001C01002020010020B463002008
:1053F0000C0200204863002030B5124B12481A46B8
:105400001D7E0024B2F90420016A012D03D0511A37
:105410009980046230BDC56955B1012DFAD1C91E0C
:10542000D21E01629A8011F5967FF3DCC46130BD13
:10543000C91CD21C01629A80B1F5967FF7DB01216D
:10544000C16130BDE4610020C80100208CB003F0D0
:1054500031FBDFF8D4A0354CDFF8D490DFF8D4B0BE
:10546000354E0DF114080B90344DE868804768689C
:105470008047334800688047CDF80080314BBAF947
:105480006220BAF93E105D68BAF91A000023A847F5
:1054900094F9410094ED0D2A00EE100A94F94000B1
:1054A000D4ED0C0AF8EEC01A00EE100A2648B8EE49
:1054B000C01A016894ED0B0A07A8884799F93910BA
:1054C000224800EE101A99F9381099ED0B2AF8EEDF
:1054D000C01A00EE101A0168D9ED0A0AB8EEC01A17
:1054E00099ED090A09A88847CDF80080DBF8047017
:1054F0005D464FF40073002215493068B84707A88D
:10550000009001236F68002212493068B84709A84B
:1055100000906D68012300220D493068A8470221E0
:105520000BA802F06DFE9FE7546200200C62002081
:10553000706300202C01002008000020EC010020F6
:10554000580200206001002044010020B00100202A
:105550004C050020740500200178407841EA0020C5
:10556000704700000E4910B591ED000A0D4A0E4C2F
:10557000BDEEC00A10EE100A02F8380F91ED010AD4
:10558000BDEEC00A10EE100A5070206880476068B7
:1055900080470648064900794968BDE81040084739
:1055A00050020020706300204802002040020020CA
:1055B0000002002090EC020A30EE200A80ED000A82
:1055C000B0F9081000EE901AF8EEE00AB4EEE00A26
:1055D000F1EE10FA05D200EE101AB8EEC00A80ED16
:1055E000000AB0F90A10F0EE400A00EE101AB8EE08
:1055F000C00AF4EEC00AF1EE10FA02DCB0EE600A66
:1056000005E000EE101AB8EEC00A80ED000ABDEE0B
:10561000C00A10EE100A00B27047FFF75FFA0120CF
:1056200002F0B3F9FBE7000010B5502080F31188B9
:10563000BFF34F8FBFF36F8F03F042FA18B10449E5
:105640004FF080500860002080F3118810BD0000EA
:1056500004ED00E030B593B030216846FAF772FFF0
:1056600014210CA8FAF76EFF1F480025016841F0CD
:1056700080510160006800F0805011901B48016863
:1056800041F4804101600068022400F480401190E0
:10569000092000904FF4803001900120CDE90504ED
:1056A0008005079006200890A820CDE9090407206E
:1056B0000B906846FDF79EFD08B172B6FEE70CA997
:1056C0000F2081E831004FF4A0500F904FF480502C
:1056D000109005210CA8FDF77BFC002801D072B6C4
:1056E000FEE713B030BD00004038024000700040BB
:1056F0000248016841F470010160704788ED00E0E4
:105700000148FEF7D0B800006C070020F0B5026831
:10571000274B284D284E294F294C4FF0804C98425A
:1057200009D0604507D0A84205D0B04203D0B842A6
:1057300001D0A04204D122F0700E4A6842EA0E0263
:1057400098421BD0604519D0A84217D0B04215D05E
:10575000B84213D0A04211D01A4DA8420ED01A4D13
:10576000A8420BD0194DA84208D0194DA84205D027
:10577000184DA84202D0184DA84203D122F440751A
:10578000CA682A434D6922F080022A438D68C562A7
:105790000D688562984201D0A04201D10969016378
:1057A000016841F004010160012141610260F0BD26
:1057B000000001400004004000080040000C0040D0
:1057C0000004014000400140004401400048014005
:1057D00000180040001C00400020004010B5806B05
:1057E0000021C185FEF736F910BD70B5846B2068C5
:1057F000406994F84110C0F3C0100025212904D15C
:1058000018B1E584204600F08EF82068406994F8CD
:105810004210C0F38010222904D118B1E58520463A
:1058200000F05AF8606C40F0100060642046FEF70B
:1058300011F970BD10B50146806B096809684FF019
:105840000002C9052ED4C28501680C3151E8003F21
:1058500023F4807341E80034002CF5D10168143141
:1058600051E8003F23F0010341E80034002CF5D15A
:105870000168143151E8003F23F0400341E800344F
:10588000002CF5D1202180F84210016B012909D1AB
:1058900001680C3151E8003F23F0100341E8003467
:1058A000002CF5D14263016B012902D0FEF710FBF9
:1058B00010BD818DFEF7C2F810BD10B5806B0121BF
:1058C0004163016B012902D0FEF703FB10BD818DFE
:1058D0004908FEF7B3F810BD01680C3151E8002FFC
:1058E00022F4907241E80023002BF5D101681431B5
:1058F00051E8002F22F0010241E80023002BF5D1EE
:10590000016B012909D101680C3151E8002F22F007
:10591000100241E80023002BF5D1202180F842102D
:1059200000210163704701680C3151E8002F22F01B
:10593000C00241E80023002BF5D1202180F841105E
:10594000704708B590F84210222901D0022008BD06
:1059500082684FF480539A4201D1016921B1816A72
:105960009A421BD04AB10AE00268816A5268C2F3C7
:1059700008020A80816A891C08E0026972B1026823
:10598000526802F07F020A70816A491C8162C18DEF
:10599000491E0904090CC18503D01BE00268526846
:1059A000F1E70168CA6822F02002CA600168CA688B
:1059B00022F48072CA6001684A6922F001024A61D9
:1059C000202180F8421000214163026B012A03D09C
:1059D000FEF77EFA002008BD016301680C3151E832
:1059E000002F22F0100241E80023002BF5D10168BE
:1059F0000A68D20602D50A6849680091818DFEF7CF
:105A00001DF8E7E770B5044600680169E26821F413
:105A10004051114301612169A068E269084361694D
:105A2000114308432168CA6849F20C639A43024350
:105A3000CA6020684169A26921F440711143416143
:105A400031492068884202D03049884202D1FDF7AE
:105A50008FFB01E0FDF77CFBE2690023192164253F
:105A60003226B2F5004F626828D0A0FB0101930FE7
:105A70009200FAF779FC0146B0FBF5F06FF01802DE
:105A8000504301EB800006EB0010B0FBF5F000F096
:105A9000F002B1FBF5F002EB0012B1FBF5F06FF094
:105AA0001803584301EB800006EB0010B0FBF5F043
:105AB00000F00F0021681044886070BDA0FB010158
:105AC00092185B41FAF750FC0146B0FBF5F0020179
:105AD000B1FBF5F06FF01803584301EB800006EBC3
:105AE000C000B0FBF5F000F0F80002EB4002B1FBA3
:105AF000F5F0584301EB800006EBC000B0FBF5F079
:105B000000F00700D6E7000000100140001401403B
:105B100038B58162044682850020134660642222E3
:105B200084F84220E56B1F4AEA63E56B1E4A2A644B
:105B3000E56B1E4AEA64E26B10650A462168E06B79
:105B4000091DFCF77FFA30B110206064202084F832
:105B50004200012038BD206801684068009020693B
:105B600048B120680C3050E8001F41F4807140E8D3
:105B70000012002AF5D12068143050E8001F41F0CF
:105B8000010140E80012002AF5D12068143050E8E5
:105B9000001F41F0400140E80012002AF5D100202A
:105BA00038BD000035580008BB580008EB57000806
:105BB0000148FDF751BF000004060020064D88B0E3
:105BC0004FF0FF3422466946286802F037FE6846E7
:105BD00001F0ACFDF6E700000C000020CD2001F044
:105BE000F3FD022002F0E6FAF8E72DE9F0410C4659
:105BF000D0F8D412D0F8C82200EB8101D1F8C0123D
:105C000029B304F00F0606EB860300EB830500279B
:105C10006B694BB106EBC60602EB8602D269B3FB99
:105C2000F2F602FB1632A2B1C1F81472D0F8D422F7
:105C300000EB8200D0F8C40203692BB1D1F808024E
:105C4000224601F5047198470020BDE8F081032049
:105C5000FBE700231A4621466F6100F0F0FDF3E7F1
:105C600070B50546D0F8D40205EB8000D0F8C042EC
:105C700094B1284600F0C2FCC4F80C02D5F8D41246
:105C8000D4F8040205EB8101D1F8C412CA6804F506
:105C900003719047002070BD032070BD70B5234D87
:105CA0000446297800F0EAFB2878002600F00F006F
:105CB00000EB800004EB800080F8236069782046C8
:105CC00000F0DCFB687800F00F0000EB800004EBD4
:105CD000800080F86361A978204600F0CFFBA878A7
:105CE00000F00F0000EB800004EB800080F82360E0
:105CF000C661D4F8D40204EB8000D0F8C01299B188
:105D0000D0F8C40240688047D4F8D40204EB800085
:105D1000D0F8C00200F0BAFFD4F8D40204EB80003F
:105D2000C0F8C062C4F8BC62002070BD6C020020E4
:105D300010B5D0F8D41200EB8100D0F8C04284B185
:105D4000D0F8C41259B194F80002FF2807D08B682C
:105D500094F8012221469847FF2084F80002002091
:105D600010BD032010BD00000A21018000487047CB
:105D70007002002070B5064682210C4800F001FB3D
:105D800005460121094800F0FCFA04468121074834
:105D900000F0F7FA0DB11021A971402104B1A180E2
:105DA00000B1818043203080004870BD7C0200201B
:105DB00070B5064682210D4800F0E3FA0546012140
:105DC0000A4800F0DEFA04468121084800F0D9FABA
:105DD0000DB11021A9714FF4007104B1A18000B17F
:105DE000818043203080014870BD00007C0200208B
:105DF00070B5064682210C4800F0C3FA0546012121
:105E0000094800F0BEFA04468121074800F0B9FABB
:105E10000DB11021A971402104B1A18000B1818090
:105E200043203080004870BD7C0200202DE9F047FF
:105E300004464FF40775284600F02AFF06004FF08D
:105E4000000865D02946FAF77DFBD4F8D4023E4D10
:105E500004EB80004FF01009C0F8C062C4F8BC62C7
:105E6000207C4FF4007A0127E8B3402302222978EE
:105E7000204600F02EFC2878402300F00F0000EBB5
:105E8000800004EB800080F82370022269782046AD
:105E900000F01FFC6878082300F00F0000EB800082
:105EA00004EB8000032280F86371A978204601F09A
:105EB0000F0101EB810104EB8101C1F81C90A9786D
:105EC00000F007FCA87800F00F0000EB800004EB66
:105ED000800080F82370C6F80482D4F8D4024746C4
:105EE00004EB800000E01BE0D0F8C40206F5017668
:105EF000006880473761776132687AB1207C00B3EF
:105F000040236978204600F0F0FB0020BDE8F087D0
:105F1000D4F8D41204EB8101C1F8C0820220F5E765
:105F2000534602222978204600F0D3FB28785346B6
:105F300000F00F0000EB800004EB800080F823707D
:105F4000A3E75346DDE700006C02002010B5D0F84F
:105F5000D41200EB8101D1F8C01259B1027C084C77
:105F6000002AD1F8042207D04023617800F0BDFB5D
:105F7000002010BD032010BD4FF40073F5E70000B2
:105F80006C02002039B1D0F8D42200EB8200C0F8B6
:105F9000C4120020704703207047D0F8D42200EBD1
:105FA0008200D0F8C00218B1C0F804120020704777
:105FB00003207047D0F8D43200EB8300D0F8C00241
:105FC00028B1C0F81022C0F8081200207047032042
:105FD00070472DE9FC410646D0F8D4020C4606EB8A
:105FE00080000021D0F8C0728DF80010ADF80410C8
:105FF0000D4637B1217811F060022FD0202A4BD105
:1060000002E00320BDE8FC81E288F2B109060DD56B
:10601000D0F8C40263783946D0F808C01846E04783
:10602000E288072A00D9072239462DE0607887F8F0
:106030000002E088402800D34020C2B287F8012245
:106040003946304600F081F82BE0D0F8C40263787E
:106050000022866821461846B04722E0607830B1B9
:1060600001281ED00A2809D00B2815D110E096F877
:106070009C02032810D1022201A905E096F89C0297
:10608000032809D101226946304600F07AF808E079
:1060900096F89C02032804D02146304600F04AF8C6
:1060A00003252846AEE7000010B5D0F8D41200EB67
:1060B0008101D1F8C02201211AB1D2F8143213B1F2
:1060C00016E0032010BD0121C2F814120949D2F8CC
:1060D0001032097801F00F0404EB840400EB84040F
:1060E0006361D2F81032D2F8082200F0A8FB002138
:1060F000084610BD6C02002010B5D0F8B82200246C
:106100005268904700B10324204610BD002070471C
:1061100000207047134610B50A46002100F0E5FA4A
:10612000002010BD134610B50A46002100F087FB81
:10613000002010BD10B50446802100F061FB204610
:10614000BDE81040002100F05BBB10B50323C0F890
:106150009432C0F85421C0F858211346C0F8641195
:106160000A46002100F0C1FA002010BD10B505213B
:10617000C0F8941200231A46194600F0B6FA00201F
:1061800010BD10B50223C0F89432426182611346FB
:1061900041620A46002100F052FB002010BD10B5FC
:1061A0000421C0F8941200231A46194600F047FB58
:1061B000002010BD10B50A46024903A000F00FF9F7
:1061C000004810BD900A002043444320436F6E6690
:1061D0006967000012200880004870475C000020BA
:1061E00010B50A46024903A000F0F9F8004810BDB6
:1061F000900A002043444320496E746572666163CF
:106200006500000004200880004870475800002006
:1062100010B50A46024903A000F0E1F8004810BD9D
:10622000900A002053544D6963726F656C65637406
:10623000726F6E696373000010B50A46024903A0CD
:1062400000F0CDF8004810BD900A002053544D33A3
:1062500032205669727475616C20436F6D506F7295
:106260007400000010B51A2008800A480168001D5B
:106270000468001D0068081809D008220649FDF7C7
:1062800049FE0549042210312046FDF743FE02482D
:10629000801E10BD107AFF1F72000020F8B5044662
:1062A0000020ADF8000048880D46010A08295FD299
:1062B000DFE801F05E0409175E5E3C45D4F8B412D5
:1062C000207C0A6819E0207C02260028D4F8B80255
:1062D00005D0C16A684688470146467039E0816A40
:1062E000F8E7C0B2062843D2DFE800F0030A101432
:1062F000181CD4F8B402426805E0694690471CE0D7
:10630000D4F8B402826892B3207CF6E7D4F8B402E1
:10631000C268F8E7D4F8B4020269F4E7D4F8B4022A
:106320004269F0E7D4F8B4028269ECE7207CF0B966
:10633000D4F8B802416B68468847014609E0207CE2
:10634000A8B9D4F8B802016B68468847014607200F
:106350004870EA888AB1BDF8000040B1824200D995
:106360000246ADF800202046FFF70BFFF8BDFFE71F
:1063700029462046FFF7DEFEF8E72046FFF70FFF2D
:10638000F4E778B50E4642880178002504468A4233
:1063900012D9ADF800100AE0694600F019F841780A
:1063A000052904D181780546B14205D000256188D0
:1063B000BDF800209142EFD8284678BD0146002064
:1063C00002E0401CC0B2491C0A78002AF9D170478B
:1063D0000A8803781A440A8001780844704770B527
:1063E00016460D46002820D00446FFF7E7FF02219D
:1063F00001EB40014FF40070814204D82046FFF7C2
:10640000DDFF4000801C30803078287003206870E9
:106410000220002206E02954401CC0B22A54401C2D
:10642000C0B2641C21780029F5D170BD01004FF085
:10643000000004D0012901D0022901D003207047B7
:106440000120704778B10023C0F8B832C0F8C432D8
:10645000C0F8D03209B1C0F8B412012180F89C1202
:10646000027000F0CFB80320704710B5D0F8C80212
:10647000FCF76AF8BDE81040FFF7D8BF10B5D0F8B8
:10648000C802FCF73CF8BDE81040FFF7CFBF70B57D
:106490000446002521B194F89C02032846D050E020
:1064A000D4F8941204F11400022939D18189426888
:1064B0008A420AD9511A41608289016911440161F5
:1064C00042682046FFF72EFE0FE0914214D100688B
:1064D000884211D3D4F8981288420DD20022114676
:1064E0002046FFF71FFEC4F8985200231A461946AB
:1064F000204600F0FAF813E094F89C02032808D133
:10650000D4F8B802C16821B1C4F8D452C168204699
:1065100088478021204600F073F92046FFF726FEC9
:1065200094F8A00268B184F8A0520AE0D4F8B80246
:10653000426932B1C4F8D4524269204690470028DB
:1065400000D1002070BD10B50446002221B194F89E
:106550009C02032834D03EE0D4F8941204F5AA70CB
:10656000032938D1818943688B420ED9591A416079
:10657000828901691144016142688089824200D8A0
:1065800002462046FFF7C6FD25E094F8AA0210F067
:106590001F0003D0012802D0022800D0002294F866
:1065A0009C02032808D1D4F8B802016921B1C4F8CB
:1065B000D4220169204688472046FFF7F0FD0AE013
:1065C000D4F8B802836933B1C4F8D4228269204672
:1065D0009047002800D1002010BD0020704710B562
:1065E0000024012180F89C12D0F8B82222B1526810
:1065F0000179904700B10324204610BDD0F8C802AD
:10660000FBF7CFBF10B5017839BB15490222C1F89D
:10661000E004C0F8C8124FF0A040086004200871E0
:10662000CA71002088714A728872C87208738873B0
:10663000C8730846FCF714FB08B1FAF777FD802110
:106640000748FBF70CFF402200210548FBF70BFF32
:10665000802201210248FBF706FF002010BD000048
:10666000B01E00200A0601F07F01D0F8C80201EB3D
:10667000C10100EB810001D5807D704790F8560282
:10668000704710B5D0F8D42200EB8202D2F8B822BD
:1066900022B190F89C32032B02D004E0032010BDFD
:1066A000126A02B19047002010BD10B5D0F8D42274
:1066B00000EB8202D2F8B82222B190F89C32032B70
:1066C00002D004E0032010BD526A02B190470020BE
:1066D00010BD10B51C461346D0F8C8022246FBF781
:1066E00069FFBDE81040FFF7A1BE10B5D0F8C802A1
:1066F000FBF791FFBDE81040FFF798BE2DE9F04190
:1067000000260125044680F89C52C4F89462666015
:10671000C4F8A46280F8A062D0F8B80230B1426830
:1067200022B100212046904700B1032600224023D9
:1067300011462046FFF7CDFF402784F86351A4F8A7
:1067400060713B46002280212046FFF7C2FF84F89B
:10675000235027843046BDE8F08190F89C1204292C
:1067600003D190F89D1280F89C120020704710B55C
:1067700090F89C12032905D1D0F8B81211B1C9695B
:1067800001B18847002010BD01740020704710B58A
:10679000D0F8C802FCF72AFBBDE81040FFF746BE60
:1067A00070B5044600F2AA20054600F051F8012019
:1067B000C4F89402B4F8B002C4F8980294F8AA029B
:1067C00010F01F010AD001290ED0022912D000F0CA
:1067D00080012046BDE8704000F012B829462046EE
:1067E000BDE8704000F0D0B829462046BDE87040B2
:1067F00000F013BA29462046BDE8704000F05AB9AF
:1068000010B5D0F8C802FBF722FFBDE81040FFF733
:106810000DBE10B5D0F8C802FCF702FBBDE8104071
:10682000FFF704BE90F89C12042903D090F89C1244
:1068300080F89D12042180F89C120020704710B54A
:10684000D0F8C802FBF73CFFBDE81040FFF7EEBDF3
:1068500070B5054611F8010B2870087868704C1C5B
:106860002046FEF779FE6880A41C2046FEF774FEE1
:10687000A880A01CFEF770FEE88070BD38B5044605
:106880000020ADF80000A1B1C4F8B812D4F8D402C9
:1068900004EB8000D0F8B802C16A19B16846884795
:1068A000C4F8D002D4F8D802401CC4F8D8020020A2
:1068B00038BD032038BD02460020D2F8B832002B84
:1068C00002D01B6810461847704700002DE9F041C0
:1068D00088462B4E8978002504463170012906D957
:1068E00041462046FFF726FC0320BDE8F08194F8DE
:1068F0009C02022702280CD003281DD041462046C6
:10690000FFF718FC31782046FFF7F6FB03252846F1
:10691000EBE789B320466160FFF7CDFF050004D0A7
:1069200041462046FFF706FC1DE02046FFF737FCF6
:10693000032084F89C02EAE7C1B1606888421BD05A
:10694000C1B22046FFF7D8FB317820466160FFF7DF
:10695000B2FF050010D041462046FFF7EBFB21793E
:106960002046FFF7C9FB84F89C72D0E784F89C723C
:1069700020466160FFF7C0FB2046FFF710FCC6E72A
:106980006A020020FFF745BF2DE9F0410A78002593
:1069900012F060020CD0202A01D0402A7DD1D0F81C
:1069A000D42200EB8202D2F8B8229268904731E0FC
:1069B0004B78002201260A2B6FD2DFE803F04166F4
:1069C0006E586E08056E2D29FFF768FC67E00446D7
:1069D0008888D8B9C888C8B94888802816D200F0F5
:1069E0007F0794F89C02032810D084F89E723946E1
:1069F0002046FFF7CCFE2046FFF7D1FB1FB1022057
:106A000084F89C024BE084F89C6248E0204644E015
:106A1000FFF75CFF054642E0CB88012B3DD190F8A3
:106A20009C32012B04D0022B02D0032B35D104E081
:106A30008260012200F1080116E00122011D13E02D
:106A400090F89C22012A03D0022A01D0032A24D1E3
:106A5000CA88022A21D1C660D0F8A41209B1032144
:106A6000C160022200F10C01FFF78BFB17E04A889E
:106A7000012A02D0022A03D00FE0C0F8A46216E077
:106A80008988090A80F8A01211E090F89C32012B45
:106A900008D0022B06D0032B04D0FFF74BFB28466F
:106AA000BDE8F08149880129F9D1C0F8A422FFF797
:106AB00076FBF4E72DE9F041054608780C790E469F
:106AC0004FF0000810F060000BD0202801D04028C3
:106AD0006BD121462846FFF719FBFF2800D0D8B319
:106AE00098E07078C8B3012824D003285DD195F8C8
:106AF0009C02022802D0032857D10CE0002C54D06D
:106B0000802C52D021462846FFF77AFE8021284665
:106B1000FFF776FE7EE0708840B93CB1802C05D04E
:106B2000C88818B921462846FFF76AFE2846FFF7AD
:106B300036FB6FE095F89C020228DFD0032866D16F
:106B4000708888BB600603D021462846FFF78DFC7D
:106B50002846FFF724FBBCE700E00AE0C5F8D402B2
:106B6000D5F8B8028268FAB1314628469047804687
:106B700050E095F89C020027022802D0032846D155
:106B800014E00CB1802C42D1200604F07F0000EB11
:106B9000800005EB800101D5143101E001F5AA71F7
:106BA000022201F80E7F2EE034E030E0200604F0EF
:106BB0000F0000EB800005EB80000AD590F8230061
:106BC00028B304F07F0000EB800005EB800614364C
:106BD0000AE090F86301D0B104F07F0000EB800080
:106BE00005EB800606F5AA764CB1802C07D021462D
:106BF0002846FFF737FD10B10120B07300E0B773EE
:106C0000022206F10E012846FFF7BBFA02E02846F1
:106C1000FFF790FA4046BDE8F08170B50546087868
:106C200000240E4610F0600003D0202801D0402838
:106C300027D195F89C02012803D0022801D003280F
:106C40001FD1B088C1B201291AD8C1B22846FFF7B6
:106C50005FFAFF280CD058B9D5F8B8128A683AB153
:106C6000C5F8D4028A68314628469047044600E0B9
:106C70000324F088204307D12846FFF790FA03E069
:106C800031462846FFF756FA204670BD704700008F
:106C900000487047901C002070B50A78012302F06C
:106CA0000F054E78AB401B4CD0F81C58012E17D066
:106CB00045EA0343C0F81C3800EB4210D0F8002B23
:106CC00012040BD4D0F8002B0B890979C3F30A0303
:106CD0001A4344EA81410A43C0F8002B002070BDEA
:106CE0009BB21D43C0F81C5800EB4210D0F800398D
:106CF0001B04F3D4D0F800390D890979C5F30A05CE
:106D000089042B4341EA82510B432343C0F80039E5
:106D1000E4E7000000800010D0F800196FF30A01CA
:106D2000C0F80019D0F8041841F48071C0F80418B4
:106D30000020704770B50D460446C2F30721049841
:106D40001E4601291BD0E06840F04000E06020466C
:106D500000F032F8C6F307210029A16B26D021F4F8
:106D60008031A163C5F30741012907D1A16841F032
:106D70000601A160A16841F02001A16070BDA16B76
:106D800021F48031A163E1680A4A1140E160E168C1
:106D900021F44011E160C0B2012803D1E06840F461
:106DA0008010E060204600F007F8DBE741F4803116
:106DB000D7E70000BFFFBDFF08B5002100914FF0ED
:106DC0007061009A521C00928A4210D80269002A0F
:106DD000F7DA0A220092521E0092FCD1026942F0B8
:106DE00001020261009A521C00928A4201D90320DA
:106DF00008BD0269D207F5D1002008BD30B54C7836
:106E00000A78012300EB4212012C2CD0D2F8004B5F
:106E1000002C0BDAD2F8004B44F00064C2F8004BAF
:106E2000D2F8004B44F08044C2F8004BD0F83C58F4
:106E30000C7804F00F0403FA04F425EA0444C0F8C3
:106E40003C48D0F81C48097801F00F018B4024EA37
:106E50000341C0F81C18D2F8000B19490840C2F8C9
:106E6000000B002030BDD2F80049002C0BDAD2F81C
:106E7000004944F00064C2F80049D2F8004944F0E7
:106E80008044C2F80049D0F83C480D7805F00F0561
:106E900003FA05F5ADB2AC43C0F83C48D0F81C4845
:106EA000097801F00F018B4099B28C43C0F81C485F
:106EB000D2F8000903490840C2F80009D1E70000F0
:106EC0000078F3EF007833ECD0F8001E21F00301D6
:106ED000C0F8001ED0F8041821F00201C0F8041810
:106EE00000207047D0F8001E21F00301C0F8001EFA
:106EF000D0F8041841F00201C0F8041800207047CF
:106F00002DE9F04F00250E4604461746284629462F
:106F100004EB8002C2F80411401C0F28F8D3C3F31D
:106F200007405FEA0009204616D0806B20F400126B
:106F3000A263A06B40F40022A26308468846214663
:106F4000C4F8000EC7F30720012817D00846D1F86F
:106F5000001841F0030118E0D0F8040840F00202E4
:106F6000C4F80428A06B40F40012A263A06B20F4C4
:106F70000022A263A06B20F48022DDE7300E0846D9
:106F8000D1F8001801D041F00101C0F8001810211B
:106F900000F08BFA00B10125204600F06AFA00B13A
:106FA00001254046C4F81088C4F81488C4F81C8829
:106FB00000214FF0006B4FF0904E4FF67F3AF2B247
:106FC00015E000BF04EB4113D3F800C9BCF1000F7A
:106FD00006DA11B1C3F800E904E0C4F800B901E031
:106FE000C3F80009C3F81009C3F808A9491C8A426C
:106FF000E8D8002115E000BF04EB4113D3F800CB23
:10700000BCF1000F06DA11B1C3F800EB04E0C4F8DC
:1070100000BB01E0C3F8000BC3F8100BC3F808ABCA
:10702000491C8A42E8D8D4F8101821F48072C4F8B8
:107030001028A0616FF080406061C6F3074018B966
:10704000A06940F01000A061A0690A490843A0614E
:10705000C7F3074018B1A06940F00800A061B9F17A
:10706000010F03D1A06904490843A0612846BDE887
:10707000F08F000000383C8004000040816821F05F
:10708000010181600020704710B5036C134CA342CE
:1070900003D9D0F8003B002B1EDB0023C0F8103BC7
:1070A000D0F8103B43F40023C0F8103BD0F8103B5D
:1070B00043F01803C0F8103BD0F8103B43F0C04336
:1070C000C0F8103B012907D1C0F8142BD0F8001BE1
:1070D00041F08021C0F8001B002010BD0A30544F41
:1070E0004A780B78012A00EB43100BD0D0F8002B24
:1070F00022F40012C0F8002B0979032914D00229C8
:1071000012D017E0D0F8002922F40012C0F80029AC
:107110000979032901D002290CD1D0F8001941F0D6
:107120008051C0F8001905E0D0F8001B41F08051F3
:10713000C0F8001B002070470A784B78D1B200EBF2
:107140004110012B12D0D0F8001B002906DB2AB118
:10715000D0F8001B21F08041C0F8001BD0F8001BC4
:1071600041F40011C0F8001B00207047D0F800194E
:10717000002906DB2AB1D0F8001921F08041C0F8BF
:107180000019D0F8001941F40011C0F80019EBE71C
:10719000F8B50C784F788B4DE3B26FF0604600EB9A
:1071A0004313012F29D0D3F8107B6FF31207C3F8D4
:1071B000107BD3F8107B2F40C3F8107B002C7DD0C0
:1071C0000D69002D7BD08C6825446D1EB5FBF4F550
:1071D000ADB26C430C62D3F8104B06EAC5452C43A4
:1071E000C3F8104BD3F8104B0D6AC5F312052C43AE
:1071F000C3F8104B012A70D0CBE00F69EFB1D3F880
:1072000010796FF31207C3F81079D3F810792F4073
:10721000C3F810790CB30F698D682F447F1EB7FB3C
:10722000F5F5D3F81079ADB206EAC5463743C3F891
:1072300010790E79012E1CD02AE0D3F810692E4067
:10724000C3F81069D3F8105945F40025C3F8105954
:10725000D3F810596FF3120520E00E698D68AE4225
:1072600000D90D61D0F8105945F40026C0F8106916
:107270000EE0D3F8106926F0C046C3F81069D3F8C1
:1072800010694FF0C04707EA45752E43C3F81069EF
:10729000D3F810590E69C6F312063543C3F81059D6
:1072A000012A1BD000EB4413D3F8004944F00444F6
:1072B000C3F800490C79012C31D001E044E057E0DB
:1072C0000A695AB3D0F83428097801F00F03012174
:1072D00099400A43C0F8342871E056E0CA691AB1EF
:1072E00000EB4413C3F81429097901290ED1D0F811
:1072F0000818C90500EB4411D1F8002902D442F066
:10730000005201E042F08052C1F8002900EB441025
:10731000D0F8001941F00441C0F800194FE0D0F84E
:107320000848E405D3F8004902D444F0005401E0D1
:1073300044F08054C3F8004900920A8A93B20A7854
:10734000C96800F0DFF93AE00C690CB18C680C6197
:107350008C680C62D0F8105BC4F312042543C0F8AB
:10736000105BD0F8104B44F40024C0F8104B41E7F8
:10737000D3F8104B8D68C5F312052C43C3F8104B9E
:10738000D3F8104B44F4002432E7CA680AB1C3F8BA
:10739000142B097901290CD1D0F80808C005D3F8BD
:1073A000000B02D440F0005001E040F08050C3F8E0
:1073B000000BD3F8000B40F00440C3F8000B002092
:1073C000F8BD0000FFFF07E038B500220092134629
:1073D0004D780A7842F2107400EB4212012D19D058
:1073E000D2F8005B002D3CDAD2F8005B45F0006576
:1073F000C2F8005B0A7800EB4212D2F8005B45F05D
:107400008045C2F8005B009A521C0092A24221D92A
:10741000012326E0D2F80059002D22DAD2F80059D3
:1074200045F00065C2F800590A7800EB4212D2F824
:10743000005945F08045C2F80059009A521C00924C
:10744000A242E5D80A7800EB4212D2F80029002ABD
:10745000F3DB06E00A7800EB4212D2F8002B002A98
:10746000D1DB184638BD816841F001018160002000
:10747000704708B500214FF070620091009B5B1CC3
:10748000009393420AD80369002BF7DA0091102188
:1074900001610099491C0091914201D9032008BD66
:1074A0000169C906F5D4002008BD18B500224FF0C7
:1074B00070630092009C641C00949C420CD8046988
:1074C000002CF7DA0092202242EA81110161009932
:1074D000491C0091994201D9032018BD0169890610
:1074E000F5D4002018BDD0F8080810F0060004D02C
:1074F000022803D0062801D00F20704702207047D1
:10750000406900F001007047D0F81818D0F81C0846
:10751000084080B27047D0F81818D0F81C0808400E
:10752000000C704710B5D0F81038D0F8342801F0AE
:107530000F0400EB4110E24002F00102D0F808090C
:1075400043EAC212104010BD00EB4111D1F8081BF4
:10755000D0F81408084070474169806908407047B6
:1075600030B503460846940802F00301002203F5F3
:10757000805303E01D6840F8045B521CA242F9D31B
:1075800000290BD01C680022D50024FA05F3491EFF
:10759000521C090400F8013B090CF5D130BD70B54F
:1075A0000446C068002520F0C040E060012901D0F9
:1075B00079B120E0E06840F00050E0600A20FAF77E
:1075C00079FD60690A3510F0010F10D1C82DF5D38F
:1075D0000DE0E06840F08040E0600A20FAF76AFDC4
:1075E00060690A3510F0010F01D0C82DF5D3C82D00
:1075F00001D0002070BD012070BDD0F8002822F419
:10760000FE62C0F80028D0F800284FF4FE6303EAB9
:1076100001110A43C0F8002800207047022A3ED119
:10762000264A274B0A449A4201D20F2138E0254AC4
:10763000254B0A449A4201D20E2131E0234A244BC1
:107640000A449A4201D20D212AE0224A224B0A44DE
:107650009A4201D20C2123E0204A214B0A449A424B
:1076600001D20B211CE01F4A1F4B0A449A4201D24F
:107670000A2115E01D4A1E4B0A449A420FD31D4AA7
:107680001D4B0A449A4201D2082109E01B4A1144C9
:107690001B4A914201D2072102E0062100E00921A4
:1076A000C26822F47052C260C2684FF4705303EA99
:1076B00081210A43C260002070470000405327FF29
:1076C00000350C00401E1BFF40420F0000DC0BFF8A
:1076D000804F1200808CF9FE20D6130060B6E5FEC4
:1076E00060E3160000D3CEFE40771B00C05BB3FE04
:1076F000C091210000CA91FE20753800E05459FE67
:10770000E09C410010B5029C74B9DB1C9C0800EBA6
:107710000230002300F5805004E000BF51F8042B34
:1077200002605B1CA342F9D3002010BD70B5044673
:107730000078422817D16078522814D1A0781D4DC6
:1077400018B1CD2810D0FF280DD11B4890ED010AAB
:107750001A4885ED020AB0F90E0000EE100AB8EEE4
:10776000C00A85ED010A70BDE1782046491D00F090
:1077700080F80028F7D060689FED111A00EE100A1B
:10778000DFED100A04F10800064640EE010AC5EDDF
:10779000020AFDF73DFC85ED010AA07A012800D020
:1077A000002028706068E8603046FDF731FC85ED08
:1077B000040A70BD180100200C620020E461002062
:1077C0009AF9A24452B89E3F00B52449244B89B08F
:1077D0000A69B3EE0B0A9A4201DB00EE102A214A35
:1077E0009FED211AD2ED010ACA89ADF81C20422270
:1077F0008DF80020522270EEC10A8DF801208DF81C
:107800000200CD281FD1194A5088431C5380C82834
:1078100001D3002050800F208DF803008DED010A68
:10782000CDED020ABDF81C00ADF80C005088ADF893
:107830000E00C87E8DF810008888ADF81100142164
:107840006846F8F7BBFF19216846F9F7E5F81C21EF
:107850006846F8F777FE09B000BD0000E46100203B
:107860000000A0400C62002052B89E3F180100208A
:10787000FEE770B50C4605000CD0022C0AD9FF2299
:10788000611EF9F713FE291911F8011C814201D17B
:10789000012070BD002070BD0907090E002804DB1F
:1078A00000F1E02080F80014704700F00F0000F1B4
:1078B000E02080F8141D7047D0ED000AF4EEC00AF5
:1078C000F1EE10FA01DD80ED000AD0ED000AB1EE14
:1078D000400AF4EEC00AF1EE10FA01D280ED000A7F
:1078E0007047012131EE601A814070EE600A491E36
:1078F00000EE101AB8EEC00A20EE800AC0EE010AAF
:10790000BDEEE00A10EE100A7047012131EE601A58
:10791000814070EE600A491E00EE101AB8EEC00AEF
:1079200020EE800AC0EE010ABDEEE00A10EE100A59
:1079300070470000DFED052AC0ED002AC0ED012AE6
:10794000C0ED022A0C3080EC050A704700000000F0
:10795000FAF7C8FCFDF77EFEFDF716F8FCF758FFB6
:10796000FCF70EFFFCF730FFFDF73CF8FDF796F84B
:10797000FDF778F8FCF77AFF00F00EF8FEE7014615
:107980000020842900D0C81C704710B500B9012020
:1079900000F010FC002010BD10B500F0F3FC00203A
:1079A00010BD7FB50D4604464169B0F9080081B1AC
:1079B000A16971B1FFF7E3FFD4E905128DE8070073
:1079C000D4E900102B46226901F03BF8039004B083
:1079D00070BDFFF7D4FF03A9CDE90001208A2B4633
:1079E00082B2D4E9001000F0FFFF012801D000208E
:1079F000EDE70398EBE700002DE9F041184C0F4646
:107A00000546E6682068001D00F0E2FA38B92068F3
:107A100090F82C1001208840216981432161681C65
:107A200007D137B12168BDE8F0410E48091D00F0CB
:107A300013BB20683544B5424560216805D2A06B70
:107A4000BDE8F041091D00F0EFBA606B091D00F0C0
:107A5000EBFAA06A854200D2A562BDE8F081000081
:107A6000B0000020702400202DE9F041054600F010
:107A7000FFFA2E4CA068401CA06020682C4F10B16B
:107A8000606940B32DE02560A068012829D1002657
:107A900006EB860007EB800000F0B8FA761C072E94
:107AA000F6D323488C3000F0B1FA2148A03000F022
:107AB000ADFA1F48B43000F0A9FA1D48C83000F0F4
:107AC000A5FA1B48DC3000F0A1FA19488C3060633D
:107AD0001430A06305E02068E96AC06A884200D8D3
:107AE0002560606A401C6062E96A01202269884062
:107AF0001043206101EB810007EB8000291D00F09D
:107B0000ABFA00F0D5FA606900280CD02068E96A69
:107B1000C06A884207D207494FF080500860BFF31F
:107B20004F8FBFF36F8FBDE8F0810000B0000020E1
:107B30009423002004ED00E030B4026C0B46002AD0
:107B40000BD0C1681144C1608468A14201D30168AF
:107B5000C16030BC1846F8F77EBC30BC70472DE9D8
:107B6000F041856B174604460026026C82B1C7B10E
:107B7000E068F8F770FCE168206C091AE16022689F
:107B8000914202D2A168081AE060022F16D017E0D5
:107B90002068A8B9A06800F0F9FF06460020A060A0
:107BA0000EE06068F8F757FC216C6068084460607C
:107BB000A168884204D32068606001E005B16D1EB1
:107BC0006D1CA5633046BDE8F08110B5044690F801
:107BD000510058B101280CD002280FD0502080F35A
:107BE0001188BFF34F8FBFF36F8FFEE7206B00F05C
:107BF00073FA2046BDE8104000F06EBA10BD0000D8
:107C000010484FF47051420706D0C01D0D4920F0B6
:107C10000700411AC1F570510B4A00230144C2E923
:107C200000030839183A21F0070111604B600B601E
:107C30000B1AC0E9001393604FF00040536050618D
:107C4000704700008424002004010020144E154CCD
:107C5000A6F1C8074FF08058DFF84C9012E000BF43
:107C600000F006FAF068C568281D00F0B1F9A068B8
:107C7000401EA0606068401E606000F019FA28464F
:107C8000FFF7A3FF60680028EAD138680128F9D916
:107C9000C9F80080BFF34F8FBFF36F8FF2E700008A
:107CA0005C240020B000002004ED00E003460098B2
:107CB00029B10260C0E90F31012100F06BBC006006
:107CC000F8E72DE9F0479A46DDE9098481466FF02F
:107CD0000303206B03EB82021044089E20F0070789
:107CE000780707D0502080F31188BFF34F8FBFF380
:107CF0006F8FFEE7002561B1002023180A5C83F82E
:107D000034200A5C12B1401C1028F6D384F843508A
:107D100001E084F83450072E00D30626E662C4E959
:107D20001165201D00F07DF904F1180000F079F9CB
:107D30002461C6F107006462A061E56484F85050D4
:107D400052464946384600F005F92060B8F1000F68
:107D500001D0C8F80040BDE8F087000030B51149F7
:107D600000E011460A688242FBD34B685C188442EB
:107D700003D1406818444860084643681C18944280
:107D800009D1084C183C2468A24209D052681A4410
:107D900042600A6812680260814200D0086030BD0B
:107DA0000460F9E70401002010B5044600F060F912
:107DB000A06B28B15FF0000400F07AF9204610BDF6
:107DC0000124F9E70648416B096829B1416BC9688C
:107DD000C9684968816270474FF0FF31FAE70000D7
:107DE000B000002008484068401C4FF0500080F36D
:107DF000118804D0BFF34F8FBFF36F8FFEE7BFF33F
:107E00004F8FBFF36F8FFEE70C0100202DE9F0418B
:107E1000044600F02DF994F9455004F1240609E0D8
:107E2000606A48B1304600F0FDFE08B100F08CFAFF
:107E30006D1E6DB2002DF3DC4FF0FF3684F8456007
:107E400000F036F900F014F994F9445004F11007E9
:107E500009E0206948B1384600F0E4FE08B100F0BE
:107E600073FA6D1E6DB2002DF3DC84F84460BDE83A
:107E7000F04100F01DB900002DE9F0410546002752
:107E800000F0B6FA324E306808B9FFF7B9FE7069F3
:107E900005424ED1C5B3083568070ED005F007007E
:107EA000C0F108000544680707D0502080F311880E
:107EB000BFF34F8FBFF36F8FFEE72DB3706885421E
:107EC00037D82348183001460C6801E020460C469C
:107ED0006168A94202D221680029F7D131688C4239
:107EE00027D007682168016060680837411B1029A6
:107EF0000FD96019420708D0502080F31188BFF3D2
:107F00004F8FBFF36F8FFEE713E041606560FFF7AF
:107F100025FF61687068401A7060B268904200D2B4
:107F2000B060706901430020C4E90001F068401CA2
:107F3000F06000F0B1FE780707D0502080F3118880
:107F4000BFF34F8FBFF36F8FFEE73846BDE8F08178
:107F5000EC00002010B5031F4FF080741C601B1F45
:107F600021F001011960191F044B0B6014390A60DC
:107F7000091F6FF0020244380A6010BDE57D000859
:107F800001EE100A70EEC00A0120B8EEC11A884056
:107F9000401E21EE201A00EE900AF8EEE01AC1EE23
:107FA000210A30EE800A704701EE100A70EEC00A16
:107FB0000120B8EEC11A8840401E21EE201A00EEC2
:107FC000900AF8EEE01AC1EE210A30EE800A7047FE
:107FD000D0E9013201699A60D0E901235A604A6808
:107FE000824201D182684A60002202610868401E14
:107FF0000860086870470000034B036003F15400F9
:108000000860802010607047F802002000F108012D
:108010004FF0FF32C0E90112C1600161002101602F
:10802000704700210161704730B50B685A1C02D0BF
:1080300000F1080202E0026904E022465468256863
:108040009D42FAD953684B6099608A60516008611B
:108050000168491C016030BD42684A6093688B60CA
:1080600093685960916008610168491C016070471C
:10807000502080F31188BFF34F8FBFF36F8F0A49F1
:108080004868401C486001280CD10848006810F07E
:10809000FF0F07D0502080F31188BFF34F8FBFF33D
:1080A0006F8FFEE7704700000C01002004ED00E038
:1080B0000849486828B1401E486001D180F3118802
:1080C0007047502080F31188BFF34F8FBFF36F8F3D
:1080D000FEE700000C01002070B500282AD0164DE4
:1080E000A0F1080460686969084207D1502080F354
:1080F0001188BFF34F8FBFF36F8FFEE722683AB14D
:10810000502080F31188BFF34F8FBFF36F8FFEE7CE
:108110008843606000F06CF96068696808446860D2
:108120002046FFF71BFE2869401C2861BDE870400F
:1081300000F0B2BD70BD0000EC0000204FF0E02068
:1081400000210161816105494FF47A720968B1FB30
:10815000F2F1491E4161072101617047AC00002026
:1081600010B5F8F7DDF8114910280ED300F1E02022
:1081700090F8F0030A78904207D2502080F31188DB
:10818000BFF34F8FBFF36F8FFEE709480068896820
:1081900000F4E060884207D9502080F31188BFF3D3
:1081A0004F8FBFF36F8FFEE710BD00000C01002062
:1081B0000CED00E010B5020014D00F48006B38B190
:1081C000502080F31188BFF34F8FBFF36F8FFEE70E
:1081D00000F00EF900211046FFF70EFC00F05CFDE8
:1081E000002807D105494FF080500860BFF34F8F3A
:1081F000BFF36F8F10BD0000B000002004ED00E061
:1082000070B50D4604000BD095B11E4A106BB8B185
:10821000502080F31188BFF34F8FBFF36F8FFEE7BD
:10822000502080F31188BFF34F8FBFF36F8FFEE7AD
:10823000502080F31188BFF34F8FBFF36F8FFEE79D
:1082400000F0D6F8D26823685919934204D98B42BA
:108250000AD9914202D807E08B42FAD9881A2160E4
:108260000021FFF7C9FB00E0216000F015FD0028A8
:1082700007D105494FF080500860BFF34F8FBFF31F
:108280006F8F70BDB000002004ED00E070B50546B2
:10829000FFF7EEFE254C05B92568281DFFF798FE6F
:1082A00058B9E86A224A00EB800152F8211021B93E
:1082B00001218140206988432061A86A18B105F135
:1082C0001800FFF785FE606A401C606220688542E6
:1082D00008D11748291DC830FFF7BEFE6068401C52
:1082E000606007E0A068401EA0602846FFF76DFCB4
:1082F000FFF768FDFFF7DCFE6069002814D02068F6
:10830000854211D1206B38B1502080F31188BFF322
:108310004F8FBFF36F8FFEE706494FF08050086024
:10832000BFF34F8FBFF36F8F70BD0000B000002010
:108330009423002004ED00E002490A6A0260C96843
:1083400041607047B000002001490120C8617047BA
:10835000B000002010B50C4650B109490968183129
:10836000FFF762FE2046BDE810400121FFF744BB45
:10837000502080F31188BFF34F8FBFF36F8FFEE75C
:10838000B000002010B586B00024039405AA04A90B
:1083900003A80494FFF730FEDDE903010094CDE962
:1083A000011000230EA11048059A00F04AFB0F4966
:1083B0000028C86211D0502080F31188BFF34F8F7E
:1083C000BFF36F8F4FF0FF30886201204861CC60AF
:1083D00006B0BDE8104000F041B806B010BD000086
:1083E00049444C45000000004D7C0008B0000020CE
:1083F0000248016B491C016370470000B000002077
:108400001448016B11B10121C16170470021C161A4
:108410000169B1FA81F1C1F11F0101EB81020E493D
:1084200051F822306BB101EB820101F108034A6877
:1084300052684A609A4201D152684A60D16801602C
:108440007047502080F31188BFF34F8FBFF36F8FB9
:10845000FEE70000B0000020942300201CB5374840
:108460000168374A914207D1502080F31188BFF349
:108470004F8FBFF36F8FFEE700683149491E884276
:1084800007D1502080F31188BFF34F8FBFF36F8F58
:10849000FEE72C4908780190FF20087008788DF8D5
:1084A00000009DF800009DF8002000F0F0009042D0
:1084B00007D0502080F31188BFF34F8FBFF36F8F29
:1084C000FEE79DF80000204C00F0500020700720CF
:1084D000A06005E09DF8002052008DF80020401EAD
:1084E0009DF800201206F5D4A060032807D0502084
:1084F00080F31188BFF34F8FBFF36F8FFEE74FF408
:108500004070A060019808700C482030016841F468
:1085100070010160016841F070410160FFF70EFEDB
:1085200000206060F7F7C4FE0848016841F0404150
:108530000160F7F7A9FE00201CBD000000ED00E07F
:1085400071C20F4100E400E00C01002034EF00E0B4
:10855000F8B517460E46050013D005FB06F0483067
:10856000FFF78AFC04000AD0002084F8460004F1DA
:1085700048023B46314628460094FFF797FB2046C9
:10858000F8BD502080F31188BFF34F8FBFF36F8F7A
:10859000FEE7000070B50D46040025D0FFF768FD2A
:1085A000D4E90F20216802FB0011A1600021A16322
:1085B000216861600A46D4E90F01401E00FB0121D9
:1085C000E16021464FF0FF3001F8440F487004F19C
:1085D00010008DB1FFF71AFD04F12400FFF716FD1E
:1085E000FFF766FD012070BD502080F31188BFF3B6
:1085F0004F8FBFF36F8FFEE721690029F0D000F0A5
:1086000011FB0028ECD004494FF080500860BFF304
:108610004F8FBFF36F8FE3E704ED00E02DE9FF47D5
:1086200082B01D468A464FF00008040003D0BAF11C
:10863000000F08D011E0502080F31188BFF34F8F56
:10864000BFF36F8FFEE7206C38B1502080F31188A4
:10865000BFF34F8FBFF36F8FFEE7022D0AD1E06BA0
:10866000012807D0502080F31188BFF34F8FBFF34C
:108670006F8FFEE700F010FA3F4F4FF000094FF008
:10868000805648B9049838B1502080F31188BFF360
:108690004F8FBFF36F8FFEE7FFF7EAFCA06BE16B34
:1086A000884207D3022D05D00498D0B1B8F1000F4D
:1086B0001AD01EE02A4651462046FFF750FA616A5A
:1086C00019B104F1240000F0ADFA20B13E60BFF30F
:1086D0004F8FBFF36F8FFFF7EBFC012006B0BDE8B3
:1086E000F087FFF7E5FC22E06846FFF725FE4FF034
:1086F0000108FFF7DDFCFFF77BFEFFF7B9FC94F9FB
:108700004400401C01D184F8449094F94500401C79
:1087100001D184F84590FFF7CBFC04A9684600F02E
:1087200029F930B12046FFF771FB00F0B5FA0020BF
:10873000D4E7FFF79DFCA06BE16B884213D1FFF7F4
:10874000B7FC04F110000499FFF704FE2046FFF780
:108750005DFB00F0A1FA00289ED13E60BFF34F8F71
:10876000BFF36F8F98E7FFF7A3FC2046FFF74EFBA0
:1087700000F092FA90E7000004ED00E02DE9F047E8
:108780001F4690468946040003D0B9F1000F08D077
:1087900011E0502080F31188BFF34F8FBFF36F8F2C
:1087A000FEE7206C38B1502080F31188BFF34F8F63
:1087B000BFF36F8FFEE7022F0AD1E06B012807D0CD
:1087C000502080F31188BFF34F8FBFF36F8FFEE708
:1087D000FFF7C6FC5020EFF3118680F31188BFF33A
:1087E0004F8FBFF36F8FA06BE16B884206D3022FD0
:1087F00004D0002086F31188BDE8F08794F9455035
:10880000A06B3A4649462046FFF7A9F9681C04D0F8
:108810006D1C84F845500120ECE7606A0028FAD00E
:1088200004F1240000F0FEF90028F4D0B8F1000FA4
:10883000F1D00121C8F80010EDE700002DE9F7475D
:10884000002683B08A46040003D0BAF1000F08D096
:1088500011E0502080F31188BFF34F8FBFF36F8F6B
:10886000FEE7206C38B1502080F31188BFF34F8FA2
:10887000BFF36F8FFEE700F00FF9DFF8F4804FF0E1
:1088800000094FF0805748B9059838B1502080F35F
:108890001188BFF34F8FBFF36F8FFEE7FFF7E8FB41
:1088A000A56BC5B151462046FFF746F96D1EA5637D
:1088B000206950B104F1100000F0B4F928B1C8F8F3
:1088C0000070BFF34F8FBFF36F8FFFF7F1FB0120F5
:1088D00006B0BDE8F087059808B11EB106E0FFF7C5
:1088E000E7FB27E06846FFF727FD0126FFF7E0FBDF
:1088F000FFF77EFDFFF7BCFB94F94400401C01D15B
:1089000084F8449094F94500401C01D184F84590C6
:10891000FFF7CEFB05A9684600F02CF8002820469A
:108920000AD0FFF773FA00F0B7F92046FFF73CFAD8
:108930000028B3D00020CBE7FFF736FA90B104F15E
:1089400024000599FFF706FD2046FFF75FFA00F0C7
:10895000A3F90028A2D1C8F80070BFF34F8FBFF36E
:108960006F8F9BE72046FFF751FA00F095F995E7E6
:1089700004ED00E02DE9F0410C46050011D0C4B132
:10898000FFF776FB174BDA686E682068911B471C6F
:1089900017D02F681B6A9F4219D0964217D801241E
:1089A00010E0502080F31188BFF34F8FBFF36F8F1B
:1089B000FEE7502080F31188BFF34F8FBFF36F8F16
:1089C000FEE70024FFF774FB2046BDE8F0818842F3
:1089D00005D9401A20602846FFF7AEFCF1E70020D9
:1089E0002060DCE7B00000202DE9FF5F8346DDE971
:1089F0000E87994616468A469000FFF73DFA050015
:108A00001CD05420FFF738FA040014D0002025634E
:108A100084F85100CDE90240CDE900874B4632464B
:108A200051465846FFF74DF92046FFF71DF8012043
:108A300004B0BDE8F09F2846FFF74EFB4FF0FF3033
:108A4000F6E7F0B585B0DDE90B640A9DA6B1DCB1AF
:108A5000542700972663022684F85160002604AF4D
:108A6000CDE90246CDE90057FFF72BF92046FEF786
:108A7000FBFF049805B0F0BD502080F31188BFF3D0
:108A80004F8FBFF36F8FFEE7502080F31188BFF345
:108A90004F8FBFF36F8FFEE70548416919B1006B37
:108AA00018B1002070470120704702207047000075
:108AB000B00000200148C06870470000B0000020EE
:108AC0002DE9F0412F4C0026206B28B1A069401CF5
:108AD000A0613046BDE8F081E5686D1CE56013D10A
:108AE000606B006838B1502080F31188BFF34F8F5E
:108AF000BFF36F8FFEE7606BA16B6163A063206AB9
:108B0000401C2062FFF75EF9A06ADFF87C80854296
:108B100009D3606B0068A0B1606BC068C7687868F3
:108B2000854211D2A0622068C06A00EB800158F82B
:108B30002100012800D90126E0690028C9D00126BA
:108B4000C7E74FF0FF30EDE7381DFFF741FAB86A8D
:108B500018B107F11800FFF73BFAF96A0120226902
:108B600088401043206101EB810108EB8100391D31
:108B7000FFF772FAF86A2168C96A8842C9D30126E8
:108B8000C7E70000B00000209423002070B5040067
:108B90004FF0000140D0214D2868844207D050207A
:108BA00080F31188BFF34F8FBFF36F8FFEE7A06C88
:108BB00038B1401EA064636CE26A9A422CD040B186
:108BC0002AE0502080F31188BFF34F8FBFF36F8FDF
:108BD000FEE7201DFFF7FCF9114A012150B9E06AB8
:108BE00000EB800352F8233023B92B6901FA00F01F
:108BF00083432B61606CE062C0F10700A061E06A12
:108C00002B6981401943296100EB800002EB800051
:108C1000211DFFF721FA0121084670BDB000002098
:108C2000942300202DE9F041C068C468ACB104F180
:108C300018000746FFF7CCF9154D286B0126A0B1A7
:108C400039461448FFF708FAE06A2968C96A884279
:108C50001CD90120EE61BDE8F081502080F311881D
:108C6000BFF34F8FBFF36F8FFEE7201DFFF7B0F903
:108C7000E16A2A6906FA01F01043286101EB8100DC
:108C80000449B43901EB8000211DDBE70020E2E755
:108C9000B0000020482400202DE9F0472C4D00248E
:108CA0002746286B38B1FFF7E3F9286B401E28638D
:108CB000286B40B146E0502080F31188BFF34F8FFE
:108CC000BFF36F8FFEE7A968224E0120D1B3A6F152
:108CD000B40980463068E8B1F068C46804F118004F
:108CE000FFF776F9201DFFF773F9E06A2A6908FAA1
:108CF00000F11143296100EB800109EB8100211D86
:108D0000FFF7AAF9E06A2968C96A8842E2D3C5F880
:108D10001C80DFE70CB1FFF755F8AC6944B146465B
:108D2000FFF7CEFE00B1EE61641EF9D10020A8610C
:108D3000E86938B10849012738070860BFF34F8F49
:108D4000BFF36F8FFFF7B4F93846BDE8F087000036
:108D5000B00000204824002004ED00E04FEA410369
:108D60004FEA5353A3F58063D3F11E03C8BFD3F179
:108D7000210C0CDD4FF0004242EAC12242EA50527F
:108D800032FA03FC8CEAE17CACEBE1707047102B0B
:108D9000C4BF0020704703F5787CBCF1FF3F04D0CE
:108DA0006FF0004282EA2100704770B500F0C6F80B
:108DB0004992248000207047F2E710F0004248BF3B
:108DC0004042B0FA80F310FA03F10AD0C3F11D0358
:108DD00003F580634FEA415002EB035202EBD121CD
:108DE00070474FF000007047DFF848C170B51CEACB
:108DF000111E1EBF1CEA13159EEA0C0F95EA0C0FFC
:108E000000F06F8081EA030423EA4C134EEAD47E1B
:108E100021EA4C1141F4801143F48013AE44A1FBCC
:108E2000024CA0FB0365AEF17F7E361955EB0C05B5
:108E3000A1FB034C4CF10003A0FB021C16EB0C063B
:108E4000654153F10003094218BF46F0010613F4CF
:108E5000007F0BD14FEA03314FEA0530340341EA7A
:108E6000155140EA16506FF003020AE04FEAC321A1
:108E70004FEAC520F40241EA555140EA56506FF0DE
:108E8000020202EB2E4201EB025585EACE710AD0B6
:108E90005FEA440C18BF24F0004450F1000041F197
:108EA000000120EAD47040F2FE7C624500D270BD21
:108EB000A84214BF4FF080444FF04044002E08BF3A
:108EC0000024BEF1806FA8BFA1F1C041BDE8704091
:108ED00080F282804FF0000001F1C04101F00041BA
:108EE00070479EEA0C0F0CEA131518BF95EA0C0F99
:108EF00006D04FF0000081EA030E0EF0004170BD75
:108F000000F01CF88900013E00F007B800F009B835
:108F10004FEA430C5FEA5C5C08D081EA030100F091
:108F20005BB84FEA410C5FEA5C5CF6D14FF00000A1
:108F3000014970470000FF070000F87F0EF1020EA4
:108F40002EF0030E5EF8046B364205D4012A43EB83
:108F5000030515F5001F12D8012841EB010C1CF583
:108F6000001F0CD80ED14FEAD17C15F5001F0CEB79
:108F70004C0C0CF1020C08BF4CEBD37C04E04FF01E
:108F8000080C01E04FEAD37C0CEB4C0526FA05F601
:108F900006F00706B6F1040C06D20EEB860CBDE80F
:108FA00070404CF0010C6047DFE80CF0090B020246
:108FB0004FF000414FF00000A1F5002170BD1946AF
:108FC0001046012851EB010418BFD4F5001484BFEA
:108FD000002001F0004170BD0808A0F500114FEA23
:108FE000310170474FF04070E1EE100A7047000009
:108FF0002C9700081B56000800000000000000002D
:109000008000000000000000000000003897000809
:109010000D060008030000000000000080000000B2
:10902000000000000000000004970008450A000846
:1090300001000000000000008000000000000000AF
:109040000000000018970008B10A000801000000A5
:109050000000000080000000000000000000000090
:10906000F4960008950700080200000000000000C8
:10907000000100000000000000000000E096000871
:109080004D54000803000000000000000002000032
:109090000000000000000000A4960008DD5B00084E
:1090A00001000000000000000001000000000000BE
:1090B0000000000084960008BD5B0008010000006D
:1090C000000000000001000000000000000000009F
:1090D00074960008AD0D00080200000000000000BA
:1090E000000100000000000000000000C096000821
:1090F000A9440008010000000000000080000000FA
:109100000000000000000000000610160006101607
:109110000000000000000000010203040607080927
:109120000000000001020304000040400000404035
:1091300000000040000000400000803F00000000F0
:1091400000000000000040400000404000000040DF
:109150000000803F0000803F00000000000080BF52
:109160000000004000000040000000400000803F80
:1091700000000000000080BF000080BF0000004031
:10918000000000400000803F00000000000080BFA1
:10919000000000C0000000C00000803F0000803FD1
:1091A00000000000000080BF000080BF000000C081
:1091B000000000C00000803F00000000000080BFF1
:1091C000000000C0000000C0000000C0000040C05F
:1091D0000000000000000000000000C0000000C00F
:1091E000000000C0000040C0000040C0000040C0BF
:1091F000000040C0000000C0000000C0000080BFB0
:109200000000000000000000000040C0000040C05E
:10921000000000C0000080BF000080BF0000000010
:1092200000000000000040C0000000C0000080BF3F
:10923000000080BF000000000000803F0000803F71
:10924000000000C0000000C0000080BF000000005F
:109250000000803F0000004000000040000080BF90
:10926000000080BF000000000000803F0000803F41
:10927000000000400000404000000000000000002E
:109280000000803F0000803F0000004000004040A0
:109290000000404000000000000000000000803F8F
:1092A000000000400000004000004040000040403E
:1092B0000000803F000080BF000040C0000040C0B0
:1092C000000040C0000000C00000803F0000803F60
:1092D000000080BF000040C0000000C0000000C0CF
:1092E000000080BF0000000000000000000080BF00
:1092F000000000C0000000C0000080BF000080BF70
:109300000000000000000000000080BF000080BFDF
:10931000000080BF000080BF000080BF0000000090
:10932000000000000000000000000000000000003D
:1093300000000000000000000000000000004040AD
:10934000000080BF0000803F0000803F0000803FA1
:109350000000803F0000404000004040000000400E
:1093600000000040000000400000803F0000803FFF
:1093700000004040005EBCE2613FDD83C29C7E2075
:10938000A3FD1F419DC3217FFCA2401E5F01E3BDE1
:109390003E6082DC237D9FC1421CFEA0E1BF5D03D5
:1093A00080DE3C62BEE0025CDF81633D7C22C09EC9
:1093B0001D43A1FF4618FAA427799BC584DA3866B5
:1093C000E5BB5907DB856739BAE406581947A5FBA1
:1093D0007826C49A653BD987045AB8E6A7F91B4595
:1093E000C6987A24F8A6441A99C7257B3A6486D889
:1093F0005B05E7B98CD2306EEDB3510F4E10F2AC75
:109400002F7193CD114FADF3702ECC92D38D6F3160
:10941000B2EC0E50AFF1134DCE90722C6D33D18F54
:109420000C52B0EE326C8ED0530DEFB1F0AE4C1248
:1094300091CF2D73CA947628ABF517490856B4EA34
:109440006937D58B5709EBB536688AD495CB297720
:10945000F4AA4816E9B7550B88D6346A2B7597C914
:109460004A14F6A8742AC896154BA9F7B6E80A5408
:10947000D7896B350000891112239B322446AD57E2
:109480003665BF74488CC19D5AAFD3BE6CCAE5DB4C
:109490007EE9F7F88110080193331A22A5562C476C
:1094A000B7753E64C99C408DDBBF52AEEDDA64CB2C
:1094B000FFF976E802218B30100299132667AF7608
:1094C0003444BD554AADC3BC588ED19F6EEBE7FA0C
:1094D0007CC8F5D983310A2091121803A7772E662C
:1094E000B5543C45CBBD42ACD99E508FEFFB66EAEC
:1094F000FDD874C904428D5316619F702004A915CC
:109500003227BB364CCEC5DF5EEDD7FC6888E199CB
:109510007AABF3BA85520C4397711E60A1142805EB
:10952000B3373A26CDDE44CFDFFD56ECE9986089AB
:10953000FBBB72AA06638F7214409D512225AB3487
:109540003006B9174EEFC7FE5CCCD5DD6AA9E3B88B
:10955000788AF19B87730E6295501C41A3352A24AB
:10956000B1163807CFFF46EEDDDC54CDEBB962A86B
:10957000F99A708B088481951AA793B62CC2A5D34B
:109580003EE1B7F04008C919522BDB3A644EED5F5B
:10959000766DFF7C899400859BB712A6ADD224C35B
:1095A000BFF136E0C1184809D33B5A2AE55E6C4F3B
:1095B000F77D7E6C0AA583B4188691972EE3A7F2F7
:1095C0003CC0B5D14229CB38500AD91B666FEF7E1B
:1095D000744CFD5D8BB502A499961087AFF326E21B
:1095E000BDD034C1C3394A28D11A580BE77F6E6EFB
:1095F000F55C7C4D0CC685D71EE597F42880A191BB
:109600003AA3B3B2444ACD5B5669DF78600CE91DDA
:10961000722FFB3E8DD604C79FF516E4A9902081DA
:10962000BBB332A2C55A4C4BD7795E68E11C680DBA
:10963000F33F7A2E0EE787F61CC495D52AA1A3B076
:109640003882B193466BCF7A5448DD59622DEB3C9A
:10965000700EF91F8FF706E69DD414C5ABB122A09A
:10966000B9923083C77B4E6AD5585C49E33D6A2C7A
:10967000F11E780F5461736B5F4454375F48616E1D
:10968000646C65005461736B5F436F6D6D756E69DB
:109690006361746546726F6D50435F48616E646CC0
:1096A000650000005461736B5F436F6D6D756E698B
:1096B00063617465546F50435F48616E646C65000C
:1096C0005461736B5F4A343331305F6F6E6C696E17
:1096D00065436865636B5F48616E646C650000009C
:1096E000526F626F745F436F6E74726F6C5F546120
:1096F000736B000043616E5F53656E645461736BFE
:109700000000000043616E315F52656365697665F4
:109710005461736B0000000043616E325F526563F9
:10972000656976655461736B00000000646566616D
:10973000756C745461736B0053746172745461730B
:109740006B0000006497000800000020F802000091
:10975000C4010008C0980008F8020020A8680000B2
:1097600020020008013C13D561140805621B081192
:10977000041A39041A65041AB5141AE1041704030B
:109780000904120114020202164083044057260203
:1097900001020301031A1A0313AD091B08A9041AD5
:1097A000A5041AD10413150A1A0833118210036193
:1097B00024F41AAA0101181A21941A7104411BD920
:1097C00007AC120814080C621420094514080D4255
:1097D0001B0885041AE5041AF1101A6D0813390BD9
:1097E0001408ED464C086147345A500401200D120C
:1097F00044FDBC020C1770FE90014D4114084D3F12
:109800001B08B9041319401B08A5081A1D68212359
:1098100040401B204126000A1042CDCC0C406F1264
:10982000033A1A5D281BA10C0419084BF953941331
:109830009910140811111B087D08211264C38813A4
:1098400003289CFF1AD5441A3104616DC84265553E
:109850000CA114810182130A0629D0334001140996
:10986000024313020125C03209041B01020B130538
:109870002416100105240110090104240202052404
:109880000617010705820308151009040133020AAF
:109890001D07050102EA2C0705810711132D5E142F
:1098A000089D5C4C08D35F7013315D1408EB5B1BA3
:1098B000086114C11AB1181A75041AF1041A69045E
:040000050800018965
:00000001FF
