:020000040800F2
:10000000786B002029030008314C00089B3E000853
:10001000394B0008A50800089D7800080000000082
:10002000000000000000000000000000690200085D
:100030003110000800000000C502000855560008F5
:100040004303000843030008430300084303000878
:100050004303000843030008430300084303000868
:100060004303000843030008430300084303000858
:100070009D0C0008430300084303000843030008E5
:10008000430300084303000843030008B5080008C1
:10009000A9080008430300084303000843030008BD
:1000A000430300082D5700084303000843030008DA
:1000B0004303000843030008430300084303000808
:1000C00043030008430300084303000843030008F8
:1000D000430300084303000843030008DD5B0008F6
:1000E00043030008430300084303000843030008D8
:1000F00043030008430300084303000843030008C8
:1001000043030008430300084303000843030008B7
:1001100043030008430300084303000843030008A7
:100120004303000843030008A90C00084303000828
:10013000430300084303000843030008CD080008F8
:10014000C10800084303000843030008354C0008B9
:100150004303000843030008B50C000843030008EC
:100160004303000843030008430300084303000857
:100170004303000843030008430300080000000095
:10018000430300084303000800F002F800F05CF8A5
:100190000AA090E8000C82448344AAF10107DA45E2
:1001A00001D100F051F8AFF2090EBAE80F0013F0D8
:1001B000010F18BFFB1A43F001031847B495000064
:1001C000D49500000A444FF0000C10F8013B13F0E6
:1001D000070408BF10F8014B1D1108BF10F8015BA0
:1001E000641E05D010F8016B641E01F8016BF9D193
:1001F00013F0080F1EBF10F8014BAD1C0C1B09D1EA
:100200006D1E58BF01F801CBFAD505E014F8016B5B
:1002100001F8016B6D1EF9D59142D6D370470000ED
:100220000023002400250026103A28BF78C1FBD8FF
:10023000520728BF30C148BF0B6070471FB508F098
:10024000E7FE1FBD10B510BD00F0A6F91146FFF77F
:10025000F5FF07F093FB00F0C4F903B4FFF7F2FFDA
:1002600003BC00F0CBF900002C4B19680868B0E81B
:10027000F04F80F30988BFF36F8F4FF0000080F3D9
:10028000118870470000000008480068006880F38B
:1002900008884FF0000080F3148862B661B6BFF39F
:1002A0004F8FBFF36F8F00DF00BF00BF08ED00E08E
:1002B000DFF80C00016841F470010160704700BF75
:1002C00088ED00E0EFF30980BFF36F8F134B1A68DE
:1002D0001EF0100F08BF20ED108A20E9F04F1060CB
:1002E00009B44FF0500080F31188BFF34F8FBFF374
:1002F0006F8F08F09BF84FF0000080F3118809BC65
:1003000019680868B0E8F04F1EF0100F08BFB0EC95
:10031000108A80F30988BFF36F8F7047B000002008
:10032000EFF30580704700000948804709480047FF
:10033000FEE7FEE7FEE7FEE7FEE7FEE7FEE7FEE795
:10034000FEE7FEE704480549054A064B70470000F2
:100350001D5700088901000878650020786B00208F
:10036000786700207867002053EA020C00F069806B
:100370002DE9F04B4FF00006002B1FBFB3FA83F5B9
:1003800003FA05F424FA05F65E4012BF1643B2FAEA
:1003900082F502FA05F4C5F120051EBF22FA05FC1C
:1003A00044EA0C04203556EA044C4FEA144418BFC2
:1003B000641C4FF000084FF00009904271EB030CF1
:1003C00039D3002919BFB1FA81F701FA07F6B0FA5B
:1003D00080F700FA07F6C7F120071EBF20FA07FCD6
:1003E00046EA0C062037B6FBF4FCA7EB0507103FE6
:1003F00007F01F0BCBF120060CFA0BFB2CFA06F6CC
:1004000044BFB3460026202FA4BF5E464FF0000B2A
:100410005BEA060C08BF4FF0010B19EB0B09ABFBB5
:10042000027C48EB0608C01B06FB02CC0BFB03CC8E
:1004300071EB0C01C1E70B46024641464846BDE858
:10044000F08B13B54FF000004FF00001AFF30080C8
:10045000BDE81C407047032A40F2308010F0030CC6
:1004600000F0158011F8013BBCF1020F624498BF07
:1004700011F801CB00F8013B38BF11F8013BA2F1A4
:10048000040298BF00F801CB38BF00F8013B11F01F
:10049000030300F02580083AC0F0088051F8043BBF
:1004A000083A51F804CBA0E80810F5E7121D5CBF2C
:1004B00051F8043B40F8043BAFF30080D20724BF5F
:1004C00011F8013B11F801CB48BF11F8012B24BFF3
:1004D00000F8013B00F801CB48BF00F8012B704742
:1004E00010B5203AC0F00B80B1E81850203AA0E8CF
:1004F0001850B1E81850A0E81850BFF4F5AF5FEA03
:10050000027C24BFB1E81850A0E8185044BF18C9B5
:1005100018C0BDE810405FEA827C24BF51F8043B5C
:1005200040F8043B08BF7047D20728BF31F8023BB0
:1005300048BF11F8012B28BF20F8023B48BF00F844
:10054000012B70474FF0000200B5134694469646C3
:10055000203922BFA0E80C50A0E80C50B1F12001D6
:10056000BFF4F7AF090728BFA0E80C5048BF0CC084
:100570005DF804EB890028BF40F8042B08BF7047E2
:1005800048BF20F8022B11F0804F18BF00F8012B54
:100590007047704770477047754600F02BF8AE46BD
:1005A00005006946534620F00700854618B020B57F
:1005B000FFF7C8FEBDE820404FF000064FF00007EF
:1005C0004FF000084FF0000B21F00701AC46ACE8FB
:1005D000C009ACE8C009ACE8C009ACE8C0098D4668
:1005E000704710B50446AFF300802046BDE81040C8
:1005F000FFF733BE004870471865002001491820F6
:10060000ABBEFEE726000200704700002DED0A8B0E
:1006100041F2883642F21078B5003E4CDFED3E9A4A
:100620009FED3EAADFED3EAA9FED3EBADFED3EBA5A
:100630009FED3E8A9FED3ECA9FED3E9ADFED3ECA9A
:100640003E4F00BF07F02AFD226801213C48904739
:10065000226802213B489047B0EE693AF0EE4A2A00
:10066000B0EE6A2AF0EE4B1AB2EE041AF0EE6B0A04
:10067000B0EE040A344804F0B1FC42461921B2EE4F
:10068000001AF0EE040AB2EE0E0A304803F006FC3F
:10069000F0EE4C8AB2EE042AF0EE481AB3EE091AD4
:1006A000F0EE680AB0EE490A294807F059F9B2EEAF
:1006B000042AF0EE481AB3EE091AF0EE680AB0EE1A
:1006C000490A244807F04CF9F0EE6C8A3246294674
:1006D000B3EE0E1AF0EE480AB0EE680A1E4803F0B8
:1006E000DDFB32462946B3EE0E1AF0EE480AB0EEB4
:1006F000680A1A4803F0D2FB00F00CFA00F08EFCF6
:10070000786B07F0D9FD07F0E9FC012007F053F9F9
:1007100098E700002C01002000409C4500007A442E
:1007200000004843CDCC4C3EA69B443BCDCCCC3DB9
:100730000000C8C20000C8420000A0420000002023
:100740004C0500207405002074640020C86400205B
:1007500084600020C4600020D46300202464002052
:100760008AB0084E6C464FF0FF3707AD3A466946EF
:10077000306808F079F809AB2A46211D009800F08E
:1007800091FEF3E70800002070B50C46050008D084
:10079000022C06D9FF22611E00F064FE291901F81F
:1007A000010C70BDF0B585B00020294C0390049079
:1007B000019002902088274D010A8DF80C108DF8C9
:1007C0000D006088254E010A8DF80E108DF80F007F
:1007D000A08840F20F13010A8DF810108DF8110057
:1007E0002089010A8DF812108DF8130003A80090DB
:1007F0006F68002218493068B847608940F21F13BB
:10080000010A8DF804108DF80500E07D8DF80600D2
:10081000617E9DF8070001F001010843217B002261
:1008200001F0010140EA4100217E01F0010140EAAE
:100830008100A17D01F0010140EAC1008DF80700AF
:1008400001A800906C6804493068A04705B0F0BD6D
:10085000E46100202C010020740500200800002025
:10086000DDE9031288B243BA0C48090C49BAC381C6
:10087000418491B249BA09B200EE101ADFED080ABC
:10088000110CB8EEC00A01F00102C1F3400180EE84
:10089000201A80ED041AC27681847047E46100203A
:1008A00000007A44FEE70000014800F064BF000049
:1008B0004C050020014800F05EBF00004C05002000
:1008C000014800F058BF000074050020014800F006
:1008D00052BF00007405002010B50446491EC8B27E
:1008E00000EB400101EB00100E49002201EB8001FA
:1008F00001230A614A614A62C1E906230A604A602B
:100900008A600B622046CA6000F034FE08B100F035
:10091000E9FB204601F0AAF92046BDE8104002217B
:1009200000F0AEBD0461002010B58AB00C9C0091AF
:1009300092B102930021CDE90321082205928DF89E
:100940001810216807916168002308911A466946CA
:1009500007F07AFE0AB010BD0193EBE70020704764
:100960000020704710B500220449054805F038FB07
:100970000449034805F027FB002010BD9014002017
:10098000B4070020900C002038B5044601460C48FE
:1009900005F019FB0A4805F0EFFA0A4800236A46F9
:1009A0002146006807F000FF009838B106494FF073
:1009B00080500860BFF34F8FBFF36F8F002038BDAA
:1009C000B40700200C00002004ED00E00020704778
:1009D000094A10B5D2F8BC22D2F814220AB101207B
:1009E00010BD0A460146044805F0FAFABDE8104079
:1009F000014805F06FBB0000B40700208EB0164F11
:100A0000164E4FF0FF3809AD424605A9386807F089
:100A10002BFF9DF83000059C00F00F00A4F201218F
:100A20003080012908D8142229466846FFF758FD6E
:100A30000B48D0F800C009E00128E5D1142229466E
:100A40006846FFF74DFD0748D0F80CC0DDE90612F7
:100A50002046089BE047D7E7000000206202002004
:100A600060010020B00100208EB0164F164E4FF0EE
:100A7000FF3809AD424605A9386807F0F5FE9DF834
:100A80003000059C00F00F007080012811D0A4F503
:100A900080710F39EED1142229466846FFF720FDF8
:100AA0000A48D0F804C0DDE906122046089BE0475A
:100AB000E0E7142229466846FFF712FD0448D0F803
:100AC0000CC0F0E704000020620200203801002082
:100AD0004401002005480021C26B1AB180F8401083
:100AE000C1637047012280F84020F9E74C63002081
:100AF000074800210068B0F8442022B180F8461071
:100B0000A0F844107047012280F84620F8E7000062
:100B1000400100200D4810B5BAEE020A80ED030A2C
:100B200080ED010A9FED0A0AF2EE040A80ED040A44
:100B3000B1EE080A143004F083F8064800210222BE
:100B40000176C2754176017710BD000090630020E8
:100B500000000000E461002070B539483A4A3B4B80
:100B6000B0F90610057B374802EE101A384CD0ED6C
:100B7000041AB8EEC22A90ED060AF2EE040ABAEEA2
:100B8000021A02EE210A012D10EE101A80ED060A5B
:100B900004D0914218DDC0ED060A1BE0914202DD4F
:100BA000C0ED060A05E010EE101A994201D980ED59
:100BB000061A94ED040AD0ED061A012130EE210A3E
:100BC00084ED030A41610DE010EE101A994201D93B
:100BD00080ED061A416909B1012903D190ED060A99
:100BE00084ED030AE168914202DDC4ED030A03E0EB
:100BF000994201D984ED031A90ED020A154DBDEE1C
:100C0000C00A10EE101A05F8401F90ED030ABDEE61
:100C1000C00A10EE101A697090ED010A05ED040A81
:100C200090ED000A0A4805ED030A94ED030A14301A
:100C300004F01EF894ED030A05ED050A70BD0000EE
:100C4000E4610020C801002000002041000010C124
:100C5000906300200C620020FFF77EBF90ED000A39
:100C600090ED011AF0EEC00AB0EEC11AF4EEC10A1E
:100C7000F1EE10FA04D29FED070A80ED000A7047EA
:100C80009FED051AF0EE400A40EE410AC0ED000A61
:100C90007047000000000000CDCC4C3E014801F040
:100CA00073B800000C070020014801F06DB8000087
:100CB0004C060020014801F067B80000AC06002097
:100CC00001681823CAB2103AB2FBF3F2054B6FF376
:100CD0000901032A9B5CC36500D9091D816508468B
:100CE000704700003491000810B5014600208B6960
:100CF0008A6A4FF0C07453B1B3F5005F15D072B17A
:100D0000012A0CD0022A0AD0032A09D104E01AB120
:100D1000012A06D0022A03D1C96AC90100D50120DF
:100D200010BDC96AA142FAD010BD002AF7D0012A2D
:100D3000F2D0022AF3D0032AF3D010BD30B50468F4
:100D4000256825F480252560046863608368402B4E
:100D5000036803D099600068C26030BD9A60006883
:100D6000C16030BD08B507F0BBFE009000F006F88A
:100D70000521684607F05AFAF8E700002DE9F05F10
:100D80009A482DED028B417801297CD198490025A4
:100D900045700888C0F30A07A1F11600A7F580671F
:100DA00007804A782D37D3088A7843EA4213C3F381
:100DB0000A06A6F580664680CB78920942EA83024D
:100DC0000B7942EA8322C2F30A02A2F58062828092
:100DD0005B084C795A2F43EAC413C3F30A03A3F503
:100DE0008063C38000D80580761D0A2E00D8458018
:100DF000521D0A2A00D885805B1D0A2B00D8C580A9
:100E0000A2090272C4F301174772CB8843810B8990
:100E100083814B89C3810B7B03744B7B4374CB89E8
:100E20004382098AA1F5806109B2818201F52571A9
:100E3000B1F5A56F00D985826E4C704B6B49677315
:100E400093ED000A0978DFF8B0B1491CBDEEC08A05
:100E50006B4E01F0FF084FF00109032A04D0022A6B
:100E60003BD0012A70D097E039006ED0C18849424A
:100E70002180818849426180012F05D0032F0ED047
:100E8000022F16D020E0AAE08BF8059084F8199084
:100E9000828A49460AB1717516E0757514E0757558
:100EA000758235708BF805506576A576818AA180AC
:100EB0000AE04E4A5FEAC87182F8008002D084F8E6
:100EC000209001E084F8205025734188E18000885B
:100ED000208118EE100A60816BE039005CD08246F8
:100EE000C08840422080BAF8040040426080BAF9CD
:100EF000020007F078FF9FED431B53EC112B07F026
:100F000089FF07F041FFE080BAF80000208118EE69
:100F1000101A84F80C9061813C494846012F91EDEC
:100F2000000A3B4981ED040A04D0032F1BD0022F95
:100F300024D054E08BF805006076BAF91410B1F5AE
:100F4000C87F03DD70753CE024E025E001F28F10DE
:100F500040F21F32904201D2757532E011F5C87F20
:100F60002FDA0220EEE77575758235708BF8055023
:100F70006576A576BAF81400A08027E01B4A5FEAE0
:100F8000C87182F8008002D084F8200023E084F841
:100F9000205020E0032F08D0257325806580A58090
:100FA0002581E5800320607310E003F00DFB04F061
:100FB0007FF8607B012804D0032807D002280AD0DC
:100FC0000DE014493575A1F8049008E00220307551
:100FD0001048858003E00F493575022088800E484F
:100FE0000068BDEC028BBDE8F05F0047680100209F
:100FF0003A630020E4610020400200201C01002030
:101000000C0200209A9999999999C93F20010020D2
:10101000906300205C020020380100201222024967
:10102000024802F0C8BC00003A6300200406002019
:10103000704700000448DFED050A90ED090A30EE24
:10104000600A80ED090A70474C6300207CD9A041FA
:1010500070B501F01BF9014615489FED160A164CB4
:10106000057B1648012D4FF4FA63057DA0F11002AF
:1010700001D0C5B114E09DB9407D012810D11048C0
:10108000007868B11068081A984202D3FFF7D2FFBF
:101090001160D4ED0D0A94ED090A0A4803F048FFE7
:1010A00084ED0A0A70BD407D0128F9D1EAE700000D
:1010B000E4610020000000004C6300200C020020CE
:1010C000180100207464002010B5002807D00448DF
:1010D0000068804702490C31088A401C088210BD14
:1010E0000002002072B6FEE770B5254AB2F908503A
:1010F0005088281A01B223480180B2F92C30D28CD2
:101100009A1A12B24280002900DC49420CB21D49F1
:101110000839002A0C8000DC524200EE105ADFED44
:101120001A0A16B2B8EEC00A4E8020EE200ABDEEB2
:10113000C00A10EE101A00EE103A09B2B8EEC00A5A
:101140000180002920EE200ABDEEC00A10EE102A10
:1011500012B2428000DC49420A4809B2001F002A4C
:10116000018000DC524212B242800648001D8C42CF
:1011700003DA964201DA012100E00021017170BD1D
:10118000546200203C020020CDCC4C3D10B500F054
:1011900077F801F07BF8334900220B788BB34B686A
:1011A000C01AB0F5FA6F05D391ED020A81ED030A7A
:1011B0000A7013E001EE100A9FED2B2AD1ED020A0E
:1011C000F8EE411AB6EE000A20EE800A81EE821A8D
:1011D00070EEC00A00EE810A81ED030AB5EEC00A86
:1011E000224CF1EE10FA10DDFDEEC00AB1EE400A1D
:1011F00010EE900ABDEEC00A208110EE100AA08504
:1012000005E0FFE791ED020AE6E72281A285B4F945
:101210000200174900EE100AB4F90800F8EEC00AFF
:1012200000EE100A1348B8EEC00A03F006FEBDEE49
:10123000C00A114910EE100A6083B4F9260000EECE
:10124000100AB4F92C00F8EEC00A00EE100A0B48A0
:10125000B8EEC00A03F0F1FDBDEEC00A10EE100AB0
:10126000E08710BD240200200000FA4454620020F0
:1012700084600020D4630020C46000202464002027
:10128000174810B5417EDFED170A174811B1012943
:1012900003D006E0C0ED000A03E09FED140A80EDE4
:1012A000000A114C90ED000A1C3C84ED020A6078A3
:1012B00050B9B5EEC00AF1EE10FA05DD00F0E6FF18
:1012C00060600120207008E0B5EEC00AF1EE10FA6F
:1012D00004D800202070C4ED020A607010BD000028
:1012E000E461002000000000400200200080BB45B7
:1012F000F0B50446002500F1200103F09FF994EDBC
:10130000080A04F1300104F1280003F017FC94ED01
:10131000090A04F13C0104F1340003F00FFC94F9D4
:101320003000434EC0EBC002D4ED0A1AD4ED0D0AD2
:1013300094F93C0006EB820303EB800161EEA02AE6
:1013400091ED000A01EE105A94F93D1094ED0B3A1C
:1013500002EE801A94ED0E0A03EB810321EE802A3F
:10136000D3ED001A94F93130C3EBC30302EE211A16
:1013700006EB830663EE201A06EB800723EE003AA5
:10138000D7ED000A06EB8106294F01EEA01A96ED73
:10139000000AC43707EB820606EB800C06EB8106D9
:1013A00003EE001ADCED000A00EE105A02EEA00A6D
:1013B000D6ED000A07EB830606EB800706EB8106F5
:1013C00002EE200AD7ED000A01EEA00AD6ED000ACF
:1013D000184E06EB820202EB800703EE200AD7EDDF
:1013E000003A00EE905A02EB810242EEA30AD2EDDF
:1013F000002A06EB830202EB800042EE220A90ED07
:10140000002A02EB810041EE820AD0ED001A43EE81
:10141000210AF0EE081A81EE212A80EE211A84EDCD
:10142000002A80EEA10A84ED011A84ED020AF0BDC3
:1014300054910008DC920008094A21B1012904D026
:1014400002290BD108E0D16800E09168C14011F099
:10145000010F03D0012070471169F7E700207047A2
:101460009C62002010B5054C04E000BF10F8013B61
:101470005340E25C491EF9D2104610BDA09300080B
:1014800090F82020012A07D0022A05D0416A41F4B1
:101490008021416201207047006842690A4342612D
:1014A00000207047F0B590F820500468A468012D22
:1014B00005D0022D03D0416A41F4802157E014F099
:1014C000406F01D1E5004FD5C4F301640125A5406B
:1014D0001D608D684FF4C0739DB1CE6835434E6872
:1014E00045EAC605066803EB0417F5514FF4C275CB
:1014F000076805EB04150E697E51097D012905D0A9
:1015000009E00E88CD6845EA4655EBE701684E597B
:1015100046F480764E511179D579567941EA0561C4
:1015200095792D0445EA062529434FF4C6760568CA
:1015300006EB0416A9511178D57841EA0561957832
:1015400052782D0445EA022211434FF4C475026813
:1015500005EB04155151006803EB0411425842F0A9
:10156000010242500020F0BD416A41F40011416285
:101570000120F0BD10B590F82020012A07D0022AE2
:1015800005D0416A41F480214162012010BD3B48F1
:10159000D0F8002242F00102C0F80022D0F8002268
:1015A00022F47C52C0F80022D0F800224B6A42EAB2
:1015B0000322C0F800220A7D02F01F0301229A4094
:1015C000D0F81C329343C0F81C32CB69B3B9D0F8C1
:1015D0000C329343C0F80C328C894B6864F31F4380
:1015E0004C6900EBC404C4F840320C890B6864F306
:1015F0001F434C6900EBC404C4F84432CB69012B8F
:1016000016D1D0F80C321343C0F80C320C884B685A
:1016100064F31F434C6900EBC404C4F840320C89E6
:10162000CB6864F31F434C6900EBC404C4F8443234
:101630008B69002BD0F804320ED01343C0F804326B
:101640000B69002BD0F8143208D01343C0F81432C1
:10165000096A012904D008E09343EFE79343F5E7D3
:10166000D0F81C121143C0F81C12D0F8001221F05F
:101670000101C0F80012002010BD0000006400400D
:10168000704770B590F82040012C05D0022C03D093
:10169000416A41F4802128E0046809B32469A40761
:1016A00020D04FF4D874056804EB01142D5915F0BF
:1016B0000405956005682D591AD0ED085560056838
:1016C0002C5904F00204D4604FF4DA74056804EB7A
:1016D00001142E5906F00F06082E0CD308250DE034
:1016E000E468DCE7416A41F400114162012070BD09
:1016F0006D0D1560E3E72D5905F00F0515610568BF
:101700002D59C5F30725956105682C59240C5461A2
:101710004FF4DC72046802EB0112A4581C700468D8
:10172000A458240A5C700468A458240C9C700468B3
:10173000A258120EDA704FF4DE72046802EB011246
:10174000A4581C710468A458240A5C710468A45845
:10175000240C9C710468A258120EDA71006829B139
:10176000016941F020010161002070BDC16841F0B4
:101770002001C160F8E72DE9F05F0546006800240C
:101780004669D0F804908768D0F80CB0D0F810A063
:10179000D0F81880F10748D0F90714D001218160F2
:1017A000B80703D5284600F08EFA0CE0780702D57A
:1017B0004FF4006407E0380702D54FF4805402E08C
:1017C000284600F07FFAF80516D529684FF4807096
:1017D0008860B80503D5284600F077FA0CE0780554
:1017E00002D544F4005407E0380502D544F480449F
:1017F00002E0284600F068FAF80316D529684FF48D
:1018000080308860B80303D5284600F060FA0CE009
:10181000780302D544F4004407E0380302D544F4C9
:10182000803402E0284600F051FA300707D55FEA1D
:10183000CB6004D52968102044F40074C860700798
:101840004FF0080707D55FEA0B7004D52868C7601A
:10185000284600F0A9F9B00706D52868C0688007B7
:1018600002D0284600F0A2F9700607D55FEACA60E8
:1018700004D52968102044F480640861B00607D5B7
:101880005FEA0A7004D528680761284600F0EAF983
:10189000F00606D528680069800702D0284600F0C7
:1018A000E2F9B00308D55FEAC96005D529681020C0
:1018B0004860284600F0D8F9F00307D55FEA0970C0
:1018C00004D528684760284600F002FA300446D55F
:1018D0005FEA497040D5F00504D55FEAC87001D0D1
:1018E00044F00104B00504D55FEA887001D544F0E6
:1018F0000204700504D55FEA487001D544F0040481
:10190000300529D518F0700F26D008F07000402857
:1019100015D006DC102809D020280AD0302816D18E
:101920000AE050280ED0602811D10EE044F00804DF
:101930000DE044F010040AE044F0200407E044F015
:10194000400404E044F0800401E044F4807428681A
:10195000816921F070018161296804204860002CB0
:1019600005D0686A204368622846FFF789FEBDE813
:10197000F09F70B5040003D094F8200010B104E08B
:10198000012070BD204600F081F82068016841F018
:101990000101016000F07AFC0546052604E000F034
:1019A00075FC401B0A2811D820684068C007F6D093
:1019B0002068016821F00201016000F067FC054623
:1019C0000BE000F063FC401B0A2806D9606A40F473
:1019D0000030606284F82060D2E7206840688007A9
:1019E000EFD4207E0128206801683DD021F08001DD
:1019F0000160607E01282068016838D021F0400134
:101A00000160A07E01282068016833D021F0200108
:101A10000160E07E0128206801682ED041F01001AD
:101A20000160207F01282068016829D021F0080189
:101A30000160607F01282068016824D021F0040142
:101A40000160D4E902010843D4E9041211430843B8
:101A50006168491E08432168C86100206062012056
:101A600084F82000002070BD41F08001C0E741F003
:101A70004001C5E741F02001CAE721F01001CFE79E
:101A800041F00801D4E741F00401D9E7F0B587B08F
:101A9000044614216846FEF755FD3E4B3E48DFF8EC
:101AA000F0E01968D4F800C03B4A03250226092754
:101AB00010300024491CF4452AD11960012907D1AE
:101AC000016841F000710160006800F0007005904D
:101AD000106840F0080010601068CDE9005600F072
:101AE0000800CDE9047069462C48CDE9024500F0B4
:101AF000CFFA00220521132000F060FC132000F033
:101B00004FFC00220521142000F058FC14203AE07C
:101B1000DFF88CE0F44538D1D0F800C04CF0806C90
:101B2000C0F800C0D0F800C001290CF0806CCDF8DE
:101B300014C0196007D1016841F0007101600068AC
:101B400000F000700590106840F00200106010680E
:101B500002AB00F0020005906020CDE9000683E8AA
:101B6000B00069460F4800F093FA002205213F209B
:101B700000F024FC3F2000F013FC0022052140204F
:101B800000F01CFC402000F00BFC07B0F0BD000092
:101B9000006400403800002030380240000C024051
:101BA000006800400004024070470000F8B5274B71
:101BB00002680021264C9A4200D001212170C9B24E
:101BC00001EB4102234E02EB011106EB810202F10F
:101BD000440300212832FFF754FD207806F19805D0
:101BE00000EB400101EB001106EB810100EBC000AE
:101BF00005EB80001C222831FEF772FC207800EBF8
:101C0000400202EB001206EB820300EBC001D3E9B5
:101C1000112305EB8101C1E9072388B10E48002398
:101C20006A46006806F0C0FD0098002807D00B49FE
:101C30004FF080500860BFF34F8FBFF36F8FF8BD38
:101C4000294600236A460648EBE70000006400408E
:101C500034010020046100200400002004ED00E0B5
:101C600000000020704770477047000070B50446C0
:101C700090F82000012804D0606A40F400206062DF
:101C800018E0022084F820002068016821F001019A
:101C9000016000F0FBFA05460EE000BF00F0F6FA26
:101CA000401B0A2808D9606A40F4003060620520B1
:101CB00084F82000012070BD20684068C007EDD185
:101CC000606270BD704770477047704770477047DB
:101CD00070472DE9F0410446876D00F0D7FA0646BB
:101CE00094F835000025022806D08020606584F82D
:101CF00034500120BDE8F0812068016821F0160110
:101D000001602068416921F080014161206C08B9BF
:101D1000A06C20B12068016821F0080101602068F2
:101D2000016821F0010101600CE000F0AFFA801BB6
:101D3000052807D920206065032084F8350084F841
:101D40003450D7E720680068C007EED194F85C10E3
:101D50003F208840B860012084F8350084F8345072
:101D60000020C7E790F83510022903D08021416593
:101D700001207047052180F835100068016821F0C6
:101D800001010160002070472DE9F84304464FF03F
:101D90000009CDF8009063484FF41651A56D006816
:101DA000B0FBF1F72E6894F85C10082000FA01F1FE
:101DB00031420FD021680A6852070BD50A6822F019
:101DC00004020A6094F85C108840A860606D40F0DE
:101DD0000100606594F85C104FF0010808FA01F00A
:101DE000304208D021684969090604D5A860606DB1
:101DF00040F00200606594F85C1004208840304296
:101E000008D021680968890704D5A860606D40F092
:101E10000400606594F85C1010208840304218D0AF
:101E200021680968090714D5A8602068016849037A
:101E300004D50068000308D5A16C07E00168C90556
:101E400003D4016821F008010160216C09B120462A
:101E5000884794F85C1020208840304231D02168B7
:101E60000968C9062DD5A86094F8350005282068B2
:101E7000016806D0490347D5006800031DD4616C92
:101E80001CE021F0160101602068416921F0800109
:101E90004161206C08B9A06C20B12068016821F074
:101EA0000801016094F85C103F208840A86084F825
:101EB000358084F83490216D1FE0E16B09B1204634
:101EC0008847606D00282BD0606DC00714D00520B6
:101ED00084F835002068016821F001010160009854
:101EE000401C0090B84203D820680068C007F6D1B3
:101EF00084F8358084F83490E16C002910D001B06A
:101F00002046BDE8F04308470168C905D5D40168FB
:101F100021F01001016084F8358084F83490CCE71A
:101F2000BDE8F883AC0000202DE9F041044600F044
:101F3000ADF906465CB1022084F83500002584F82E
:101F400034502068016821F0010101600DE001209A
:101F5000BDE8F08100F09AF9801B052805D9202002
:101F60006065032084F83500F2E720680068C00748
:101F7000F0D12268116820480140D4E901031843D8
:101F8000D4E903363343184363691843A3691843FC
:101F9000E3691843236A18430843616A042903D19B
:101FA000D4E90B1319430843106020684069666A3E
:101FB00020F0070130460E43012704280CD1A06A07
:101FC0000643E06A40B12046FEF78EFE20B1402075
:101FD000606584F83570BAE7206846612046FEF7F0
:101FE0006FFE94F85C203F2191408160656584F824
:101FF00035700020ACE700003F8010F02DE9F04183
:102000000446866D90F83400002501280DD001208B
:1020100084F8340094F835700020012F07D084F83C
:10202000340002252846BDE8F0810220FBE70227A4
:1020300084F8357060652046FEF780FE94F85C10E9
:102040003F208840B0602068016841F016010160BF
:10205000206C20B12068016841F00801016020680F
:10206000016841F001010160DCE7000070B5044641
:1020700000F00CF90546601C02D0044800780444C6
:1020800000F004F9401BA042FAD370BDA00000206C
:102090002DE9F84FDFF8BCA10022012503264FF0FF
:1020A0000F090AF1040BAAF1040E00BF0B6805FA30
:1020B00002F42340A34270D10F7907F00307012FE8
:1020C00001D0022F16D187684FEA420806FA08FCB1
:1020D00027EA0C07D1F80CC00CFA08FC4CEA070CF4
:1020E000C0F808C04768A7430C79C4F300149440B3
:1020F0003C4344600C79E443A4070AD0C4684FEA27
:10210000420C06FA0CF7BC438F6807FA0CF727431A
:10211000C7600C7904F00304022C12D1D40800EB40
:10212000840CDCF820405707FF0E09FA07F824EA70
:102130000804D1F8108008FA07F848EA0408CCF837
:10214000208004684FEA420C06FA0CF7BC430F7972
:1021500007F0030707FA0CF7274307604C6814F4ED
:10216000403F70D03C4C276847F480472760246884
:1021700022F0030704F480440094384C07EB040C6D
:10218000DCF8084897074FEA177809FA08F7BC43C4
:10219000334FB84202D1002724E054E0314FB84217
:1021A00001D101271EE0304FB84201D1022719E0CA
:1021B0002E4FB84201D1032714E02D4FB84201D170
:1021C00004270FE02B4FB84201D105270AE02A4F20
:1021D000B84201D1062705E0284FB84201D10727B0
:1021E00000E0082707FA08F72743CCF80878DAF860
:1021F00000405746D1F804C09C435FEACC2C00D580
:102200001C433C60DBF800405F46D1F804C09C43AF
:102210005FEA8C2C00D51C433C60DEF8004077461A
:10222000D1F804C09C435FEA8C3C00D51C433C6061
:10223000084F083F3C68D1F804C09C435FEACC3C9F
:1022400000D51C433C60521C102AFFF42FAFBDE8A0
:10225000F88F0000083C0140443802400030014043
:10226000000002400004024000080240000C02404E
:10227000001002400014024000180240001C0240FE
:102280000AB1816170470904FBE7000001488068DA
:1022900070470000A00000200248816802781144C5
:1022A00081607047A00000200B4810B5016841F420
:1022B00000710160016841F480610160016841F4CE
:1022C00080710160032000F099F80F2000F006F8FB
:1022D00000F04AF8002010BD003C024030B5054631
:1022E0001C4887B00024016841F0010101600068CA
:1022F00006A900F00100009001A800F0E5FE00F042
:1023000019FF15494000B0FBF1F11548134A491E69
:10231000026040F2E732C0E90324C0E9011484619D
:1023200001F034FA040012D10D4801F05DFA040006
:102330000DD1192000F034F8102D07D200222946C3
:10234000192000F03BF80748056000E0012407B0C1
:10235000204630BD4438024040420F00000001409A
:102360006C070020A40000200C4882B0016841F4F2
:1023700080410160006800F4804000900748001F21
:10238000016841F0805101600068002200F0805037
:1023900000900F21901E02B000F010B844380240A7
:1023A000002809DB00F01F02012191404009800054
:1023B00000F1E020C0F8001170470000F0B40E4BAF
:1023C0001B680C46C3F30223C3F10705042D00D993
:1023D0000425191D072901D2002300E0DB1E012678
:1023E00006FA05F1491E214099409E40761E16408E
:1023F0003143F0BC05F066BA0CED00E0064900F090
:10240000070208684FF6FF03184040EA0220034A1B
:1024100010430860704700000CED00E00000FA0572
:1024200070470068416200207047F0B50368586A41
:1024300039B19C6A4FF4827600EB144400204D1EA3
:102440000AE040EA024098620FE006EB8007DF599D
:10245000401C04EB1744C0B2A842F6D344EA024041
:102460004FF4807202EB810158500020F0BDD0F88B
:10247000E00404F0C8B801EBC10200EB8202D0F81E
:10248000E004126A04F019B801EBC10200EB820209
:10249000D0F8E004D2F8602204F06BB8D0F8E00481
:1024A00004F0B3B80A0601F00F0101EBC10100EB23
:1024B000810101D5143101E001F51571006804F0C6
:1024C00099BF70B504460B0601F00F0000EBC00188
:1024D00004EB81014FF001024FF0000502D54A756F
:1024E000143103E081F8555201F51571087094F824
:1024F0009404012808D084F89424206804F094FC03
:1025000084F89454002070BD022070BD70B504465C
:1025100001F00F002279904201D9012070BD0B0615
:1025200001F00F0101EBC10104EB81014FF0010249
:102530004FF0000502D54A75143103E081F8555279
:1025400001F515718D70087094F89404012808D075
:1025500084F89424206804F0D9FD84F89454002071
:1025600070BD022070BD01F00F0101EBC10100EB55
:102570008100D0F8680270472DE9F04104460F064B
:1025800001F00F0000EBC00104EB81014FF00106E8
:102590004FF0000502D54E75143103E081F8555215
:1025A00001F51571C2F30A0208708A600B714A784E
:1025B00002B14883022B00D14D7194F89404012894
:1025C00009D084F89464206804F07CFB284684F8E1
:1025D0009454BDE8F0810220FBE710B501F00F0430
:1025E00004EBC40100EB8101C1E998230023C1F889
:1025F000683281F8553281F85442837901F51571BA
:10260000012B00D1CA618279006804F0D7FD002057
:1026100010BD70B504460D4601F00F0021798842C7
:1026200001D9012070BD29064FF000064FF00102CC
:1026300006D500EBC00104EB81014A75143107E0B7
:1026400005EBC50104EB810181F8556201F51571B7
:102650008A70087094F89404012807D084F89424B0
:10266000206804F07FFD280702D007E0022070BD3B
:10267000A17904F29C42206804F01CFD84F8946463
:10268000002070BD10B501F00F0404EBC40100EB95
:102690008101C1E9082300238B6201234B7501F8F6
:1026A000144F8379012B00D1CA618279006804F04C
:1026B00085FD002010BD00002DE9FC5F0568044683
:1026C000284604F033FF00287DD1206804F05AFF2B
:1026D000002878D0D5F80808C0F30D20C4F8D40439
:1026E000206804F04FFF800704D52068416901F09D
:1026F00002014161206804F045FFC10604F29C40DC
:10270000009034D52068816921F0100181612F6A21
:1027100007F00F0000EBC00004EB8006C7F3434056
:1027200006F51576022802D0062811D01AE047F6E1
:10273000F070074216D0C7F30A1217462846F16810
:1027400004F024FFF0683844F0607069384408E011
:1027500008222846009904F019FF7069C7F30A118E
:10276000084470612068816941F01001816120682E
:1027700004F008FF00034FF0080B4FF0000A4FF081
:1027800001097CD50026206804F0DBFE074674E0D2
:10279000F80770D0F1B2206804F0ECFE8046C00764
:1027A00007D005EB4611C1F8089B3146204602F0E0
:1027B0008DFA5FEA087024D505EB4611C1F808BB15
:1027C0002068016C00E023E200EB46100191D0F894
:1027D000082BFB4B994205D9110403D54FF4004156
:1027E000C0F8081B204600F0F6FAF5490198884227
:1027F00007D9A079012804D120680121009A04F0AA
:1028000059FC5FEAC86004D505EB46111020C1F8F9
:10281000080B5FEA88701DD56869000605D5D5F8F4
:10282000040840F48061C5F8041806EBC60004EB08
:10283000800090F8571200F51570012905D180F835
:1028400003A0F1B2204600F0E9F905EB46110220A1
:10285000C1F8080B5FEA886004D505EB461020211B
:10286000C0F8081B5FEA884005D505EB46104FF419
:102870000051C0F8081B7F08761C002F88D1206803
:1028800004F080FE40036ED5206804F053FE074636
:10289000002666E0F80762D0F1B2206804F058FE26
:1028A0008046C00723D006F00F01D5F8342809FA76
:1028B00001F18A43C5F8342805EB4611C1F808999F
:1028C000A07901280FD106EBC60004EB8000D0E907
:1028D00007211144016236B9606A20B920680121DC
:1028E000009A04F0E7FBF1B22046FFF7C4FD5FEA6F
:1028F000087003D505EB4611C1F808B95FEAC86056
:1029000004D505EB46111020C1F808095FEA4860BC
:1029100004D505EB46104021C0F808195FEA88701D
:1029200016D53146284604F0D6FD06EBC60004EB6A
:102930008000C17D1430012905D180F803A0F1B2D7
:10294000204600F067F905EB46110220C1F808099E
:102950005FEA086003D53146204602F01DFA7F0881
:10296000761C002F96D1206804F00CFE002811DAA6
:10297000D5F8040820F00101C5F8041894F8CC0437
:1029800001282BD0204600F00BFA2068416901F0A5
:1029900000414161206804F0F5FD00050BD5D5F834
:1029A0000808C00702D0204600F03EFA20684169BE
:1029B00001F400614161206804F0E4FDC00467D5C2
:1029C000D5F8040820F00100C5F80408102120689B
:1029D00004F081FD00214FF67F3220E084F8CCA482
:1029E00000212046FFF71CFDCFE700BF05EB41109B
:1029F000C0F80829D0F8003923F40013C0F80039D2
:102A0000C0F8082BD0F8003B23F40013C0F8003BBB
:102A1000D0F8003B43F00063C0F8003B491C20792C
:102A20008842E3D8D5F81C0840F00111C5F81C18FD
:102A3000E07B002828460DD0D0F8840840F00B0138
:102A4000C5F88418D5F8440840F00B012846C5F8AD
:102A500044180DE0D0F8140842F22B010843C5F8E1
:102A60001408D5F8100840F00B012846C5F81018D6
:102A7000D0F8000820F4FE61C5F80018A17920689C
:102A8000009A04F017FB2068416901F4805141610C
:102A9000206804F077FD800415D5206804F052F911
:102AA000206804F036FDE07100F02EFB0146E2796B
:102AB000206804F0C9FD204600F05CF920684169F7
:102AC00001F400514161206804F05CFD000707D566
:102AD000204600F069F92068416901F00801416170
:102AE000206804F04FFD000616D5A86920F080018B
:102AF000A96101260DE000BF06EBC60004EB8000D3
:102B000090F85702012803D1F1B22046FFF7CAFC22
:102B1000761C2079B042EFD8206804F033FDC00263
:102B20001FD501264F4614E005EB4610D0F80009EA
:102B300006EBC60104EB81010A7E012A08D10028B8
:102B400006DACF75F0B240F080012046FFF7AAFC0C
:102B5000761C2079B042E7D82068416901F48011E1
:102B60004161206804F00EFD800234D501204A4600
:102B700029E000BF05EB4011D1F8001B00EBC003BA
:102B800004EB830393F85862012E1BD1002919DA54
:102B900094F8D464C1F3004106F001068E4211D1CD
:102BA00083F85722A96941F08003AB61696909067E
:102BB00008D4D5F8040840F40070C5F8040805E00E
:102BC0000A30544F401C21798142D3D82068416992
:102BD00001F400114161206804F0D4FC400007D5E5
:102BE0002046FFF744FC2068416901F080414161C3
:102BF000206804F0C7FC40070AD5206845686807CC
:102C000002D52046FFF74AFC20684168294341600D
:102C1000BDE8FC9FD0F8E00403F049BDD0F8E00423
:102C200003F059BDF8B5040005D094F89504266862
:102C3000002510B106E00120F8BD84F89454204628
:102C400000F056F8032084F89504B6F1A04F00D1A7
:102C5000A571206804F028FA207C8DF8000094E823
:102C60000F0004F07DF80226B8BB0021206804F0B4
:102C7000ACFC90BB002001270DE000BF00EBC001C1
:102C800004EB81014F750875C8850D76CD610D6225
:102C9000401CC0B24D6221798142EFD8002011E082
:102CA00000EBC00104EB810181F8555281F8540218
:102CB00081F85852C1F85C52C1F86052401CC0B251
:102CC000C1F8645221798142EAD8207C8DF8000055
:102CD00094E80F0004F02AF910B184F89564AAE78B
:102CE000657484F89574206804F012F90020F8BD2A
:102CF00010B586B0044614216846FDF723FC206811
:102D0000B0F1A04F2FD119480021026842F0010212
:102D10000260006800F0010005904FF4C050009080
:102D20000220CDE90101032003900A2004906946A6
:102D30000F48FFF7ADF90D48001D016841F0800113
:102D400001600A481430016841F480410160006864
:102D5000002200F48040059005214320FFF72EFB60
:102D60004320FFF71DFB06B010BD000030380240C5
:102D70000000024070B50446C079012570B10228F8
:102D800001D0FEF7AFF92946D4F8E00403F012FDB4
:102D9000D4F8E004BDE8704003F0C6BC0025F2E7BB
:102DA000D0F8E00403F0EFBCD0F8E00403F0F5BC89
:102DB00010B5044690F8940401280AD0012084F844
:102DC00094046174206804F02EFC002084F89404BC
:102DD00010BD022010BDD0F8E02400F29C41104646
:102DE00003F0F4BC10B50446006894F8941401296B
:102DF00009D0012184F89414C168490609D5617B82
:102E0000012902D005E0022010BD816B41F4803120
:102E10008163206804F03DFB206804F06BF800201B
:102E200084F8940410BD000010B50446D0F8E00406
:102E300003F00EFD2068D0F8001E41F00101C0F83B
:102E4000001EE07A002804D00248016841F0060123
:102E5000016010BD10ED00E02DE9F8430546006863
:102E60004FF00109C1074FF0000601D1400727D5F7
:102E7000DFF80C81C8F86860FFF708FA0746414C94
:102E800005E000BFFFF702FAC01B022857D82068F0
:102E90000001F7D468688101287A41EA0070394955
:102EA00084310860C8F86890FFF7F0F9074604E03D
:102EB000FFF7ECF9C01B022841D820680001F7D5C4
:102EC0002878800752D52F484030016841F0805162
:102ED000016000682C4C00F080500090206840F4A5
:102EE00080702060FFF7D2F9074604E0FFF7CEF9C3
:102EF000C01B022823D82068C005F7D5214C7034A8
:102F0000206810F4407020D0A98901F440718142FA
:102F10001BD020681D4920F44070C1F800900E605D
:102F200020602068C00710D0FFF7B0F9064641F2D4
:102F3000883707E0FFF7AAF9801BB84202D90320BF
:102F4000BDE8F88320688007F4D5E9680D48C1F32F
:102F500001220830032A0BD0016821F4F811016026
:102F60002068A989C1F30B01084320600020E7E72E
:102F70000268074B22F4F81219400A430260EFE797
:102F8000000047420038024000700040400E4742B7
:102F9000FFFCFF0F2DE9F0470E46050065D0DFF876
:102FA0001481D8F80000F7B200F00700B04207D251
:102FB00088F80070D8F8000000F00700B04254D143
:102FC00028683D4C810712D5400703D5206840F49E
:102FD000E05020602878000703D5206840F4604066
:102FE00020602068A96820F0F0000843206028785D
:102FF000C0072DD0304968680839012812D002284E
:1030000013D0032811D00968890700292DDA216817
:1030100021F0030101432160FFF738F9814641F2B5
:10302000883A0EE009688903EFE709688901ECE74F
:10303000FFF72CF9A0EB0901514502D90320BDE8A7
:10304000F0872068696800F00C00B0EB810FEFD1C9
:10305000D8F80010404601F00701B14207D90770C7
:10306000006800F00700B04201D00120E7E72878AF
:10307000400705D52068E96820F4E0500843206047
:103080002878000706D52068296920F4604040EAC6
:10309000C100206000F05EF82168084AC1F3031106
:1030A000515CC8400649086006480068FFF716F9F9
:1030B0000020C4E7003C0240083802403C91000870
:1030C000AC000020A40000200F2202600C4A13680C
:1030D00003F003034360136803F0F0038360136895
:1030E00003F4E053C36012684FF4E05303EAD202E2
:1030F00002610448006800F00700086070470000A3
:1031000008380240003C0240014800687047000057
:10311000AC0000200448054900680968044AC1F36E
:103120008221515CC8407047AC0000200838024042
:103130004C9100080448054900680968044AC1F335
:103140004231515CC8407047AC0000200838024052
:103150004C910008154810B5006810F00C02144896
:1031600013D01449042A0FD0082A0ED10F4C241F63
:103170002268236802F03F025B0207D52068C0F393
:103180008810A0FB010106E0084610BD2168C1F3CC
:103190008811A1FB00010023FDF7E6F82168C1F3C7
:1031A0000141491C4900B0FBF1F010BD0838024054
:1031B0000024F400001BB7002DE9F84F04006ED086
:1031C0002078DFF84C93C007A9F104054AD009F133
:1031D00004000168C1F38101012908D00068C0F32F
:1031E000810002280AD1D9F80000400206D52868DB
:1031F000800337D560680028E1D033E06068B0F51F
:10320000803F10D0B0F5A02F286810D020F4803077
:103210002860286820F4802028606068A8B1FFF743
:1032200035F806460DE0286840F48030F4E740F4B5
:1032300080202860F7E700BFFFF728F8801B64288C
:1032400073D828688003F7D50CE0FFF71FF806460F
:1032500005E000BFFFF71AF8801B6428F0D8286843
:103260008003F7D42078DFF8AC8280074FF0000AA3
:103270003ED5A748001D016811F00C0F08D000686A
:10328000C0F3810002280BD1D9F80000400207D416
:103290002868800716D5E068012800D112E033E1E4
:1032A000E068B8B10120C8F80000FEF7EFFF06465D
:1032B00005E000BFFEF7EAFF801B0228C0D828689F
:1032C0008007F7D52868216920F0F80040EAC1009E
:1032D00028600DE0C8F800A0FEF7D8FF064604E01D
:1032E000FEF7D4FF801B02281FD828688007F7D478
:1032F0002078000722D5864F87486169703771B101
:1033000001210160FEF7C2FF064604E0FEF7BEFFA2
:10331000801B022809D838688007F7D50EE0C0F86E
:1033200000A0FEF7B3FF064605E082E0FEF7AEFF21
:10333000801B02287DD838688007F7D420784007A2
:1033400068D5DFF8CCB100270BF13C0BDBF80000AF
:10335000C0000BD4DBF8001041F08051CBF8001016
:10336000DBF80000012700F0805000906B4E3068C1
:10337000C00510D4306840F480703060FEF786FFDE
:10338000009005E0FEF782FF0099401A022850D80D
:103390003068C005F6D55E4EA0686C3601280FD0A7
:1033A0000528306810D020F001003060306820F02F
:1033B00004003060A068B8B1FEF768FF00900FE02D
:1033C000306840F00100F4E740F004003060F7E7B7
:1033D000FEF75CFF0099411A41F28830814266D8BD
:1033E00030688007F4D50EE0FEF750FF009007E04C
:1033F000FEF74CFF0099411A41F28830814256D8BD
:1034000030688007F4D42FB1DBF8001021F0805130
:10341000CBF80010A069C8B33D49091D0968C1F384
:10342000810102294AD00228504607D0C8F860001E
:1034300000E03CE0FEF72AFF04463BE04746C8F8C0
:103440006000FEF723FF064605E000BFFEF71EFF03
:10345000801B02282BD828688001F7D4D4E9070103
:103460000843A16A2E4A490802EB0141626A41EA17
:103470008211084394F82C1040EA0161C9F8001049
:1034800001203866FEF702FF044606E03EE000BF7A
:10349000FEF7FCFE001B022809D828688001F7D53A
:1034A00034E000BFFEF7F2FE001B022802D9032021
:1034B000BDE8F88F28688001F4D427E00128F7D010
:1034C000D9F80000E26900F4800191421CD1226A1F
:1034D00000F03F01914217D147F6C071626A014086
:1034E000B1EB821F10D1A26A4FF0FF3300F44031DC
:1034F00003EB5202B1EB024F06D194F82C1000F00E
:103500007060B0EB016F01D00120D1E70020CFE760
:103510000438024000004742800E474200700040DD
:103520000000FFFF10B5040002D0607F10B106E07C
:10353000012010BD00202077204600F041F8022035
:1035400060772068C168C943C90632D5CA21416283
:10355000216853204862204601F070FD20BB20689E
:103560008168164A1140816021688868626810434A
:10357000D4E904231A43104388602168E068086195
:1035800020680169228941EA02410161204601F077
:1035900079FD48B921680A6C22F480220A64216806
:1035A0000A6CA3691A430A642268FF21516208B1B8
:1035B00010BD00200121617710BD0000BFFF8FFF0B
:1035C0001FB5002100910191029103910068084903
:1035D00088420CD102200090000203906846FFF759
:1035E0003BFC08B1FDF77EFD0249012008601FBDCC
:1035F000002800403C0E474270B50446007F0B4651
:10360000012819D00126267702206077B2B1987878
:10361000D97840EA014558781978000240EA4130EB
:1036200005432168CA204862216853204862204629
:1036300001F004FDD0B122E0022070BD5878C1062F
:1036400003D500F0EF000A305870D87801F0EBFC99
:103650000204587801F0E7FC42EA0022987801F071
:10366000E2FC0243187842EA4035DAE707480540B1
:1036700020684560204601F005FD00B966772268A4
:10368000FF2151620021217770BD00003FFFFF0044
:103690002DE9F0410446007F0D46012823D04FF06C
:1036A000010884F81C800220607720680027806869
:1036B0004FEA4060D2B1002800DBEF70A87829788B
:1036C00040EA01466878E978000240EA8150064302
:1036D0002168CA204862216853204862204601F0D0
:1036E000ADFCB8B12CE00220BDE8F081002800DB81
:1036F000EF70287801F097FC0204687801F093FCE1
:1037000042EA0022A87801F08EFC0243E87842EAFF
:103710008056DDE70D480640206806602068816815
:1037200021F480218160D5E90301084321688A687A
:1037300010438860204601F0A5FC08B984F81D807C
:103740002268FF2151622777CEE700007F7F7F004C
:1037500070B504460B482168C860FEF797FD054622
:103760004FF47A7607E000BFFEF790FD401BB042B1
:1037700001D9032070BD2068C0688006F4D5002000
:1037800070BD00005F7F01007047704710B50400F6
:1037900003D094F83D0010B107E0012010BD0020D7
:1037A00084F83C00204600F01EF8022084F83D001A
:1037B000211D206801F0C0FF012084F8460084F834
:1037C0003E0084F83F0084F8400084F8410084F80B
:1037D000420084F8430084F8440084F8450084F8EB
:1037E0003D00002010BD704790F83D10012901D028
:1037F00001207047022180F83D100168CA6842F03C
:103800000102CA6000681149884214D0B0F1804FAB
:1038100011D00F4988420ED00E4988420BD00E4974
:10382000884208D00D49884205D00D49884202D00F
:103830000C49884204D1816801F00701062903D0B0
:10384000016841F001010160002070470000014063
:103850000004004000080040000C0040000401404B
:10386000004001400018004070472DE9F041044637
:103870000068C66805694FF00007A90713D5B107AE
:1038800011D5F91E01610120207720688069800729
:10389000204602D0FFF7E8FF04E000F07EF8204663
:1038A00000F07CF82777680716D5700714D52168D3
:1038B0006FF004000861022020772068806910F40E
:1038C000407F204602D0FFF7CFFF04E000F065F80C
:1038D000204600F063F82777280715D5300713D561
:1038E00021686FF008000861042020772068C06913
:1038F0008007204602D0FFF7B7FF04E000F04DF844
:10390000204600F04BF82777E80616D5F00614D5C8
:1039100021686FF010000861082020772068C069D6
:1039200010F4407F204602D0FFF79EFF04E000F035
:1039300034F8204600F032F82777E80708D0F0077F
:1039400006D021686FF001000861204600F028F8D9
:10395000280608D5300606D521686FF0800008617A
:103960002046FFF711FF680608D5700606D52168C6
:103970006FF040000861204600F01CF8A8060AD548
:10398000B00608D521686FF0200008612046BDE828
:10399000F041FFF7FABEBDE8F081704770470000C4
:1039A00000680349884201D1FEF776BC70470000E9
:1039B00000000140704738B5044690F842002028C6
:1039C00001D0022038BD51B14AB10120206300204E
:1039D0006063204602F0B2F8216B012901D001207A
:1039E00038BD21680A684968009121680C3151E8A6
:1039F000002F42F0100241E80023002BF5D138BD22
:103A000000680349884202D10249012008707047CA
:103A1000004800406901002070470000F8B50168C7
:103A200004460868CA684B6910F00F0F4FF0000594
:103A300059D003F0010602F49077374365D0C107EF
:103A400005D0D10503D5616C41F0010161644107E6
:103A500005D5D90703D0616C41F00201616481078B
:103A600005D5D90703D0616C41F0040161640107F9
:103A700007D502F02001314303D0616C41F0080109
:103A80006164616C00293AD0800604D5900602D5A5
:103A9000204601F06CFF20684069616CC0F3801023
:103AA000090700D460B3204601F02CFF206840696C
:103AB000400621D52068143050E8001F21F0400155
:103AC00040E80012002AF5D1E06BA8B17249016507
:103AD000E06BFEF747F9002811D0E06B016D01B0F3
:103AE000BDE8F040084783060FD593060DD5204664
:103AF000BDE8F84001F03BBF2046FFF78DFFF8BD61
:103B00002046FFF789FF6564F8BD266B2023012E50
:103B10007ED1C6067CD5D6067AD50868486800905E
:103B200048694FF0020640064DD5E26B10684068C8
:103B30004FF480770004000C3AD0A18D814237D930
:103B4000E085D069B8422DD020680C3050E8001FC5
:103B500021F4807140E80012002AF5D12068143069
:103B600050E8001F21F0010140E80012002AF5D1C1
:103B70002068143050E8001F21F0400140E8001296
:103B8000002AF5D184F84230256320680C3050E8D3
:103B9000001F21F0100140E80012002AF5D1E06B6F
:103BA000FEF797F86663A08DE18D401A81B206E0BA
:103BB000A18D8142A8D1D069B842A5D166632046C3
:103BC000FFF71EFFF8BDA08DE18D401A81B2E08D98
:103BD0000028F7D00029F5D020680C3050E8002FDD
:103BE00022F4907240E80027002FF5D120681430AD
:103BF00050E8002F22F0010240E80027002FF5D105
:103C000084F84230256320680C3050E8002F00E033
:103C100006E022F0100240E80023002BF3D1CDE7AC
:103C200005062BD5150629D594F841002128C9D1C0
:103C3000A068B0F5805F01D12069B0B1206A411C55
:103C40002162216800784860E08C401E0004000C6E
:103C5000E084B7D12068C16821F08001C16020688C
:103C6000C16841F04001C160F8BD206A0088C0F31E
:103C700008004860206A801C2062E5E74006F3D512
:103C80005006F1D5CA68204622F04002CA6084F886
:103C9000413000F001F9F8BD0958000870B5040082
:103CA00004D094F84100002510B106E0012070BD59
:103CB00084F84050204600F023F8242084F8410086
:103CC0002068C16821F40051C160204601F0B0FEB7
:103CD0002068016921F4904101612068416921F067
:103CE0002A0141612068C16841F40051C1606564E6
:103CF000202084F8410084F842006563002070BDF4
:103D00002DE9F04F87B0054614216846FCF71AFCF0
:103D1000574B2968574802260327072200244FF0F3
:103D200000694FF4806A4FF4807B99425FD151491A
:103D300014310B6843F010030B60096801F01001A7
:103D40000591016841F002010160016801F0020182
:103D50000591016841F001010160006802AB00F0CB
:103D6000010005908020CDE90006904683E890018F
:103D700069464148FEF78CF93002CDE9000602ABF6
:103D8000694683E890013D48FEF782F93D4F3C4883
:103D9000D0463860C7E90194C7E9034A7C61C7E9A6
:103DA000064B3C625E4638467C62FEF7BDF808B1C1
:103DB000FDF798F9EF63BD63324F314860377830D3
:103DC000E7E802094020A7E811012E4847F8144906
:103DD0006030C7E906463C627C62FEF7A5F808B190
:103DE000FDF780F9AF63BD6307B0BDE8F08F264BE8
:103DF0009942F9D11F4910310B6843F480230B60BD
:103E0000096801F480210591016841F00401016015
:103E10000068029400F0040005904FF44060CDE982
:103E20000006CDE9037269461848FEF731F9154ED0
:103E30001748C0363060C6E90194C6E9034A746188
:103E4000C6E9064B4FF44030C6E908043046FEF799
:103E50006BF808B1FDF746F9EE6300220521272033
:103E6000B563FEF7ABFA2720FEF79AFABCE700002D
:103E700000100140303802400004024000000240BF
:103E8000406402404C060020004800400008024008
:103E900028600240704770477047FEE700F120033A
:103EA00083EC030AC0E911129FED0A0A80ED0C0AA7
:103EB00080ED0E0A80ED0D0A80ED020A80ED030A06
:103EC00080ED040A80ED100A80ED010A80ED000A01
:103ED0007047000000000000F0B500230A243025E0
:103EE00037261F4611E000BFB4EB107F02D905EB67
:103EF000107C01E006EB107C01F813C001EB430CD1
:103F000000015B1C8CF80170DBB29342ECD3F0BD76
:103F100010B58AB00B460291002108220491CDE928
:103F200005128DF81C10FF218DF820108DF821103E
:103F30008DF824108DF822108DF825108DF823109F
:103F40008DF82610FC218DF8271008A9009104494E
:103F500000224C68014603480068A0470AB010BD23
:103F60002C0100200800002090ED010A002180EDC6
:103F7000080A80ED0D0A01637047000010B58AB091
:103F800001200290002008210490CDE905018DF860
:103F90001C00FF208DF820008DF821008DF82400F2
:103FA0008DF822008DF825008DF823008DF826006D
:103FB000FE208DF8270008A8009005480123002264
:103FC0004468054803490068A0470AB010BD0000D6
:103FD0002C0100204C050020080000200FB410B573
:103FE00002989DF82420401E00EB0011424812095F
:103FF00000EB810494ED060A84ED080A20F82120E4
:10400000BDF8250040BA00EE100AB8EE400A84ED73
:10401000060A9DF827009DF82810000140EA1110BB
:1040200000EE100AB8EE400A84ED070A9DF8290058
:1040300000EE100AB8EE400A84ED040A94ED060A78
:10404000D4ED080A30EE600A10EE100AB0F1474FC6
:1040500002D9206B401C06E010EE100AB0F18E4F22
:1040600002DD206B401E206394ED060A1021DFED77
:10407000230ABDEEC00A10EE100A9FED210A03F0DC
:10408000A9FF84ED010A94ED070A0C21DFED1D0A5A
:10409000BDEEC00A10EE100A9FED1B0A03F09AFF56
:1040A00084ED020A94ED040A0C21F2EE040ABDEE3E
:1040B000C00A10EE100ABAEE040A03F08BFF84ED7A
:1040C000050A9DF82A0020739DF82B006073D4ED3B
:1040D0000C0A94ED010A9FED0D1AF8EEE00A00EECD
:1040E000810A84ED0D0AE06B401CE063012084F836
:1040F0003A0010BC5DF814FB4C630020DB0F494014
:10410000DB0F49C000004843000048C3DB0FC94033
:104110002DE9F04104462DED048BB0EE419AF0EE0E
:10412000609AB0EE428AF0EE618A10209FED221A6A
:10413000DFED220A03F0FFFB07460C209FED201A5B
:10414000DFED200AB0EE690A03F0F5FB06460C200D
:10415000B2EE041AFAEE040AB0EE480A03F0EBFBE2
:104160009FED1A8A80460C209FED171AF0EE480A40
:10417000B0EE490A03F0DFFB05460C20B1EE041A4D
:10418000F0EE480AB0EE680A03F0D5FB390A217058
:1041900067703109A170310141EA1521E170257183
:1041A00001096171010141EA1820A07184F80780BA
:1041B000BDEC048BBDE8F081DB0F4940DB0F49C04B
:1041C00000004843000048C30000FA43000000001C
:1041D00010B58AB001200290002008210490CDE99A
:1041E00005018DF81C00FF208DF820008DF82100BE
:1041F0008DF824008DF822008DF825008DF823001D
:104200008DF82600FC208DF8270008A800900548AE
:10421000012300224468054803490068A0470AB00A
:1042200010BD00002C0100207405002008000020B3
:1042300090ED010AFCEEC00A10EE901A018480EDA8
:104240000F0A00210187704710B58AB00120029043
:10425000002008210490CDE905018DF81C00FF2005
:104260008DF820008DF821008DF824008DF82200B3
:104270008DF825008DF823008DF82600FE208DF89E
:10428000270008A80090054801230022446805483B
:1042900003490068A0470AB010BD00002C010020AF
:1042A00074050020080000200FB4F2EE090A70B572
:1042B0002DED028B9DF83400DFED668A069D664C7D
:1042C0006D1E000954F82510B1EE0C8A91ED010A1B
:1042D000BCEEC00A10EE102A0A8454F8251008809B
:1042E000BDF8350040BA00EE100A54F82500B8EECB
:1042F000400A80ED060A9DF837009DF8381000014D
:1043000040EA111000EE100A54F825001021B8EE12
:10431000400A80ED070A9DF8390000EE100A54F8B3
:104320002500B8EE400A80ED040A54F8250090ED0F
:10433000060ABDEEC00A10EE100ABAEE090A03F032
:1043400035FE54F82500F6EE000A80ED010A20EE55
:10435000200A54F82500DFED410A0C2120EE200A46
:10436000DFED3F0A20EE200AF0EE680A80ED010A38
:1043700054F8250090ED070ABDEEC00A10EE100AB1
:104380009FED380A03F012FE54F825000C21F0EEE0
:10439000480A80ED020A54F8250090ED040ABDEEAB
:1043A000C00A10EE100AB9EE0C0A03F0FFFD54F833
:1043B000250080ED050A54F825109DF83A00087391
:1043C00054F825109DF83B00487354F82500018CE3
:1043D000D0ED010A00EE101A2349B8EE400A30EE83
:1043E000C00A10EE102A8A4202D9028F521C02879C
:1043F00054F82500028CD0ED010A00EE102AB8EE28
:10440000400A30EE600A10EE102A8A4202D9018F6B
:10441000491E018754F82500B0F93810D0ED010A83
:10442000490300EE101AB8EEC00A30EE800A80EDA3
:104430000F0A54F8250030F8441F491C018054F835
:104440002510012081F84200BDEC028B70BC5DF8A4
:1044500014FB00000000484340010020DB0F4940EE
:1044600000001042000048C30020CBC52DED028B98
:1044700082B004F035FB124F124EDFF84C809FEDF6
:10448000138A134C134D0090B6F8440021888842DB
:1044900001D178688047B6F844002080E96B8142FA
:1044A00006D1D8F8042001210B48904785ED098AF0
:1044B000A88F60800121684603F0B8FEE4E70000A1
:1044C000440100200C620020B00100200000000028
:1044D000660200204C6300204C0500202DE9F041CD
:1044E00004462DED068BF0EE60AAF0EE419AB0EE98
:1044F00042AADFED2C0AB0EE619A9FED2C1A20EE55
:10450000200AF0EE000ADFED2A8AB1EE0C8A20EED6
:10451000200ADFED250A102020EE200ADFED250A13
:1045200003F0F5F907460C20B0EE681ADFED220A19
:10453000B0EE6A0A03F0EBF906460C20B0EE481A1A
:10454000F9EE0C0AB0EE4A0A03F0E1F99FED1C8A7D
:1045500080460C209FED191AF0EE480AB0EE690A69
:1045600003F0D5F905460C20B1EE041AF0EE480A26
:10457000B0EE490A03F0CBF9390A217067703109AE
:10458000A170310141EA1521E170257101096171C4
:10459000010141EA1820A07184F80780BDEC068B68
:1045A000BDE8F08100000039DB0F4940DC0F4940D5
:1045B00000004843DC0F49C0000048C30000FA4334
:1045C000000000008162704770B51B480125017C26
:1045D000427C090441EA4244408A174904430020CE
:1045E000B1F1880101EB000305FA00F21E7D2242C1
:1045F0000ED0761CF6B21E75032E02D98E681643B5
:104600008E601B7D3C2B13D90B6913430B610FE0AC
:10461000361F382ECE6801D2164300E09643CE6096
:104620008E6896438E600E69964300220E611A755D
:10463000401C1228D6DB70BD2463002030EE601AC7
:10464000D0ED030AD0ED041A1B4A30EEE12AF0EE59
:10465000081AF0EE000A20EE210A21EE211A20EEBF
:10466000200AC0EE020AC1ED000A90ED030A90EDA7
:10467000042A10EE900A30EE422A904281EE020A9D
:10468000B1EE041A81ED010A01DB81ED001A0B483D
:104690000B68F9EE040A834201D3C1ED000A10EE63
:1046A000103A934201DB81ED011A4A68824201D33C
:1046B000C1ED010A704700000000A0400000A0C04A
:1046C00070B5A0F20120DDE90743A1B24DBA00EBBD
:1046D000C0021649200C44BA01EB820021F8225096
:1046E00044809CB264BA84801B0C837131F8223000
:1046F000048A0F4D1E1BAE4202DA038B5B1C04E0E2
:10470000E31AAB4202DA038B5B1E038331F82230DB
:10471000B0F9184003EB4433436131F822100182B1
:10472000C18B491CC1830121017770BD54620020F7
:1047300090E8FFFF30B5050A039C25706070080AF9
:10474000A070E170100A20716271180AA071E37103
:1047500030BD0000104810B50E49016003214160D2
:1047600000214FF410228160C0E903124FF40012BF
:104770004261017641768176C176017701214177E8
:10478000FDF7F7F8002803D0BDE81040FCF7AABCFD
:1047900010BD0000006400404C050020104810B51A
:1047A0000E4901600321416000214FF41022816015
:1047B000C0E903124FF4001242610176417681761E
:1047C000C176017701214177FDF7D3F8002803D0A6
:1047D000BDE81040FCF786BC10BD0000006800403A
:1047E00074050020154808B5016841F40011016006
:1047F000016801F400110091016841F48001016039
:104800000068002200F48000009005210C20FDF7D4
:10481000D5FD0C20FDF7C4FD002205213A20FDF74F
:10482000CDFD3A20FDF7BCFD002205214620FDF715
:10483000C5FDBDE808404620FDF7B2BD3038024056
:1048400010B5C6B000222421202003F097FE414C71
:10485000002224212060202003F090FE60600022CE
:104860002421102003F08AFEA060002219211020CC
:1048700003F084FEE0601C2237496846FBF730FEF7
:104880000021684603F0A3F8334920631C221C3141
:1048900007A8FBF725FE002107A803F098F82E498A
:1048A00060631C2238310EA8FBF71AFE00210EA807
:1048B00003F08DF8284920611C22543115A8FBF71C
:1048C0000FFE002115A803F082F8234960611C2225
:1048D00070311CA8FBF704FE00211CA803F077F838
:1048E0001D49A0611C228C3123A8FBF7F9FD002192
:1048F00023A803F06CF81849E0611C22A8312AA80B
:10490000FBF7EEFD00212AA803F061F8124960626E
:104910001C22C43131A8FBF7E3FD002131A803F0CC
:1049200056F80D4920621C22E03138A8FBF7D8FD6B
:10493000002138A803F04BF80749A0621C22FC3183
:104940003FA8FBF7CDFD00213FA803F040F8E0624F
:1049500046B010BD000000201C90000870B586B065
:1049600014216846FBF7EEFD1E480024016841F063
:1049700002010160016801F002010591016841F046
:1049800001010160016801F001010591016841F038
:1049900008010160016801F008010591016841F01A
:1049A00004010160016801F004010591016841F012
:1049B0008001016000680C4E00F080004FF48065BB
:1049C0000590002229463046FDF75AFC012000954B
:1049D000CDE90104694630460394FDF759FB06B062
:1049E00070BD000030380240001C024010B586B097
:1049F00014216846FBF7A6FD1B48002419490594BD
:104A0000C0E900147F218160FF21C0E903144461E3
:104A10008461FEF787FD08B1FCF764FB8DF8004068
:104A20008DF801408DF802400394012269460E483A
:104A30000494FEF72DFE08B1FCF754FB01208DF81D
:104A400014008DF815008DF8160002468DF81740F9
:104A500005A90548FEF7D0FD002801D0FCF742FB70
:104A600006B010BD002800409C0500200C4810B581
:104A70000A4901604FF4E1314160002181600C225C
:104A8000C160C0E904128161C161FFF707F9002824
:104A900003D0BDE81040FCF725BB10BD001001405D
:104AA000BC0500200D4810B50B4901600C49416060
:104AB0004FF4805181604900C16000210C22C0E99F
:104AC00004128161C161FFF7E9F8002803D0BDE855
:104AD0001040FCF707BB10BD004800400406002052
:104AE000A086010010B500220F49104801F0C0FC5B
:104AF00008B1FCF7F7FA0E490C4801F0D5FE08B1F1
:104B0000FCF7F0FA0B49094801F052FA08B1FCF73A
:104B1000E9FA064801F04CFF002803D0BDE8104038
:104B2000FCF7E0BA10BD00003C000020B4070020F4
:104B3000C00200208C000020FEE7000070B510EEDF
:104B4000102A6FF040434FF4800513440122B0EE69
:104B5000082AAB420BD2F8EE000A002370EEC00A1E
:104B60000B704A70C0ED000A30EE020A16E010EE3B
:104B7000103A2E4C4FF400061C440223B1EE401AAA
:104B8000F7EE000AF0EE001AB4420AD271EE600AA3
:104B90000A7030EE210A4B70C0ED000A80ED010A68
:104BA00070BD10EE104A032214F1814F0BD8B5EE00
:104BB000C00AF1EE10FA06D20B704A7080ED001AAE
:104BC00030EE200AEAE7B5EEC00A0423F1EE10FA4F
:104BD0000BDB10EE104AB4F17E5F06DA70EEC00A0D
:104BE0000A704B70C0ED000AD8E710EE102A0524B9
:104BF000A2F17E52B24208D231EEC01A0B704C7054
:104C000080ED001A30EE600AC8E710EE102AA2F11B
:104C10008042AA42C4D872EE400A0C7006224A7042
:104C2000C0ED000A30EE610AB8E70000FFFF7F40E8
:104C3000FEE700000148FDF73FBD0000B01E002068
:104C40009FED0A1AF7EE001A80ED001AC0ED031A64
:104C500080ED090AC0ED0A0AC0ED071A80ED081AB6
:104C6000C0ED0B1A80ED011A704700000000000033
:104C7000D0ED071AD0ED000A21EEA01A80ED011A3E
:104C8000D0ED090A90ED032A41EE820AC0ED040A34
:104C9000D0ED0A1A30EEA12AC0EE821A30EE412A77
:104CA000B0EE410AB7EE001AC0ED061A31EE611AF5
:104CB00001EE820A61EE200A80ED020AC0ED050ACB
:104CC000C0ED030A80ED000A704700002DE9F041B5
:104CD00003680D4604461E6C03EB4511D1F8080B22
:104CE00094F806E04FF400474FF0200C04F29C4289
:104CF000BEF1010F09D0DFF898E0764539D1020402
:104D000032D500BFC1F8087B3FE0224B5FEA007E4E
:104D100004D59E4239D90004F4D436E05FEA806EAF
:104D200002D5C1F808CB30E010F0280F2DD19E42FB
:104D300001D90004E6D405EBC50004EB8000D1F8EE
:104D4000101BD0F87432C1F31201591AC0F868125E
:104D500000F51570ADB903691BB1C2681144C1609B
:104D60000FE0012120680AE080060AD5C1F808CBCF
:104D700007E035B9D4F8640218B90021184602F0EA
:104D800099F9E9B22046FDF77FFB0020BDE8F081EC
:104D90000A31544F0A30544F2DE9F84F0E4601EBBB
:104DA000C60100EB810481460568D4E9091014347A
:104DB000884202D90120BDE8F88F081AA168814213
:104DC00000D20846C01C870805EB46181BE000BF50
:104DD000A0EB010AA068504500D282460AF1030008
:104DE000870899F8060000901FFA8AF3F2B2284665
:104DF000E16802F09DFCE16801EB0A00E060616996
:104E000001EB0A006061D8F8180980B2B84205D3F6
:104E1000D4E90401814201D20028D9D1D4E90401A6
:104E2000884208D806F00F0101208840D5F83418D0
:104E30008143C5F834180020BDE770B530EE601A24
:104E40002DED048B04460D4680EC020A80ED021A1B
:104E5000D0ED050A30EE600A80ED060A90ED070AF3
:104E600030EE010A80ED070AD0ED030AB0EE410AE8
:104E70000846FCF73DFA94ED080AD5ED000A95EDD9
:104E8000051A94ED098AD4ED0A8A00EE810AD5ED5F
:104E9000010A95ED061A94ED0B9A04F11C0000EE40
:104EA000818AD5ED020A95ED071A40EE818AD4ED8C
:104EB000020A20EE800A84ED0C0A94ED120AB8EE84
:104EC000400A02F00FFD94ED070A04F1400060EE85
:104ED000080AC4ED0D0A94ED020A94ED031A30EEAF
:104EE000410A20EE280A84ED0E0A94ED061A21EEFE
:104EF000091A84ED0F1AD4ED0C1A71EEA00A30EEE7
:104F0000800A30EE010A84ED100A94ED110AB8EE21
:104F1000400A02F0E7FC94ED020A84ED030A94EDE6
:104F2000000A84ED050A94ED100ABDEC048B70BDF7
:104F300010B5044680EC020A70EE600AC0ED020A69
:104F400090ED031A30EEC11A80ED041AD0ED051A67
:104F500030EE610A80ED060AD0ED081A61EEA01A63
:104F6000C0ED0C1AD0ED0D1A90ED092A04F13400B1
:104F700042EE201AC4ED0D1AD4ED0A0A61EE200AA1
:104F8000C4ED0E0AD4ED0B0A20EE800A84ED0F0A60
:104F900094ED130A02F0A6FC94ED0C0AD4ED0D0A70
:104FA00004F1400030EE200AD4ED0E0A30EE200A63
:104FB000D4ED0F0A30EE200A84ED100A94ED110AA8
:104FC00002F090FC94ED020A84ED030A94ED000ACD
:104FD00084ED050A94ED100A10BD000000F12001D7
:104FE00081EC040A9FED0B0A80ED0C0A80ED0E0A9D
:104FF00080ED0D0A80ED020A80ED030A80ED040ABF
:1050000080ED100A80ED010A80ED000A443080EC4A
:10501000032A704700000000008800B200EE100A6A
:10502000B8EEC00A7047002102E00A38C0B2491C3D
:105030000A28FAD2090740EA116070472DE9F041C9
:10504000044600680025C168490618D4C16841F0CB
:105050008001C160FDF71AF906464FF47A780427FB
:1050600007E000BFFDF712F9801B404501D96777C3
:1050700001252068C068400601D4002DF2D02846E2
:10508000BDE8F08170B5044600680025C16821F0D4
:105090008001C16020688068800606D42046FEF743
:1050A00057FB10B1042060770125284670BD000031
:1050B0002DE9F05FCA4DCB4C00262DED028BA88C5C
:1050C000012801D040B112E001210820FCF7B4F919
:1050D00038B9688C28B10AE001210820FCF7ACF946
:1050E00028B1AE802662E6612661E6602E76012157
:1050F0000020FCF7A1F99FEDBC8ABA4F243710B10C
:1051000094ED010A08E001210846FCF795F940B149
:105110006068404200EE100AB8EEC00A87ED010A4E
:1051200005E0B0482430FBF799FD87ED018AAD48D2
:10513000243000F043FA4042288001210220FCF78D
:105140007BF9DFF8A08208F1300820B1A068404266
:1051500000EE100A06E001210320FCF76DF930B1E2
:1051600094ED020AB8EEC00A88ED010A05E09D48F8
:105170003030FBF773FD88ED018A9A48303000F03B
:105180001DFA4042688001210620FCF755F90123F1
:1051900008B1E06828B101210620FCF74DF910B1F3
:1051A00009E0E36007E0E068012804D1E06928280D
:1051B00001DBE661E660DFF82C92B5F9041009F135
:1051C0003C09B9F90A00814209DAE068012806D1F0
:1051D000E069282803DA0A31A980401CE061012136
:1051E0000720FCF729F908B1206928B1012107201F
:1051F000FCF722F910B109E0236107E020690128DA
:1052000004D1206A282801DB26622661B5F9040052
:10521000B9F90810884209DD2169012906D1216AFE
:10522000282903DA0A38A880491C216200211120AC
:10523000FCF702F900286D496D4ADFF8B8C1287BF8
:1052400012D010B101280DD01BE02B7391ED000A94
:10525000BDEEC00A10EE100A688192ED000A8CEDD6
:10526000040A03E02E730CE001280AD191ED000A34
:10527000BDEEC00A10EE100A688192ED000A8CEDB6
:10528000040A01211020FCF7D7F820B902211020D0
:10529000FCF7D2F810B1687E012876D0032068733D
:1052A00001210D20FCF7C8F880B14FF416727A8105
:1052B00050423881A8F80A20A8F808004FF4487135
:1052C000A9F80A104FF6E041A9F8081001210E20B4
:1052D000FCF7B2F84FF4966ACAF1000B60B14FF4D4
:1052E00061727A8151423981A8F80A20A8F8081021
:1052F000A9F80AA0A9F808B001210F20FCF79CF832
:1053000078B1A7F80AA0A7F808B0A8F80AA0A8F8EA
:1053100008B04FF4C861A9F80A104FF6C011A9F8F7
:10532000081000210B20FCF787F8334F58B1B7F96C
:10533000120040F22621C84205DA00F50770788293
:10534000E87D801EE87500210C20FCF775F858B147
:10535000B7F9120040F6B831C84205DDA0F5077074
:105360007882E87D801CE8752448418901EB810141
:10537000298180890121C000E8800520FCF75CF8C4
:1053800078B1A06918B10DE0FFE76B7388E7287E5C
:1053900010B1012802D002E02B7600E02E76A36146
:1053A00000E0A66101210920FCF746F858B16069C8
:1053B00050B9687E10B1012802D002E06B7600E09F
:1053C0006E76636100E0666101210A20FCF734F823
:1053D00020B12B77BDEC028BBDE8F09F2E77F9E76B
:1053E000E461002068010020000000001C01002092
:1053F00020010020906300200C0200202463002084
:1054000030B5124B12481A461D7E0024B2F9042012
:10541000016A012D03D0511A9980046230BDC5691B
:1054200055B1012DFAD1C91ED21E01629A8011F523
:10543000967FF3DCC46130BDC91CD21C01629A8026
:10544000B1F5967FF7DB0121C16130BDE461002039
:10545000C80100208CB003F043FBDFF8D4B0354C1A
:10546000DFF8D490DFF8D4A0354E0DF110080A9083
:10547000344DE86880476868804733480068804753
:10548000CDF80080314A0023BBF93E105568BBF9C6
:105490001A001A46A84794F9410094ED0D2A00EE2F
:1054A000100A94F94000D4ED0C0AF8EEC01A00EE90
:1054B000100A2748B8EEC01A016894ED0B0A06A836
:1054C000884799F93910234800EE101A99F93810D5
:1054D00099ED0B2AF8EEC01A00EE101A0168D9ED0A
:1054E0000A0AB8EEC01A99ED090A08A88847CDF84B
:1054F0000080DAF8047055464FF400730022164914
:105500003068B84706A8009001236F68002213494D
:105510003068B84708A800906D68012300220E4942
:105520003068A84702210AA802F080FEA0E7000028
:10553000546200200C6200204C6300202C010020EB
:1055400008000020EC01002058020020600100202B
:1055500044010020B00100204C050020740500200B
:105560000178407841EA0020704700000E4910B5EC
:1055700091ED000A0D4A0E4CBDEEC00A10EE100A65
:1055800002F8380F91ED010ABDEEC00A10EE100AC4
:105590005070206880476068804706480649007957
:1055A0004968BDE810400847500200204C630020C5
:1055B00048020020400200200002002090EC020A75
:1055C00030EE200A80ED000AB0F9081000EE901AC3
:1055D000F8EEE00AB4EEE00AF1EE10FA05D200EEC1
:1055E000101AB8EEC00A80ED000AB0F90A10F0EE09
:1055F000400A00EE101AB8EEC00AF4EEC00AF1EE4E
:1056000010FA02DCB0EE600A05E000EE101AB8EE07
:10561000C00A80ED000ABDEEC00A10EE100A00B20A
:1056200070470000FFF75EFA094C4FF480650122D5
:1056300029462046FCF724FE642002F0BCF9002233
:1056400029462046FCF71CFE642002F0B4F9EEE780
:10565000001C024010B5502080F31188BFF34F8F1B
:10566000BFF36F8F03F042FA18B104494FF0805036
:105670000860002080F3118810BD000004ED00E0F8
:1056800030B593B030216846FAF75CFF14210CA8BE
:10569000FAF758FF1F480025016841F0805101606A
:1056A000006800F0805011901B48016841F480416F
:1056B00001600068022400F48040119009200090ED
:1056C0004FF4803001900120CDE90504800507905A
:1056D00006200890A820CDE9090407200B90684611
:1056E000FDF76AFD08B172B6FEE70CA90F2081E84C
:1056F00031004FF4A0500F904FF4805010900521CE
:105700000CA8FDF747FC002801D072B6FEE713B0E5
:1057100030BD00004038024000700040024801687F
:1057200041F470010160704788ED00E00148FEF728
:105730009CB800006C070020F0B50268274B284D8C
:10574000284E294F294C4FF0804C984209D0604593
:1057500007D0A84205D0B04203D0B84201D0A04241
:1057600004D122F0700E4A6842EA0E0298421BD021
:10577000604519D0A84217D0B04215D0B84213D016
:10578000A04211D01A4DA8420ED01A4DA8420BD0FB
:10579000194DA84208D0194DA84205D0184DA8426D
:1057A00002D0184DA84203D122F44075CA682A439A
:1057B0004D6922F080022A438D68C5620D688562BA
:1057C000984201D0A04201D109690163016841F00A
:1057D00004010160012141610260F0BD000001404F
:1057E0000004004000080040000C0040000401409C
:1057F00000400140004401400048014000180040C2
:10580000001C00400020004010B5806B0021C185C5
:10581000FEF702F910BD70B5846B2068406994F8FA
:105820004110C0F3C0100025212904D118B1E5842E
:10583000204600F08EF82068406994F84210C0F3CA
:105840008010222904D118B1E585204600F05AF8CD
:10585000606C40F0100060642046FEF7DDF870BD1B
:1058600010B50146806B096809684FF00002C90550
:105870002ED4C28501680C3151E8003F23F48073B7
:1058800041E80034002CF5D10168143151E8003FA3
:1058900023F0010341E80034002CF5D101681431F4
:1058A00051E8003F23F0400341E80034002CF5D1DB
:1058B000202180F84210016B012909D101680C31C7
:1058C00051E8003F23F0100341E80034002CF5D1EB
:1058D0004263016B012902D0FEF7DCFA10BD818D15
:1058E000FEF78EF810BD10B5806B01214163016B8E
:1058F000012902D0FEF7CFFA10BD818D4908FEF7CD
:105900007FF810BD01680C3151E8002F22F490722D
:1059100041E80023002BF5D10168143151E8002F34
:1059200022F0010241E80023002BF5D1016B01298F
:1059300009D101680C3151E8002F22F0100241E832
:105940000023002BF5D1202180F8421000210163B3
:10595000704701680C3151E8002F22F0C00241E885
:105960000023002BF5D1202180F84110704708B5A5
:1059700090F84210222901D0022008BD82684FF41D
:1059800080539A4201D1016921B1816A9A421BD0A8
:105990004AB10AE00268816A5268C2F308020A80CA
:1059A000816A891C08E0026972B10268526802F0DB
:1059B0007F020A70816A491C8162C18D491E0904F7
:1059C000090CC18503D01BE002685268F1E7016849
:1059D000CA6822F02002CA600168CA6822F4807294
:1059E000CA6001684A6922F001024A61202180F8F8
:1059F000421000214163026B012A03D0FEF74AFAEC
:105A0000002008BD016301680C3151E8002F22F02D
:105A1000100241E80023002BF5D101680A68D20684
:105A200002D50A6849680091818DFDF7E9FFE7E733
:105A300070B5044600680169E26821F440511143E1
:105A400001612169A068E269084361691143084363
:105A50002168CA6849F20C639A430243CA6020680D
:105A60004169A26921F440711143416131492068C3
:105A7000884202D03049884202D1FDF75BFB01E049
:105A8000FDF748FBE2690023192164253226B2F5AF
:105A9000004F626828D0A0FB0101930F9200FAF733
:105AA00063FC0146B0FBF5F06FF01802504301EBC8
:105AB000800006EB0010B0FBF5F000F0F002B1FB47
:105AC000F5F002EB0012B1FBF5F06FF0180358434C
:105AD00001EB800006EB0010B0FBF5F000F00F00CA
:105AE00021681044886070BDA0FB010192185B41E1
:105AF000FAF73AFC0146B0FBF5F00201B1FBF5F014
:105B00006FF01803584301EB800006EBC000B0FBB8
:105B1000F5F000F0F80002EB4002B1FBF5F058435D
:105B200001EB800006EBC000B0FBF5F000F00700D1
:105B3000D6E70000001001400014014038B5816232
:105B400004468285002013466064222284F84220A5
:105B5000E56B1F4AEA63E56B1E4A2A64E56B1E4A41
:105B6000EA64E26B10650A462168E06B091DFCF7E8
:105B700045FA30B110206064202084F842000120F2
:105B800038BD2068016840680090206948B12068ED
:105B90000C3050E8001F41F4807140E80012002AE8
:105BA000F5D12068143050E8001F41F0010140E8B1
:105BB0000012002AF5D12068143050E8001F41F08F
:105BC000400140E80012002AF5D1002038BD000055
:105BD00061580008E7580008175800080148FDF709
:105BE0001DBF000004060020064D88B04FF0FF34B2
:105BF00022466946286802F037FE684601F0ACFD8F
:105C0000F6E700000C000020CD2001F0F3FD02209B
:105C100002F0E6FAF8E72DE9F0410C46D0F8D4128C
:105C2000D0F8C82200EB8101D1F8C01229B304F0EA
:105C30000F0606EB860300EB830500276B694BB16B
:105C400006EBC60602EB8602D269B3FBF2F602FB54
:105C50001632A2B1C1F81472D0F8D42200EB82003F
:105C6000D0F8C40203692BB1D1F80802224601F52D
:105C7000047198470020BDE8F0810320FBE7002372
:105C80001A4621466F6100F0F0FDF3E770B5054656
:105C9000D0F8D40205EB8000D0F8C04294B1284679
:105CA00000F0C2FCC4F80C02D5F8D412D4F80402F7
:105CB00005EB8101D1F8C412CA6804F5037190475D
:105CC000002070BD032070BD70B5234D04462978B7
:105CD00000F0EAFB2878002600F00F0000EB8000BF
:105CE00004EB800080F823606978204600F0DCFB3C
:105CF000687800F00F0000EB800004EB800080F873
:105D00006361A978204600F0CFFBA87800F00F006F
:105D100000EB800004EB800080F82360C661D4F8BB
:105D2000D40204EB8000D0F8C01299B1D0F8C402BC
:105D300040688047D4F8D40204EB8000D0F8C00259
:105D400000F0BAFFD4F8D40204EB8000C0F8C062BF
:105D5000C4F8BC62002070BD6C02002010B5D0F801
:105D6000D41200EB8100D0F8C04284B1D0F8C41244
:105D700059B194F80002FF2807D08B6894F80122EB
:105D800021469847FF2084F80002002010BD032020
:105D900010BD00000A2101800048704770020020F9
:105DA00070B5064682210C4800F001FB0546012132
:105DB000094800F0FCFA04468121074800F0F7FA90
:105DC0000DB11021A971402104B1A18000B18180E1
:105DD00043203080004870BD7C02002070B506462C
:105DE00082210D4800F0E3FA054601210A4800F03F
:105DF000DEFA04468121084800F0D9FA0DB11021DD
:105E0000A9714FF4007104B1A18000B181804320D9
:105E10003080014870BD00007C02002070B506464D
:105E200082210C4800F0C3FA05460121094800F020
:105E3000BEFA04468121074800F0B9FA0DB11021DD
:105E4000A971402104B1A18000B18180432030803C
:105E5000004870BD7C0200202DE9F04704464FF455
:105E60000775284600F02AFF06004FF0000865D0AD
:105E70002946FAF767FBD4F8D4023E4D04EB8000C4
:105E80004FF01009C0F8C062C4F8BC62207C4FF427
:105E9000007A0127E8B3402302222978204600F047
:105EA0002EFC2878402300F00F0000EB800004EB6C
:105EB000800080F8237002226978204600F01FFCE1
:105EC0006878082300F00F0000EB800004EB8000EE
:105ED000032280F86371A978204601F00F0101EBDD
:105EE000810104EB8101C1F81C90A97800F007FC46
:105EF000A87800F00F0000EB800004EB800080F831
:105F00002370C6F80482D4F8D402474604EB80001C
:105F100000E01BE0D0F8C40206F501760068804777
:105F20003761776132687AB1207C00B340236978A9
:105F3000204600F0F0FB0020BDE8F087D4F8D41232
:105F400004EB8101C1F8C0820220F5E7534602222A
:105F50002978204600F0D3FB2878534600F00F0044
:105F600000EB800004EB800080F82370A3E7534629
:105F7000DDE700006C02002010B5D0F8D41200EB71
:105F80008101D1F8C01259B1027C084C002AD1F825
:105F9000042207D04023617800F0BDFB002010BD33
:105FA000032010BD4FF40073F5E700006C020020E1
:105FB00039B1D0F8D42200EB8200C0F8C41200201E
:105FC000704703207047D0F8D42200EB8200D0F84D
:105FD000C00218B1C0F804120020704703207047B7
:105FE000D0F8D43200EB8300D0F8C00228B1C0F85A
:105FF0001022C0F8081200207047032070472DE9D6
:10600000FC410646D0F8D4020C4606EB8000002185
:10601000D0F8C0728DF80010ADF804100D4637B1FD
:10602000217811F060022FD0202A4BD102E003200A
:10603000BDE8FC81E288F2B109060DD5D0F8C402B2
:1060400063783946D0F808C01846E047E288072A46
:1060500000D9072239462DE0607887F80002E088F1
:10606000402800D34020C2B287F80122394630468A
:1060700000F081F82BE0D0F8C40263780022866833
:1060800021461846B04722E0607830B101281ED082
:106090000A2809D00B2815D110E096F89C02032895
:1060A00010D1022201A905E096F89C02032809D12B
:1060B00001226946304600F07AF808E096F89C0222
:1060C000032804D02146304600F04AF8032528462C
:1060D000AEE7000010B5D0F8D41200EB8101D1F882
:1060E000C02201211AB1D2F8143213B116E00320F4
:1060F00010BD0121C2F814120949D2F810320978F2
:1061000001F00F0404EB840400EB84046361D2F813
:106110001032D2F8082200F0A8FB0021084610BD7A
:106120006C02002010B5D0F8B822002452689047C5
:1061300000B10324204610BD0020704700207047A6
:10614000134610B50A46002100F0E5FA002010BD04
:10615000134610B50A46002100F087FB002010BD51
:1061600010B50446802100F061FB2046BDE81040D8
:10617000002100F05BBB10B50323C0F89432C0F8D7
:106180005421C0F858211346C0F864110A46002172
:1061900000F0C1FA002010BD10B50521C0F894121E
:1061A00000231A46194600F0B6FA002010BD10B5BB
:1061B0000223C0F8943242618261134641620A466A
:1061C000002100F052FB002010BD10B50421C0F8E2
:1061D000941200231A46194600F047FB002010BD18
:1061E00010B50A46024903A000F00FF9004810BD9F
:1061F000900A002043444320436F6E6669670000A5
:1062000012200880004870475C00002010B50A4644
:10621000024903A000F0F9F8004810BD900A0020E0
:1062200043444320496E74657266616365000000F3
:1062300004200880004870475800002010B50A4626
:10624000024903A000F0E1F8004810BD900A0020C8
:1062500053544D6963726F656C656374726F6E69D8
:106260006373000010B50A46024903A000F0CDF8A0
:10627000004810BD900A002053544D333220566917
:10628000727475616C20436F6D506F727400000002
:1062900010B51A2008800A480168001D0468001D16
:1062A0000068081809D008220649FDF715FE0549BF
:1062B000042210312046FDF70FFE0248801E10BD5B
:1062C000107AFF1F72000020F8B504460020ADF8D8
:1062D000000048880D46010A08295FD2DFE801F076
:1062E0005E0409175E5E3C45D4F8B412207C0A684F
:1062F00019E0207C02260028D4F8B80205D0C16A33
:10630000684688470146467039E0816AF8E7C0B2BE
:10631000062843D2DFE800F0030A1014181CD4F852
:10632000B402426805E0694690471CE0D4F8B40224
:10633000826892B3207CF6E7D4F8B402C268F8E72A
:10634000D4F8B4020269F4E7D4F8B4024269F0E781
:10635000D4F8B4028269ECE7207CF0B9D4F8B80232
:10636000416B68468847014609E0207CA8B9D4F80B
:10637000B802016B68468847014607204870EA88E2
:106380008AB1BDF8000040B1824200D90246ADF8A2
:1063900000202046FFF70BFFF8BDFFE72946204607
:1063A000FFF7DEFEF8E72046FFF70FFFF4E778B5CA
:1063B0000E4642880178002504468A4212D9ADF87B
:1063C00000100AE0694600F019F84178052904D167
:1063D00081780546B14205D000256188BDF80020CE
:1063E0009142EFD8284678BD0146002002E0401CCB
:1063F000C0B2491C0A78002AF9D170470A8803788C
:106400001A440A8001780844704770B516460D4654
:10641000002820D00446FFF7E7FF022101EB4001EE
:106420004FF40070814204D82046FFF7DDFF4000A2
:10643000801C308030782870032068700220002291
:1064400006E02954401CC0B22A54401CC0B2641C4F
:1064500021780029F5D170BD01004FF0000004D073
:10646000012901D0022901D0032070470120704783
:1064700078B10023C0F8B832C0F8C432C0F8D032C6
:1064800009B1C0F8B412012180F89C12027000F02A
:10649000CFB80320704710B5D0F8C802FCF736F823
:1064A000BDE81040FFF7D8BF10B5D0F8C802FCF720
:1064B00008F8BDE81040FFF7CFBF70B504460025CF
:1064C00021B194F89C02032846D050E0D4F89412ED
:1064D00004F11400022939D1818942688A420AD91B
:1064E000511A416082890169114401614268204664
:1064F000FFF72EFE0FE0914214D10068884211D3BD
:10650000D4F8981288420DD2002211462046FFF797
:106510001FFEC4F8985200231A461946204600F080
:10652000FAF813E094F89C02032808D1D4F8B802D2
:10653000C16821B1C4F8D452C1682046884780217F
:10654000204600F073F92046FFF726FE94F8A002DB
:1065500068B184F8A0520AE0D4F8B802426932B1B6
:10656000C4F8D452426920469047002800D1002048
:1065700070BD10B50446002221B194F89C02032896
:1065800034D03EE0D4F8941204F5AA70032938D12F
:10659000818943688B420ED9591A41608289016909
:1065A0001144016142688089824200D80246204637
:1065B000FFF7C6FD25E094F8AA0210F01F0003D0F3
:1065C000012802D0022800D0002294F89C0203285F
:1065D00008D1D4F8B802016921B1C4F8D422016904
:1065E000204688472046FFF7F0FD0AE0D4F8B802BD
:1065F000836933B1C4F8D4228269204690470028C9
:1066000000D1002010BD0020704710B500240121EA
:1066100080F89C12D0F8B82222B1526801799047D4
:1066200000B10324204610BDD0F8C802FBF79BBF81
:1066300010B5017839BB15490222C1F8E004C0F851
:10664000C8124FF0A040086004200871CA710020F1
:1066500088714A728872C87208738873C873084652
:10666000FCF7E0FA08B1FAF73DFD80210748FBF797
:10667000D8FE402200210548FBF7D7FE80220121E9
:106680000248FBF7D2FE002010BD0000B01E002023
:106690000A0601F07F01D0F8C80201EBC10100EB4E
:1066A000810001D5807D704790F85602704710B583
:1066B000D0F8D42200EB8202D2F8B82222B190F8AE
:1066C0009C32032B02D004E0032010BD126A02B1F9
:1066D0009047002010BD10B5D0F8D42200EB820204
:1066E000D2F8B82222B190F89C32032B02D004E0F9
:1066F000032010BD526A02B19047002010BD10B5B2
:106700001C461346D0F8C8022246FBF735FFBDE809
:106710001040FFF7A1BE10B5D0F8C802FBF75DFF2F
:10672000BDE81040FFF798BE2DE9F0410026012595
:10673000044680F89C52C4F894626660C4F8A4626F
:1067400080F8A062D0F8B80230B1426822B10021CE
:106750002046904700B103260022402311462046E0
:10676000FFF7CDFF402784F86351A4F860713B46E2
:10677000002280212046FFF7C2FF84F8235027849F
:106780003046BDE8F08190F89C12042903D190F8BE
:106790009D1280F89C120020704710B590F89C1252
:1067A000032905D1D0F8B81211B1C96901B18847E0
:1067B000002010BD01740020704710B5D0F8C80249
:1067C000FCF7F6FABDE81040FFF746BE70B5044688
:1067D00000F2AA20054600F051F80120C4F8940206
:1067E000B4F8B002C4F8980294F8AA0210F01F019D
:1067F0000AD001290ED0022912D000F080012046D3
:10680000BDE8704000F012B829462046BDE870404F
:1068100000F0D0B829462046BDE8704000F013BA19
:1068200029462046BDE8704000F05AB910B5D0F8AE
:10683000C802FBF7EEFEBDE81040FFF70DBE10B535
:10684000D0F8C802FCF7CEFABDE81040FFF704BE4E
:1068500090F89C12042903D090F89C1280F89D12A5
:10686000042180F89C120020704710B5D0F8C802AF
:10687000FBF708FFBDE81040FFF7EEBD70B5054619
:1068800011F8010B2870087868704C1C2046FEF740
:1068900067FE6880A41C2046FEF762FEA880A01C4C
:1068A000FEF75EFEE88070BD38B504460020ADF806
:1068B0000000A1B1C4F8B812D4F8D40204EB8000EF
:1068C000D0F8B802C16A19B168468847C4F8D00246
:1068D000D4F8D802401CC4F8D802002038BD0320E8
:1068E00038BD02460020D2F8B832002B02D01B6817
:1068F00010461847704700002DE9F04188462B4E9E
:106900008978002504463170012906D94146204680
:10691000FFF726FC0320BDE8F08194F89C020227D3
:1069200002280CD003281DD041462046FFF718FC52
:1069300031782046FFF7F6FB03252846EBE789B3BD
:1069400020466160FFF7CDFF050004D04146204698
:10695000FFF706FC1DE02046FFF737FC032084F814
:106960009C02EAE7C1B1606888421BD0C1B22046F0
:10697000FFF7D8FB317820466160FFF7B2FF0500D2
:1069800010D041462046FFF7EBFB21792046FFF768
:10699000C9FB84F89C72D0E784F89C722046616041
:1069A000FFF7C0FB2046FFF710FCC6E76A02002095
:1069B000FFF745BF2DE9F0410A78002512F060028B
:1069C0000CD0202A01D0402A7DD1D0F8D42200EB6F
:1069D0008202D2F8B8229268904731E04B780022C8
:1069E00001260A2B6FD2DFE803F041666E586E086D
:1069F000056E2D29FFF768FC67E004468888D8B942
:106A0000C888C8B94888802816D200F07F0794F853
:106A10009C02032810D084F89E7239462046FFF766
:106A2000CCFE2046FFF7D1FB1FB1022084F89C0268
:106A30004BE084F89C6248E0204644E0FFF75CFFAE
:106A4000054642E0CB88012B3DD190F89C32012BCA
:106A500004D0022B02D0032B35D104E08260012246
:106A600000F1080116E00122011D13E090F89C22BC
:106A7000012A03D0022A01D0032A24D1CA88022A7B
:106A800021D1C660D0F8A41209B10321C16002224D
:106A900000F10C01FFF78BFB17E04A88012A02D0B6
:106AA000022A03D00FE0C0F8A46216E08988090A20
:106AB00080F8A01211E090F89C32012B08D0022B34
:106AC00006D0032B04D0FFF74BFB2846BDE8F0812E
:106AD00049880129F9D1C0F8A422FFF776FBF4E731
:106AE0002DE9F041054608780C790E464FF0000874
:106AF00010F060000BD0202801D040286BD1214637
:106B00002846FFF719FBFF2800D0D8B398E070782B
:106B1000C8B3012824D003285DD195F89C0202282F
:106B200002D0032857D10CE0002C54D0802C52D036
:106B300021462846FFF77AFE80212846FFF776FE99
:106B40007EE0708840B93CB1802C05D0C88818B967
:106B500021462846FFF76AFE2846FFF736FB6FE01E
:106B600095F89C020228DFD0032866D1708888BB84
:106B7000600603D021462846FFF78DFC2846FFF724
:106B800024FBBCE700E00AE0C5F8D402D5F8B8025F
:106B90008268FAB1314628469047804650E095F821
:106BA0009C020027022802D0032846D114E00CB131
:106BB000802C42D1200604F07F0000EB800005EB22
:106BC000800101D5143101E001F5AA71022201F81A
:106BD0000E7F2EE034E030E0200604F00F0000EBE2
:106BE000800005EB80000AD590F8230028B304F05C
:106BF0007F0000EB800005EB800614360AE090F879
:106C00006301D0B104F07F0000EB800005EB80064B
:106C100006F5AA764CB1802C07D021462846FFF70E
:106C200037FD10B10120B07300E0B773022206F106
:106C30000E012846FFF7BBFA02E02846FFF790FA5C
:106C40004046BDE8F08170B50546087800240E4640
:106C500010F0600003D0202801D0402827D195F8FB
:106C60009C02012803D0022801D003281FD1B0883C
:106C7000C1B201291AD8C1B22846FFF75FFAFF282E
:106C80000CD058B9D5F8B8128A683AB1C5F8D40210
:106C90008A68314628469047044600E00324F0887D
:106CA000204307D12846FFF790FA03E031462846F3
:106CB000FFF756FA204670BD704700000048704745
:106CC000901C002070B50A78012302F00F054E7861
:106CD000AB401B4CD0F81C58012E17D045EA03439B
:106CE000C0F81C3800EB4210D0F8002B12040BD473
:106CF000D0F8002B0B890979C3F30A031A4344EA3D
:106D000081410A43C0F8002B002070BD9BB21D4397
:106D1000C0F81C5800EB4210D0F800391B04F3D423
:106D2000D0F800390D890979C5F30A0589042B4388
:106D300041EA82510B432343C0F80039E4E70000E5
:106D400000800010D0F800196FF30A01C0F8001994
:106D5000D0F8041841F48071C0F80418002070477E
:106D600070B50D460446C2F3072104981E4601295A
:106D70001BD0E06840F04000E060204600F032F8B0
:106D8000C6F307210029A16B26D021F48031A1632D
:106D9000C5F30741012907D1A16841F00601A160AF
:106DA000A16841F02001A16070BDA16B21F4803188
:106DB000A163E1680A4A1140E160E16821F44011F1
:106DC000E160C0B2012803D1E06840F48010E060C7
:106DD000204600F007F8DBE741F48031D7E70000F8
:106DE000BFFFBDFF08B5002100914FF07061009A10
:106DF000521C00928A4210D80269002AF7DA0A224D
:106E00000092521E0092FCD1026942F0010202611E
:106E1000009A521C00928A4201D9032008BD0269DF
:106E2000D207F5D1002008BD30B54C780A7801238F
:106E300000EB4212012C2CD0D2F8004B002C0BDAC4
:106E4000D2F8004B44F00064C2F8004BD2F8004B7B
:106E500044F08044C2F8004BD0F83C580C7804F061
:106E60000F0403FA04F425EA0444C0F83C48D0F8BF
:106E70001C48097801F00F018B4024EA0341C0F857
:106E80001C18D2F8000B19490840C2F8000B00206A
:106E900030BDD2F80049002C0BDAD2F8004944F09A
:106EA0000064C2F80049D2F8004944F08044C2F8B6
:106EB0000049D0F83C480D7805F00F0503FA05F5B8
:106EC000ADB2AC43C0F83C48D0F81C48097801F09A
:106ED0000F018B4099B28C43C0F81C48D2F80009CE
:106EE00003490840C2F80009D1E700000078F3EF39
:106EF000007833ECD0F8001E21F00301C0F8001E2A
:106F0000D0F8041821F00201C0F8041800207047DE
:106F1000D0F8001E21F00301C0F8001ED0F80418BC
:106F200041F00201C0F80418002070472DE9F04F2D
:106F300000250E46044617462846294604EB8002E3
:106F4000C2F80411401C0F28F8D3C3F307405FEACE
:106F50000009204616D0806B20F40012A263A06BBB
:106F600040F40022A263084688462146C4F8000E79
:106F7000C7F30720012817D00846D1F8001841F0C0
:106F8000030118E0D0F8040840F00202C4F8042815
:106F9000A06B40F40012A263A06B20F40022A26355
:106FA000A06B20F48022DDE7300E0846D1F80018EF
:106FB00001D041F00101C0F80018102100F08BFA57
:106FC00000B10125204600F06AFA00B101254046D3
:106FD000C4F81088C4F81488C4F81C8800214FF045
:106FE000006B4FF0904E4FF67F3AF2B215E000BFC3
:106FF00004EB4113D3F800C9BCF1000F06DA11B15C
:10700000C3F800E904E0C4F800B901E0C3F80009DE
:10701000C3F81009C3F808A9491C8A42E8D800211E
:1070200015E000BF04EB4113D3F800CBBCF1000F17
:1070300006DA11B1C3F800EB04E0C4F800BB01E0CC
:10704000C3F8000BC3F8100BC3F808AB491C8A4205
:10705000E8D8D4F8101821F48072C4F81028A06180
:107060006FF080406061C6F3074018B9A06940F036
:107070001000A061A0690A490843A061C7F3074056
:1070800018B1A06940F00800A061B9F1010F03D167
:10709000A06904490843A0612846BDE8F08F0000BC
:1070A00000383C8004000040816821F001018160CB
:1070B0000020704710B5036C134CA34203D9D0F8DD
:1070C000003B002B1EDB0023C0F8103BD0F8103B28
:1070D00043F40023C0F8103BD0F8103B43F01803F2
:1070E000C0F8103BD0F8103B43F0C043C0F8103B51
:1070F000012907D1C0F8142BD0F8001B41F08021E2
:10710000C0F8001B002010BD0A30544F4A780B789D
:10711000012A00EB43100BD0D0F8002B22F4001210
:10712000C0F8002B0979032914D0022912D017E0E6
:10713000D0F8002922F40012C0F8002909790329A7
:1071400001D002290CD1D0F8001941F08051C0F8CB
:10715000001905E0D0F8001B41F08051C0F8001B79
:10716000002070470A784B78D1B200EB4110012B18
:1071700012D0D0F8001B002906DB2AB1D0F8001B82
:1071800021F08041C0F8001BD0F8001B41F4001131
:10719000C0F8001B00207047D0F80019002906DB5A
:1071A0002AB1D0F8001921F08041C0F80019D0F8B8
:1071B000001941F40011C0F80019EBE7F8B50C789C
:1071C0004F788B4DE3B26FF0604600EB4313012F15
:1071D00029D0D3F8107B6FF31207C3F8107BD3F8D4
:1071E000107B2F40C3F8107B002C7DD00D69002D43
:1071F0007BD08C6825446D1EB5FBF4F5ADB26C43B5
:107200000C62D3F8104B06EAC5452C43C3F8104B6B
:10721000D3F8104B0D6AC5F312052C43C3F8104B7D
:10722000012A70D0CBE00F69EFB1D3F810796FF37A
:107230001207C3F81079D3F810792F40C3F81079EA
:107240000CB30F698D682F447F1EB7FBF5F5D3F89B
:107250001079ADB206EAC5463743C3F810790E7906
:10726000012E1CD02AE0D3F810692E40C3F8106913
:10727000D3F8105945F40025C3F81059D3F8105924
:107280006FF3120520E00E698D68AE4200D90D61E2
:10729000D0F8105945F40026C0F810690EE0D3F874
:1072A000106926F0C046C3F81069D3F810694FF092
:1072B000C04707EA45752E43C3F81069D3F8105943
:1072C0000E69C6F312063543C3F81059012A1BD0C4
:1072D00000EB4413D3F8004944F00444C3F80049D8
:1072E0000C79012C31D001E044E057E00A695AB32F
:1072F000D0F83428097801F00F03012199400A439E
:10730000C0F8342871E056E0CA691AB100EB4413A2
:10731000C3F81429097901290ED1D0F80818C90534
:1073200000EB4411D1F8002902D442F0005201E0F0
:1073300042F08052C1F8002900EB4410D0F8001947
:1073400041F00441C0F800194FE0D0F80848E405C6
:10735000D3F8004902D444F0005401E044F08054D2
:10736000C3F8004900920A8A93B20A78C96800F00B
:10737000DFF93AE00C690CB18C680C618C680C6226
:10738000D0F8105BC4F312042543C0F8105BD0F8AA
:10739000104B44F40024C0F8104B41E7D3F8104BD5
:1073A0008D68C5F312052C43C3F8104BD3F8104B6E
:1073B00044F4002432E7CA680AB1C3F8142B0979EF
:1073C00001290CD1D0F80808C005D3F8000B02D46D
:1073D00040F0005001E040F08050C3F8000BD3F8BB
:1073E000000B40F00440C3F8000B0020F8BD000083
:1073F000FFFF07E038B50022009213464D780A7867
:1074000042F2107400EB4212012D19D0D2F8005B49
:10741000002D3CDAD2F8005B45F00065C2F8005B55
:107420000A7800EB4212D2F8005B45F08045C2F8C2
:10743000005B009A521C0092A24221D9012326E04F
:10744000D2F80059002D22DAD2F8005945F0006533
:10745000C2F800590A7800EB4212D2F8005945F000
:107460008045C2F80059009A521C0092A242E5D809
:107470000A7800EB4212D2F80029002AF3DB06E07A
:107480000A7800EB4212D2F8002B002AD1DB184612
:1074900038BD816841F0010181600020704708B566
:1074A00000214FF070620091009B5B1C009393429F
:1074B0000AD80369002BF7DA0091102101610099C5
:1074C000491C0091914201D9032008BD0169C906F8
:1074D000F5D4002008BD18B500224FF0706300926B
:1074E000009C641C00949C420CD80469002CF7DAC0
:1074F0000092202242EA811101610099491C009109
:10750000994201D9032018BD01698906F5D40020EC
:1075100018BDD0F8080810F0060004D0022803D0E7
:10752000062801D00F20704702207047406900F004
:1075300001007047D0F81818D0F81C08084080B235
:107540007047D0F81818D0F81C080840000C704795
:1075500010B5D0F81038D0F8342801F00F0400EB43
:107560004110E24002F00102D0F8080943EAC212D9
:10757000104010BD00EB4111D1F8081BD0F81408E1
:1075800008407047416980690840704730B503463C
:107590000846940802F00301002203F5805303E03B
:1075A0001D6840F8045B521CA242F9D300290BD09D
:1075B0001C680022D50024FA05F3491E521C090458
:1075C00000F8013B090CF5D130BD70B50446C06828
:1075D000002520F0C040E060012901D079B120E011
:1075E000E06840F00050E0600A20FAF73FFD606973
:1075F0000A3510F0010F10D1C82DF5D30DE0E06869
:1076000040F08040E0600A20FAF730FD60690A35FA
:1076100010F0010F01D0C82DF5D3C82D01D00020E6
:1076200070BD012070BDD0F8002822F4FE62C0F8C1
:107630000028D0F800284FF4FE6303EA01110A4342
:10764000C0F8002800207047022A3ED1264A274B66
:107650000A449A4201D20F2138E0254A254B0A44B8
:107660009A4201D20E2131E0234A244B0A449A4225
:1076700001D20D212AE0224A224B0A449A4201D229
:107680000C2123E0204A214B0A449A4201D20B21CB
:107690001CE01F4A1F4B0A449A4201D20A2115E0FE
:1076A0001D4A1E4B0A449A420FD31D4A1D4B0A44E1
:1076B0009A4201D2082109E01B4A11441B4A914217
:1076C00001D2072102E0062100E00921C26822F46C
:1076D0007052C260C2684FF4705303EA81210A43BA
:1076E000C260002070470000405327FF00350C00A7
:1076F000401E1BFF40420F0000DC0BFF804F1200BA
:10770000808CF9FE20D6130060B6E5FE60E316001B
:1077100000D3CEFE40771B00C05BB3FEC0912100BA
:1077200000CA91FE20753800E05459FEE09C4100EB
:1077300010B5029C74B9DB1C9C0800EB02300023DE
:1077400000F5805004E000BF51F8042B02605B1C80
:10775000A342F9D3002010BD70B50446007842283A
:1077600017D16078522814D1A0781D4D18B1CD28BA
:1077700010D0FF280DD11B4890ED010A1A4885ED65
:10778000020AB0F90E0000EE100AB8EEC00A85ED4C
:10779000010A70BDE1782046491D00F080F80028FC
:1077A000F7D060689FED111A00EE100ADFED100AA5
:1077B00004F10800064640EE010AC5ED020AFDF795
:1077C0002BFC85ED010AA07A012800D0002028704A
:1077D0006068E8603046FDF71FFC85ED040A70BD67
:1077E000180100200C620020E46100209AF9A244F4
:1077F00052B89E3F00B52449244B89B00A69B3EEC4
:107800000B0A9A4201DB00EE102A214A9FED211A51
:10781000D2ED010ACA89ADF81C2042228DF8002061
:10782000522270EEC10A8DF801208DF80200CD2899
:107830001FD1194A5088431C5380C82801D3002007
:1078400050800F208DF803008DED010ACDED020A66
:10785000BDF81C00ADF80C005088ADF80E00C87ED5
:107860008DF810008888ADF8110014216846F8F7EB
:107870008BFF19216846F9F7ABF81C216846F8F729
:1078800061FE09B000BD0000E46100200000A040DE
:107890000C62002052B89E3F18010020FEE770B530
:1078A0000C4605000CD0022C0AD9FF22611EF9F704
:1078B000D9FD291911F8011C814201D1012070BDA7
:1078C000002070BD0907090E002804DB00F1E0204C
:1078D00080F80014704700F00F0000F1E02080F8FD
:1078E000141D7047D0ED000AF4EEC00AF1EE10FA54
:1078F00001DD80ED000AD0ED000AB1EE400AF4EEA1
:10790000C00AF1EE10FA01D280ED000A70470121A1
:1079100031EE601A814070EE600A491E00EE101AC6
:10792000B8EEC00A20EE800AC0EE010ABDEEE00A01
:1079300010EE100A7047012131EE601A814070EE9E
:10794000600A491E00EE101AB8EEC00A20EE800A46
:10795000C0EE010ABDEEE00A10EE100A704700000A
:10796000DFED052AC0ED002AC0ED012AC0ED022A94
:107970000C3080EC050A704700000000FAF794FC18
:10798000FDF77EFEFCF7EAFFFCF72CFFFCF7E2FEBA
:10799000FCF704FFFDF72AF8FDF784F8FDF766F819
:1079A000FCF74EFF00F00EF8FEE7014600208429A8
:1079B00000D0C81C704710B500B9012000F010FCC1
:1079C000002010BD10B500F0F3FC002010BD7FB505
:1079D0000D4604464169B0F9080081B1A16971B151
:1079E000FFF7E3FFD4E905128DE80700D4E90010A2
:1079F0002B46226901F03BF8039004B070BDFFF7FD
:107A0000D4FF03A9CDE90001208A2B4682B2D4E934
:107A1000001000F0FFFF012801D00020EDE70398DF
:107A2000EBE700002DE9F041184C0F460546E668EB
:107A30002068001D00F0E2FA38B9206890F82C1098
:107A400001208840216981432161681C07D137B139
:107A50002168BDE8F0410E48091D00F013BB206805
:107A60003544B5424560216805D2A06BBDE8F041C0
:107A7000091D00F0EFBA606B091D00F0EBFAA06A77
:107A8000854200D2A562BDE8F0810000B000002070
:107A9000702400202DE9F041054600F0FFFA2E4C3D
:107AA000A068401CA06020682C4F10B1606940B3F2
:107AB0002DE02560A068012829D1002606EB86006C
:107AC00007EB800000F0B8FA761C072EF6D32348A7
:107AD0008C3000F0B1FA2148A03000F0ADFA1F4818
:107AE000B43000F0A9FA1D48C83000F0A5FA1B48D0
:107AF000DC3000F0A1FA19488C3060631430A063C8
:107B000005E02068E96AC06A884200D82560606A9A
:107B1000401C6062E96A01202269884010432061AC
:107B200001EB810007EB8000291D00F0ABFA00F0AB
:107B3000D5FA606900280CD02068E96AC06A8842DA
:107B400007D207494FF080500860BFF34F8FBFF353
:107B50006F8FBDE8F0810000B0000020942300206A
:107B600004ED00E030B4026C0B46002A0BD0C16873
:107B70001144C1608468A14201D30168C16030BC76
:107B80001846F8F768BC30BC70472DE9F041856BAA
:107B9000174604460026026C82B1C7B1E068F8F7C8
:107BA0005AFCE168206C091AE1602268914202D215
:107BB000A168081AE060022F16D017E02068A8B963
:107BC000A06800F0F9FF06460020A0600EE06068A3
:107BD000F8F741FC216C606808446060A168884245
:107BE00004D32068606001E005B16D1E6D1CA563C3
:107BF0003046BDE8F08110B5044690F8510058B108
:107C000001280CD002280FD0502080F31188BFF338
:107C10004F8FBFF36F8FFEE7206B00F073FA2046A3
:107C2000BDE8104000F06EBA10BD000010484FF4DF
:107C30007051420706D0C01D0D4920F00700411ABF
:107C4000C1F570510B4A00230144C2E90003083911
:107C5000183A21F0070111604B600B600B1AC0E964
:107C6000001393604FF00040536050617047000074
:107C70008424002004010020144E154CA6F1C807EE
:107C80004FF08058DFF84C9012E000BF00F006FA89
:107C9000F068C568281D00F0B1F9A068401EA0601A
:107CA0006068401E606000F019FA2846FFF7A3FFE5
:107CB00060680028EAD138680128F9D9C9F800803D
:107CC000BFF34F8FBFF36F8FF2E700005C240020FB
:107CD000B000002004ED00E00346009829B10260E6
:107CE000C0E90F31012100F06BBC0060F8E72DE91D
:107CF000F0479A46DDE9098481466FF00303206B63
:107D000003EB82021044089E20F00707780707D093
:107D1000502080F31188BFF34F8FBFF36F8FFEE7C2
:107D2000002561B1002023180A5C83F834200A5C26
:107D300012B1401C1028F6D384F8435001E084F8B7
:107D40003450072E00D30626E662C4E91165201DD3
:107D500000F07DF904F1180000F079F92461C6F112
:107D600007006462A061E56484F8505052464946B9
:107D7000384600F005F92060B8F1000F01D0C8F8CE
:107D80000040BDE8F087000030B5114900E0114621
:107D90000A688242FBD34B685C18844203D1406876
:107DA00018444860084643681C18944209D1084C9E
:107DB000183C2468A24209D052681A4442600A68FA
:107DC00012680260814200D0086030BD0460F9E7AB
:107DD0000401002010B5044600F060F9A06B28B142
:107DE0005FF0000400F07AF9204610BD0124F9E7A5
:107DF0000648416B096829B1416BC968C96849687F
:107E0000816270474FF0FF31FAE70000B0000020B8
:107E100008484068401C4FF0500080F3118804D09F
:107E2000BFF34F8FBFF36F8FFEE7BFF34F8FBFF3EB
:107E30006F8FFEE70C0100202DE9F041044600F0B1
:107E40002DF994F9455004F1240609E0606A48B11F
:107E5000304600F0FDFE08B100F08CFA6D1E6DB2E8
:107E6000002DF3DC4FF0FF3684F8456000F036F962
:107E700000F014F994F9445004F1100709E0206966
:107E800048B1384600F0E4FE08B100F073FA6D1E08
:107E90006DB2002DF3DC84F84460BDE8F04100F0E1
:107EA0001DB900002DE9F0410546002700F0B6FAA3
:107EB000324E306808B9FFF7B9FE706905424ED1FD
:107EC000C5B3083568070ED005F00700C0F10800FB
:107ED0000544680707D0502080F31188BFF34F8F07
:107EE000BFF36F8FFEE72DB37068854237D8234804
:107EF000183001460C6801E020460C466168A94232
:107F000002D221680029F7D131688C4227D0076856
:107F10002168016060680837411B10290FD960197A
:107F2000420708D0502080F31188BFF34F8FBFF372
:107F30006F8FFEE713E041606560FFF725FF616822
:107F40007068401A7060B268904200D2B060706988
:107F500001430020C4E90001F068401CF06000F01B
:107F6000B1FE780707D0502080F31188BFF34F8F00
:107F7000BFF36F8FFEE73846BDE8F081EC000020CC
:107F800010B5031F4FF080741C601B1F21F001010E
:107F90001960191F044B0B6014390A60091F6FF038
:107FA000020244380A6010BD117E000801EE100A7A
:107FB00070EEC00A0120B8EEC11A8840401E21EEC2
:107FC000201A00EE900AF8EEE01AC1EE210A30EE17
:107FD000800A704701EE100A70EEC00A0120B8EE68
:107FE000C11A8840401E21EE201A00EE900AF8EED9
:107FF000E01AC1EE210A30EE800A7047D0E9013262
:1080000001699A60D0E901235A604A68824201D12D
:1080100082684A60002202610868401E08600868A1
:1080200070470000034B036003F154000860802098
:1080300010607047F802002000F108014FF0FF3295
:10804000C0E90112C1600161002101607047002197
:108050000161704730B50B685A1C02D000F108026C
:1080600002E0026904E02246546825689D42FAD97C
:1080700053684B6099608A60516008610168491CCF
:10808000016030BD42684A6093688B6093685960B4
:10809000916008610168491C01607047502080F3BD
:1080A0001188BFF34F8FBFF36F8F0A494868401C98
:1080B000486001280CD10848006810F0FF0F07D075
:1080C000502080F31188BFF34F8FBFF36F8FFEE70F
:1080D000704700000C01002004ED00E008494868EA
:1080E00028B1401E486001D180F3118870475020AC
:1080F00080F31188BFF34F8FBFF36F8FFEE700004F
:108100000C01002070B500282AD0164DA0F10804FB
:1081100060686969084207D1502080F31188BFF375
:108120004F8FBFF36F8FFEE722683AB1502080F384
:108130001188BFF34F8FBFF36F8FFEE788436060F6
:1081400000F06CF960686968084468602046FFF7D1
:108150001BFE2869401C2861BDE8704000F0B2BDDC
:1081600070BD0000EC0000204FF0E0200021016114
:10817000816105494FF47A720968B1FBF2F1491E39
:108180004161072101617047AC00002010B5F8F78C
:10819000C7F8114910280ED300F1E02090F8F00341
:1081A0000A78904207D2502080F31188BFF34F8F96
:1081B000BFF36F8FFEE709480068896800F4E0604C
:1081C000884207D9502080F31188BFF34F8FBFF347
:1081D0006F8FFEE710BD00000C0100200CED00E0E9
:1081E00010B5020014D00F48006B38B1502080F356
:1081F0001188BFF34F8FBFF36F8FFEE700F00EF9CA
:1082000000211046FFF70EFC00F05CFD002807D1AE
:1082100005494FF080500860BFF34F8FBFF36F8F59
:1082200010BD0000B000002004ED00E070B50D4668
:1082300004000BD095B11E4A106BB8B1502080F3EA
:108240001188BFF34F8FBFF36F8FFEE7502080F38D
:108250001188BFF34F8FBFF36F8FFEE7502080F37D
:108260001188BFF34F8FBFF36F8FFEE700F0D6F892
:10827000D26823685919934204D98B420AD9914292
:1082800002D807E08B42FAD9881A21600021FFF753
:10829000C9FB00E0216000F015FD002807D1054969
:1082A0004FF080500860BFF34F8FBFF36F8F70BDEA
:1082B000B000002004ED00E070B50546FFF7EEFECB
:1082C000254C05B92568281DFFF798FE58B9E86ABE
:1082D000224A00EB800152F8211021B9012181408E
:1082E000206988432061A86A18B105F11800FFF7DA
:1082F00085FE606A401C60622068854208D117488C
:10830000291DC830FFF7BEFE6068401C606007E0B2
:10831000A068401EA0602846FFF76DFCFFF768FDCF
:10832000FFF7DCFE6069002814D02068854211D177
:10833000206B38B1502080F31188BFF34F8FBFF30B
:108340006F8FFEE706494FF080500860BFF34F8FF4
:10835000BFF36F8F70BD0000B00000209423002099
:1083600004ED00E002490A6A0260C9684160704792
:10837000B000002001490120C8617047B000002012
:1083800010B50C4650B1094909681831FFF762FE73
:108390002046BDE810400121FFF744BB502080F388
:1083A0001188BFF34F8FBFF36F8FFEE7B00000203F
:1083B00010B586B00024039405AA04A903A8049468
:1083C000FFF730FEDDE903010094CDE90110002341
:1083D0000EA11048059A00F04AFB0F490028C86218
:1083E00011D0502080F31188BFF34F8FBFF36F8FF0
:1083F0004FF0FF30886201204861CC6006B0BDE8D4
:10840000104000F041B806B010BD000049444C4592
:1084100000000000797C0008B00000200248016BD9
:10842000491C016370470000B00000201448016B34
:1084300011B10121C16170470021C1610169B1FA27
:1084400081F1C1F11F0101EB81020E4951F8223087
:108450006BB101EB820101F108034A6852684A607E
:108460009A4201D152684A60D16801607047502039
:1084700080F31188BFF34F8FBFF36F8FFEE70000CB
:10848000B0000020942300201CB537480168374A0B
:10849000914207D1502080F31188BFF34F8FBFF373
:1084A0006F8FFEE700683149491E884207D150208E
:1084B00080F31188BFF34F8FBFF36F8FFEE72C4916
:1084C00008780190FF20087008788DF800009DF86A
:1084D00000009DF8002000F0F000904207D05020EE
:1084E00080F31188BFF34F8FBFF36F8FFEE79DF8C6
:1084F0000000204C00F0500020700720A06005E034
:108500009DF8002052008DF80020401E9DF80020AC
:108510001206F5D4A060032807D0502080F31188FC
:10852000BFF34F8FBFF36F8FFEE74FF44070A06033
:10853000019808700C482030016841F47001016016
:10854000016841F070410160FFF70EFE002060609D
:10855000F7F7AEFE0848016841F040410160F7F7C7
:1085600093FE00201CBD000000ED00E071C20F4131
:1085700000E400E00C01002034EF00E0F8B51746FD
:108580000E46050013D005FB06F04830FFF78AFCC5
:1085900004000AD0002084F8460004F148023B465B
:1085A000314628460094FFF797FB2046F8BD50203F
:1085B00080F31188BFF34F8FBFF36F8FFEE700008A
:1085C00070B50D46040025D0FFF768FDD4E90F20F3
:1085D000216802FB0011A1600021A1632168616094
:1085E0000A46D4E90F01401E00FB0121E16021464B
:1085F0004FF0FF3001F8440F487004F110008DB1C6
:10860000FFF71AFD04F12400FFF716FDFFF766FDE2
:10861000012070BD502080F31188BFF34F8FBFF34E
:108620006F8FFEE721690029F0D000F011FB0028D0
:10863000ECD004494FF080500860BFF34F8FBFF378
:108640006F8FE3E704ED00E02DE9FF4782B01D46A0
:108650008A464FF00008040003D0BAF1000F08D09A
:1086600011E0502080F31188BFF34F8FBFF36F8F5D
:10867000FEE7206C38B1502080F31188BFF34F8F94
:10868000BFF36F8FFEE7022D0AD1E06B012807D000
:10869000502080F31188BFF34F8FBFF36F8FFEE739
:1086A00000F010FA3F4F4FF000094FF0805648B9E4
:1086B000049838B1502080F31188BFF34F8FBFF377
:1086C0006F8FFEE7FFF7EAFCA06BE16B884207D3F0
:1086D000022D05D00498D0B1B8F1000F1AD01EE0D9
:1086E0002A4651462046FFF750FA616A19B104F153
:1086F000240000F0ADFA20B13E60BFF34F8FBFF30E
:108700006F8FFFF7EBFC012006B0BDE8F087FFF7A5
:10871000E5FC22E06846FFF725FE4FF00108FFF771
:10872000DDFCFFF77BFEFFF7B9FC94F94400401C29
:1087300001D184F8449094F94500401C01D184F89B
:108740004590FFF7CBFC04A9684600F029F930B149
:108750002046FFF771FB00F0B5FA0020D4E7FFF7E1
:108760009DFCA06BE16B884213D1FFF7B7FC04F1CD
:1087700010000499FFF704FE2046FFF75DFB00F0B0
:10878000A1FA00289ED13E60BFF34F8FBFF36F8FD9
:1087900098E7FFF7A3FC2046FFF74EFB00F092FAA4
:1087A00090E7000004ED00E02DE9F0471F469046F9
:1087B0008946040003D0B9F1000F08D011E0502021
:1087C00080F31188BFF34F8FBFF36F8FFEE7206CEC
:1087D00038B1502080F31188BFF34F8FBFF36F8FF4
:1087E000FEE7022F0AD1E06B012807D0502080F36A
:1087F0001188BFF34F8FBFF36F8FFEE7FFF7C6FC03
:108800005020EFF3118680F31188BFF34F8FBFF331
:108810006F8FA06BE16B884206D3022F04D000203B
:1088200086F31188BDE8F08794F94550A06B3A466D
:1088300049462046FFF7A9F9681C04D06D1C84F84E
:1088400045500120ECE7606A0028FAD004F12400CA
:1088500000F0FEF90028F4D0B8F1000FF1D00121AA
:10886000C8F80010EDE700002DE9F747002683B0B7
:108870008A46040003D0BAF1000F08D011E050205E
:1088800080F31188BFF34F8FBFF36F8FFEE7206C2B
:1088900038B1502080F31188BFF34F8FBFF36F8F33
:1088A000FEE700F00FF9DFF8F4804FF000094FF019
:1088B000805748B9059838B1502080F31188BFF32C
:1088C0004F8FBFF36F8FFEE7FFF7E8FBA56BC5B1D6
:1088D00051462046FFF746F96D1EA563206950B149
:1088E00004F1100000F0B4F928B1C8F80070BFF32B
:1088F0004F8FBFF36F8FFFF7F1FB012006B0BDE88C
:10890000F087059808B11EB106E0FFF7E7FB27E006
:108910006846FFF727FD0126FFF7E0FBFFF77EFD26
:10892000FFF7BCFB94F94400401C01D184F844904B
:1089300094F94500401C01D184F84590FFF7CEFB27
:1089400005A9684600F02CF8002820460AD0FFF759
:1089500073FA00F0B7F92046FFF73CFA0028B3D0CD
:108960000020CBE7FFF736FA90B104F12400059917
:10897000FFF706FD2046FFF75FFA00F0A3F9002895
:10898000A2D1C8F80070BFF34F8FBFF36F8F9BE782
:108990002046FFF751FA00F095F995E704ED00E065
:1089A0002DE9F0410C46050011D0C4B1FFF776FB6C
:1089B000174BDA686E682068911B471C17D02F6828
:1089C0001B6A9F4219D0964217D8012410E050200C
:1089D00080F31188BFF34F8FBFF36F8FFEE75020F6
:1089E00080F31188BFF34F8FBFF36F8FFEE7002432
:1089F000FFF774FB2046BDE8F081884205D9401A94
:108A000020602846FFF7AEFCF1E700202060DCE79D
:108A1000B00000202DE9FF5F8346DDE90E8799460F
:108A200016468A469000FFF73DFA05001CD05420F8
:108A3000FFF738FA040014D00020256384F85100B1
:108A4000CDE90240CDE900874B46324651465846B3
:108A5000FFF74DF92046FFF71DF8012004B0BDE8EF
:108A6000F09F2846FFF74EFB4FF0FF30F6E7F0B5DA
:108A700085B0DDE90B640A9DA6B1DCB154270097EF
:108A80002663022684F85160002604AFCDE9024631
:108A9000CDE90057FFF72BF92046FEF7FBFF0498BE
:108AA00005B0F0BD502080F31188BFF34F8FBFF3A6
:108AB0006F8FFEE7502080F31188BFF34F8FBFF315
:108AC0006F8FFEE70548416919B1006B18B10020AE
:108AD000704701207047022070470000B00000205E
:108AE0000148C06870470000B00000202DE9F04147
:108AF0002F4C0026206B28B1A069401CA061304695
:108B0000BDE8F081E5686D1CE56013D1606B00681D
:108B100038B1502080F31188BFF34F8FBFF36F8FB0
:108B2000FEE7606BA16B6163A063206A401C20625A
:108B3000FFF75EF9A06ADFF87C80854209D3606B9D
:108B40000068A0B1606BC068C7687868854211D2C0
:108B5000A0622068C06A00EB800158F8210001285B
:108B600000D90126E0690028C9D00126C7E74FF0E7
:108B7000FF30EDE7381DFFF741FAB86A18B107F189
:108B80001800FFF73BFAF96A012022698840104378
:108B9000206101EB810108EB8100391DFFF772FABA
:108BA000F86A2168C96A8842C9D30126C7E700006C
:108BB000B00000209423002070B504004FF00001A5
:108BC00040D0214D2868844207D0502080F311887E
:108BD000BFF34F8FBFF36F8FFEE7A06C38B1401E1D
:108BE000A064636CE26A9A422CD040B12AE0502023
:108BF00080F31188BFF34F8FBFF36F8FFEE7201D07
:108C0000FFF7FCF9114A012150B9E06A00EB80033B
:108C100052F8233023B92B6901FA00F083432B610A
:108C2000606CE062C0F10700A061E06A2B698140DE
:108C30001943296100EB800002EB8000211DFFF742
:108C400021FA0121084670BDB000002094230020C5
:108C50002DE9F041C068C468ACB104F118000746C2
:108C6000FFF7CCF9154D286B0126A0B13946144801
:108C7000FFF708FAE06A2968C96A88421CD901200E
:108C8000EE61BDE8F081502080F31188BFF34F8F73
:108C9000BFF36F8FFEE7201DFFF7B0F9E16A2A6985
:108CA00006FA01F01043286101EB81000449B43950
:108CB00001EB8000211DDBE70020E2E7B00000208F
:108CC000482400202DE9F0472C4D00242746286B2E
:108CD00038B1FFF7E3F9286B401E2863286B40B1D9
:108CE00046E0502080F31188BFF34F8FBFF36F8FA2
:108CF000FEE7A968224E0120D1B3A6F1B40980464F
:108D00003068E8B1F068C46804F11800FFF776F93C
:108D1000201DFFF773F9E06A2A6908FA00F1114390
:108D2000296100EB800109EB8100211DFFF7AAF901
:108D3000E06A2968C96A8842E2D3C5F81C80DFE787
:108D40000CB1FFF755F8AC6944B14646FFF7CEFECB
:108D500000B1EE61641EF9D10020A861E86938B164
:108D60000849012738070860BFF34F8FBFF36F8FA3
:108D7000FFF7B4F93846BDE8F0870000B0000020E6
:108D80004824002004ED00E04FEA41034FEA53532A
:108D9000A3F58063D3F11E03C8BFD3F1210C0CDD12
:108DA0004FF0004242EAC12242EA505232FA03FC3A
:108DB0008CEAE17CACEBE1707047102BC4BF002063
:108DC000704703F5787CBCF1FF3F04D06FF00042A0
:108DD00082EA2100704770B500F0C6F849922480FD
:108DE00000207047F2E710F0004248BF4042B0FA5E
:108DF00080F310FA03F10AD0C3F11D0303F5806379
:108E00004FEA415002EB035202EBD12170474FF081
:108E100000007047DFF848C170B51CEA111E1EBF84
:108E20001CEA13159EEA0C0F95EA0C0F00F06F80F8
:108E300081EA030423EA4C134EEAD47E21EA4C1162
:108E400041F4801143F48013AE44A1FB024CA0FB1B
:108E50000365AEF17F7E361955EB0C05A1FB034C83
:108E60004CF10003A0FB021C16EB0C06654153F10C
:108E70000003094218BF46F0010613F4007F0BD12E
:108E80004FEA03314FEA0530340341EA155140EA15
:108E900016506FF003020AE04FEAC3214FEAC520E3
:108EA000F40241EA555140EA56506FF0020202EBDB
:108EB0002E4201EB025585EACE710AD05FEA440CDE
:108EC00018BF24F0004450F1000041F1000120EAF5
:108ED000D47040F2FE7C624500D270BDA84214BF3F
:108EE0004FF080444FF04044002E08BF0024BEF1F4
:108EF000806FA8BFA1F1C041BDE8704080F28280C0
:108F00004FF0000001F1C04101F0004170479EEABE
:108F10000C0F0CEA131518BF95EA0C0F06D04FF092
:108F2000000081EA030E0EF0004170BD00F01CF855
:108F30008900013E00F007B800F009B84FEA430C81
:108F40005FEA5C5C08D081EA030100F05BB84FEA9D
:108F5000410C5FEA5C5CF6D14FF0000001497047BC
:108F60000000FF070000F87F0EF1020E2EF0030E46
:108F70005EF8046B364205D4012A43EB030515F570
:108F8000001F12D8012841EB010C1CF5001F0CD862
:108F90000ED14FEAD17C15F5001F0CEB4C0C0CF1F7
:108FA000020C08BF4CEBD37C04E04FF0080C01E04E
:108FB0004FEAD37C0CEB4C0526FA05F606F00706C3
:108FC000B6F1040C06D20EEB860CBDE870404CF0F6
:108FD000010C6047DFE80CF0090B02024FF0004182
:108FE0004FF00000A1F5002170BD19461046012880
:108FF00051EB010418BFD4F5001484BF002001F028
:10900000004170BD0808A0F500114FEA310170471A
:109010004FF04070E1EE100A7047000058970008CA
:1090200025560008FEFF0000000000008000000040
:109030000000000000000000649700080D06000812
:10904000030000000000000080000000000000009D
:109050000000000030970008FD0900080100000032
:109060000000000080000000000000000000000080
:1090700044970008690A0008010000000000000091
:1090800080000000000000000000000020970008A1
:10909000610700080200000000000000000100005D
:1090A00000000000000000000C9700085554000864
:1090B00003000000000000000002000000000000AB
:1090C00000000000D0960008095C000801000000C4
:1090D000000000000001000000000000000000008F
:1090E000B0960008E95B00080100000000000000E5
:1090F000000100000000000000000000A096000831
:10910000650D0008020000000000000000010000E2
:109110000000000000000000EC9600086D4400080C
:1091200001000000000000008000000000000000BE
:1091300000000000000610160006101600000000D7
:1091400000000000010203040607080900000000F7
:1091500001020304000040400000404000000040C5
:10916000000000400000803F000000000000000000
:109170000000404000004040000000400000803FF0
:109180000000803F00000000000080BF00000040A1
:1091900000000040000000400000803F0000000090
:1091A000000080BF000080BF0000004000000040C1
:1091B0000000803F00000000000080BF000000C0F1
:1091C000000000C00000803F0000803F0000000061
:1091D000000080BF000080BF000000C0000000C091
:1091E0000000803F00000000000080BF000000C0C1
:1091F000000000C0000000C0000040C000000000EF
:1092000000000000000000C0000000C0000000C01E
:10921000000040C0000040C0000040C0000040C04E
:10922000000000C0000000C0000080BF000000007F
:1092300000000000000040C0000040C0000000C06E
:10924000000080BF000080BF0000000000000000A0
:10925000000040C0000000C0000080BF000080BFD0
:10926000000000000000803F0000803F000000C0C0
:10927000000000C0000080BF000000000000803F30
:109280000000004000000040000080BF000080BFE0
:10929000000000000000803F0000803F0000004010
:1092A0000000404000000000000000000000803F7F
:1092B0000000803F000000400000404000004040AF
:1092C00000000000000000000000803F000000409F
:1092D0000000004000004040000040400000803F8F
:1092E000000080BF000040C0000040C0000040C03F
:1092F000000000C00000803F0000803F000080BFF1
:10930000000040C0000000C0000000C0000080BF9E
:109310000000000000000000000080BF000000C04E
:10932000000000C0000080BF000080BF00000000FF
:1093300000000000000080BF000080BF000080BF70
:10934000000080BF000080BF00000000000000009F
:10935000000000000000000000000000000000000D
:10936000000000000000000000004040000080BF3E
:109370000000803F0000803F0000803F0000803FF1
:10938000000040400000404000000040000000405D
:10939000000000400000803F0000803F000040408F
:1093A000005EBCE2613FDD83C29C7E20A3FD1F41C5
:1093B0009DC3217FFCA2401E5F01E3BD3E6082DCB5
:1093C000237D9FC1421CFEA0E1BF5D0380DE3C62A5
:1093D000BEE0025CDF81633D7C22C09E1D43A1FF95
:1093E0004618FAA427799BC584DA3866E5BB590785
:1093F000DB856739BAE406581947A5FB7826C49A75
:10940000653BD987045AB8E6A7F91B45C6987A2464
:10941000F8A6441A99C7257B3A6486D85B05E7B954
:109420008CD2306EEDB3510F4E10F2AC2F7193CD44
:10943000114FADF3702ECC92D38D6F31B2EC0E5034
:10944000AFF1134DCE90722C6D33D18F0C52B0EE24
:10945000326C8ED0530DEFB1F0AE4C1291CF2D7314
:10946000CA947628ABF517490856B4EA6937D58B04
:109470005709EBB536688AD495CB2977F4AA4816F4
:10948000E9B7550B88D6346A2B7597C94A14F6A8E4
:10949000742AC896154BA9F7B6E80A54D7896B35D4
:1094A0000000891112239B322446AD573665BF74E4
:1094B000488CC19D5AAFD3BE6CCAE5DB7EE9F7F894
:1094C0008110080193331A22A5562C47B7753E64C4
:1094D000C99C408DDBBF52AEEDDA64CBFFF976E874
:1094E00002218B30100299132667AF763444BD55A4
:1094F0004AADC3BC588ED19F6EEBE7FA7CC8F5D954
:1095000083310A2091121803A7772E66B5543C4583
:10951000CBBD42ACD99E508FEFFB66EAFDD874C933
:1095200004428D5316619F702004A9153227BB3663
:109530004CCEC5DF5EEDD7FC6888E1997AABF3BA13
:1095400085520C4397711E60A1142805B3373A2643
:10955000CDDE44CFDFFD56ECE9986089FBBB72AAF3
:1095600006638F7214409D512225AB343006B91723
:109570004EEFC7FE5CCCD5DD6AA9E3B8788AF19BD3
:1095800087730E6295501C41A3352A24B116380703
:10959000CFFF46EEDDDC54CDEBB962A8F99A708BB3
:1095A000088481951AA793B62CC2A5D33EE1B7F0E3
:1095B0004008C919522BDB3A644EED5F766DFF7C93
:1095C000899400859BB712A6ADD224C3BFF136E0C3
:1095D000C1184809D33B5A2AE55E6C4FF77D7E6C73
:1095E0000AA583B4188691972EE3A7F23CC0B5D1A3
:1095F0004229CB38500AD91B666FEF7E744CFD5D53
:109600008BB502A499961087AFF326E2BDD034C182
:10961000C3394A28D11A580BE77F6E6EF55C7C4D32
:109620000CC685D71EE597F42880A1913AA3B3B262
:10963000444ACD5B5669DF78600CE91D722FFB3E12
:109640008DD604C79FF516E4A9902081BBB332A242
:10965000C55A4C4BD7795E68E11C680DF33F7A2EF2
:109660000EE787F61CC495D52AA1A3B03882B19322
:10967000466BCF7A5448DD59622DEB3C700EF91FD2
:109680008FF706E69DD414C5ABB122A0B992308302
:10969000C77B4E6AD5585C49E33D6A2CF11E780FB2
:1096A0005461736B5F4454375F48616E646C65004E
:1096B0005461736B5F436F6D6D756E696361746543
:1096C00046726F6D50435F48616E646C65000000C8
:1096D0005461736B5F436F6D6D756E696361746523
:1096E000546F50435F48616E646C65005461736BE6
:1096F0005F4A343331305F6F6E6C696E6543686505
:10970000636B5F48616E646C65000000526F626F4E
:10971000745F436F6E74726F6C5F5461736B0000A3
:1097200043616E5F53656E645461736B00000000AB
:1097300043616E315F526563656976655461736B31
:109740000000000043616E325F52656365697665B3
:109750005461736B0000000064656661756C74543D
:1097600061736B0053746172745461736B00000019
:109770009097000800000020F8020000C4010008D3
:10978000EC980008F8020020806800002002000821
:10979000013C1301621B0831041A3D041A65041AC6
:1097A000910413E1611B080D081704030904120159
:1097B00014020202164083044057260201020301EC
:1097C000031A1A031365091B0861041A5D041A8938
:1097D000041ACD041933118210036124F41AAA016A
:1097E000011813D9081B082994411BA507AC1910AF
:1097F000130C621420DD441408D141140849421BA3
:1098000008A90413C5451B08310813F10A1408C13F
:10981000464C083547345A500401200D1244FDBC13
:10982000020C1E70FE9001116813113F1B087D048D
:109830001ADD041A69041AD568212340401B20410F
:1098400026000A1042CDCC0C406F12033A13150BC0
:109850001C08590C0419084B0154941351101B088F
:10986000C9041A3504211264C3881303289CFF130A
:109870008D113B08E944416DC8426D550CA114811E
:109880000182130A0629D03340011409024313024E
:109890000125C03209041B01020B13052416100117
:1098A00005240110090104240202052406170107FA
:1098B00005820308151009040133020A1D0705017A
:1098C00002EA2C07058107111B595EC0125C4C0887
:1098D000FF5F70135D5D1B0817101A8D04C11ADD40
:0C98E000181AA1041A1D301A9508000087
:040000050800018965
:00000001FF
