:020000040800F2
:10000000486D002029030008E563000897500008A8
:100010006D620008750A0008799F00080000000062
:10002000000000000000000000000000690200085D
:100030002515000800000000C5020008AD6C00088E
:100040004303000843030008430300084303000878
:100050004303000843030008430300084303000868
:100060004303000843030008430300084303000858
:10007000C1130008430300084303000843030008BA
:10008000430300084303000843030008890A0008EB
:10009000790A0008430300084303000843030008EB
:1000A00043030008AD6D0008430300084303000844
:1000B0004303000843030008430300084303000808
:1000C00043030008430300084303000843030008F8
:1000D000430300084303000843030008E9740008D1
:1000E00043030008430300084303000843030008D8
:1000F00043030008430300084303000843030008C8
:1001000043030008430300084303000843030008B7
:1001100043030008430300084303000843030008A7
:1001200043030008D1130008E1130008430300084B
:10013000430300084303000843030008A90A00081A
:10014000990A0008430300084303000841640008BB
:100150004303000843030008F1130008F974000882
:100160004303000843030008430300084303000857
:100170004303000843030008430300080000000095
:10018000430300084303000800F002F800F05CF8A5
:100190000AA090E8000C82448344AAF10107DA45E2
:1001A00001D100F051F8AFF2090EBAE80F0013F0D8
:1001B000010F18BFFB1A43F001031847ACC8000039
:1001C000CCC800000A444FF0000C10F8013B13F0BB
:1001D000070408BF10F8014B1D1108BF10F8015BA0
:1001E000641E05D010F8016B641E01F8016BF9D193
:1001F00013F0080F1EBF10F8014BAD1C0C1B09D1EA
:100200006D1E58BF01F801CBFAD505E014F8016B5B
:1002100001F8016B6D1EF9D59142D6D370470000ED
:100220000023002400250026103A28BF78C1FBD8FF
:10023000520728BF30C148BF0B6070471FB50BF095
:10024000E6FE1FBD10B510BD00F0A6F91146FFF780
:10025000F5FF09F037FF00F0C4F903B4FFF7F2FF30
:1002600003BC00F0CBF900002C4B19680868B0E81B
:10027000F04F80F30988BFF36F8F4FF0000080F3D9
:10028000118870470000000008480068006880F38B
:1002900008884FF0000080F3148862B661B6BFF39F
:1002A0004F8FBFF36F8F00DF00BF00BF08ED00E08E
:1002B000DFF80C00016841F470010160704700BF75
:1002C00088ED00E0EFF30980BFF36F8F134B1A68DE
:1002D0001EF0100F08BF20ED108A20E9F04F1060CB
:1002E00009B44FF0500080F31188BFF34F8FBFF374
:1002F0006F8F0AF053FE4FF0000080F3118809BCA5
:1003000019680868B0E8F04F1EF0100F08BFB0EC95
:10031000108A80F30988BFF36F8F7047B000002008
:10032000EFF30580704700000948804709480047FF
:10033000FEE7FEE7FEE7FEE7FEE7FEE7FEE7FEE795
:10034000FEE7FEE704480549054A064B70470000F2
:10035000996D00088901000848670020486D002059
:10036000486900204869002053EA020C00F06980C7
:100370002DE9F04B4FF00006002B1FBFB3FA83F5B9
:1003800003FA05F424FA05F65E4012BF1643B2FAEA
:1003900082F502FA05F4C5F120051EBF22FA05FC1C
:1003A00044EA0C04203556EA044C4FEA144418BFC2
:1003B000641C4FF000084FF00009904271EB030CF1
:1003C00039D3002919BFB1FA81F701FA07F6B0FA5B
:1003D00080F700FA07F6C7F120071EBF20FA07FCD6
:1003E00046EA0C062037B6FBF4FCA7EB0507103FE6
:1003F00007F01F0BCBF120060CFA0BFB2CFA06F6CC
:1004000044BFB3460026202FA4BF5E464FF0000B2A
:100410005BEA060C08BF4FF0010B19EB0B09ABFBB5
:10042000027C48EB0608C01B06FB02CC0BFB03CC8E
:1004300071EB0C01C1E70B46024641464846BDE858
:10044000F08B13B54FF000004FF00001AFF30080C8
:10045000BDE81C407047032A40F2308010F0030CC6
:1004600000F0158011F8013BBCF1020F624498BF07
:1004700011F801CB00F8013B38BF11F8013BA2F1A4
:10048000040298BF00F801CB38BF00F8013B11F01F
:10049000030300F02580083AC0F0088051F8043BBF
:1004A000083A51F804CBA0E80810F5E7121D5CBF2C
:1004B00051F8043B40F8043BAFF30080D20724BF5F
:1004C00011F8013B11F801CB48BF11F8012B24BFF3
:1004D00000F8013B00F801CB48BF00F8012B704742
:1004E00010B5203AC0F00B80B1E81850203AA0E8CF
:1004F0001850B1E81850A0E81850BFF4F5AF5FEA03
:10050000027C24BFB1E81850A0E8185044BF18C9B5
:1005100018C0BDE810405FEA827C24BF51F8043B5C
:1005200040F8043B08BF7047D20728BF31F8023BB0
:1005300048BF11F8012B28BF20F8023B48BF00F844
:10054000012B70474FF0000200B5134694469646C3
:10055000203922BFA0E80C50A0E80C50B1F12001D6
:10056000BFF4F7AF090728BFA0E80C5048BF0CC084
:100570005DF804EB890028BF40F8042B08BF7047E2
:1005800048BF20F8022B11F0804F18BF00F8012B54
:100590007047704770477047754600F02BF8AE46BD
:1005A00005006946534620F00700854618B020B57F
:1005B000FFF7C8FEBDE820404FF000064FF00007EF
:1005C0004FF000084FF0000B21F00701AC46ACE8FB
:1005D000C009ACE8C009ACE8C009ACE8C0098D4668
:1005E000704710B50446AFF300802046BDE81040C8
:1005F000FFF733BE00487047E86600200149182025
:10060000ABBEFEE7260002007047000000BF0AF004
:100610003BFA01229102414802F096FA012140483A
:1006200000F062FA02213F4800F05EFAB2EE042ABE
:10063000DFED3D1AB3EE091ADFED3C0A9FED3C0AEF
:100640003C4809F009FDB2EE042ADFED371AB3EE9B
:10065000091ADFED360A9FED360A374809F0FCFC2F
:10066000B0EE082ADFED351AB1EE041AFBEE0E0AE1
:10067000B3EE0E0A324809F0EFFCB7EE002ADFEDC8
:100680002F1A9FED291AFAEE040AB2EE040A2D4839
:1006900009F0E2FC41F288329100B3EE0E1ADFED70
:1006A0002A0A9FED2A0A2A4804F0F8FC41F288320F
:1006B0009100B3EE0E1ADFED240A9FED240A2548BF
:1006C00004F0ECFC9FED243ADFED242A9FED242A70
:1006D000F6EE001AB6EE001ADFED180AB3EE0E0AB7
:1006E000204806F0E7F84FF47A7244F62061B0EE45
:1006F000081AF6EE000AB3EE040A1B4804F0CEFC1A
:1007000000F00AFB00F050FE184800680AF03EFBBB
:100710000AF0E4F9012009F0F6FC78E7001C024039
:10072000F804002020050020CDCCCC3D0000C8C23C
:100730000000C842D8600020186100200AD7233C7E
:100740005861002098610020000000000000204255
:10075000A4650020F465002000002F440000FA4545
:1007600000409C464466002098660020340000202B
:100770008AB000BF4FF0FF326946054800680AF0B2
:10078000D3FE09AB07AA01A9009801F020F9F1E70F
:100790000800002070B505460C4600260DB1022C5D
:1007A00000D870BD611EFF22284601F0CFF8064632
:1007B000601E2E5400BFF4E710B54FF6300010490C
:1007C000C8800846B0F9020001EE100AB8EEC11A5E
:1007D000F0EE410A0846B0F9060001EE100AB8EE44
:1007E000C11AB0EE410A0749074805F0C4FFBDEE43
:1007F000C00A10EE100A00B20149C88210BD000004
:10080000B8630020586100209866002000B585B0CC
:100810000020039004900190029039480088000A5B
:100820008DF80C00364800788DF80D00344840886B
:10083000000A8DF80E00324880788DF80F0030489D
:100840008088000A8DF810002D4800798DF811007D
:100850002B480089000A8DF812002948007A8DF88B
:10086000130003A840F20F130022264900902648E7
:10087000006800F053F922484089000A8DF804000E
:100880001F48807A8DF805001D48C07D8DF8060050
:100890009DF807001A49497E01F0010108438DF8CF
:1008A00007009DF807001649097B01F0010140EAA5
:1008B00041008DF807009DF807001149097E01F0FD
:1008C000010140EA81008DF807009DF807000C49FE
:1008D000897E01F0010140EAC1008DF80700084857
:1008E000807D8DF8080001A840F21F130022054901
:1008F00000900548006800F011F905B000BD000047
:100900003863002020050020080000200FB49DF867
:100910001D009DF81C1040EA012000B21649C88154
:100920009DF81F109DF81E0041EA002012494884DE
:100930009DF821109DF8200041EA002000B200EE51
:10094000100AB8EEC00A0C4880ED040A90ED040AC3
:10095000DFED0A0A80EE201A80ED041A9DF82200CD
:1009600000F001000449C8769DF82200C0F3400061
:10097000888404B0704700003863002000007A4487
:1009800010B502F0E7F804463448007858B334480C
:100990000068201AB0F5C87F03D300202F490870E3
:1009A00021E04FF47A702F49C8800846B0F9020060
:1009B00001EE100AB8EEC11AF0EE410A0846B0F98D
:1009C000060001EE100AB8EEC11AB0EE410A26493F
:1009D000264805F0D0FEBDEEC00A10EE100A00B2A7
:1009E0002049C88210BD22480068201A142833D339
:1009F0001F4804601B49B1F90400002801DB0146CF
:100A000000E0414241F65832914225DD0120134970
:100A10000870134804604FF47A701249C880084681
:100A2000B0F9020001EE100AB8EEC11AF0EE410A68
:100A30000846B0F9060001EE100AB8EEC11AB0EE91
:100A4000410A0949094805F096FEBDEEC00A10EEBC
:100A5000100A00B20349C88200BFC3E7EC010020BE
:100A6000F0010020B8630020586100209866002043
:100A7000E801002000BFFEE710B5024801F0A7F929
:100A800010BD0000F804002010B5024801F09FF9E5
:100A900010BD0000F804002010B5024801F097F9DD
:100AA00010BD00002005002010B5024801F08FF9AC
:100AB00010BD00002005002070B504460D46002042
:100AC000206160616062A0610120E061206200201D
:100AD00020606060A060E0602146284601F01CF8BC
:100AE00008B100F041FD70BD70B504460D46681EAA
:100AF000C6B206EB460101EB0611074A02EB810084
:100B00002146FFF7D9FF204601F08FFC0221204645
:100B100000F048FF70BD0000586200202DE9F04150
:100B20008AB007460E4614461D46DDF84080019601
:100B30000CB9029500E00395049400210591082169
:100B4000069100218DF81C10D8F800000890D8F804
:100B50000400099000231A4601A938460AF092FBC6
:100B60000AB0BDE8F0810346042B15D007DC7BB149
:100B7000012B0ED0022B0DD0032B12D10BE0202B1A
:100B80000BD0212B0AD0222B09D0232B09D107E02F
:100B900008E007E006E005E004E003E002E001E031
:100BA00000E000BF00BF0020704700207047000039
:100BB00010B500220449054806F057FF04490348D0
:100BC00006F044FF002010BDE414002008080020B7
:100BD000E40C002038B504460D4621460C4806F0CA
:100BE00035FF0B4806F0FEFE00236A462146094801
:100BF00000680AF01BFC009838B14FF0805006499D
:100C00000860BFF34F8FBFF36F8F002038BD000027
:100C1000080800200C00002004ED00E010B5034699
:100C20000C460021084610BD2DE9F04104460D4652
:100C300000260A48D0F8BC72D7F8140210B101207F
:100C4000BDE8F0812A462146044806F00EFF03481D
:100C500006F0BEFF06463046F2E700000808002016
:100C60008EB000BF4FF0FF3205A9154800680AF0AA
:100C70005BFC059C9DF8300000F00F0011490880D6
:100C8000B4F5007F0DD940F20220844209D8142225
:100C900009A96846FFF724FC05A80FC804F0DAFF8D
:100CA000E0E7084800880128DCD1142209A9684639
:100CB000FFF716FC05A80FC804F06CFAD2E7000095
:100CC00000000020120200208EB000BF4FF0FF3263
:100CD00005A9104800680AF027FC059C40F20F1097
:100CE000844208D1142209A96846FFF7F9FB05A838
:100CF0000FC8FFF70BFE40F201208442E6D1142218
:100D000009A96846FFF7ECFB05A80FC804F00CFF23
:100D1000DCE700000400002010B5134890ED0B0A3A
:100D2000124880ED030A104890ED0B0A0F4880ED41
:100D3000010AB2EE040A0E4880ED000A9FED0D0A8A
:100D40000A4880ED040AF2EE040AB1EE080A0A48E5
:100D500005F07EFB0020094908760220C8750020B6
:100D60004876087710BD00007063002060650020A1
:100D7000BC010020000000007465002038630020E2
:100D800010B56C48007B01283FD16A48B0F90600D5
:100D900000EE100AF8EEC00A674890ED001A6748A6
:100DA00090ED000A00EEC10A80ED000A90ED000A05
:100DB000F3EE000AB4EEE00AF1EE10FA04DDB3EE51
:100DC000000A80ED000A0DE05C4890ED000AFAEEA2
:100DD000040AB4EEE00AF1EE10FA03D2BAEE040A05
:100DE00080ED000A564890ED040AF2EE040A30EE57
:100DF000200A5248D0ED000A30EE200A504880ED1B
:100E0000030A01204F49086048E04A48B0F906004B
:100E100000EE100AF8EEC00A474890ED001A474865
:100E200090ED000A00EEC10A80ED000A90ED000A84
:100E3000F3EE000AB4EEE00AF1EE10FA04DDB3EED0
:100E4000000A80ED000A0DE03C4890ED000AFAEE41
:100E5000040AB4EEE00AF1EE10FA03D2BAEE040A84
:100E600080ED000A3748006850B9344890ED000A18
:100E7000F2EE040A30EE200A314880ED030A0DE05C
:100E800030480068012809D12C4890ED000AF2EEA4
:100E9000040A30EE200A2A4880ED030A284890ED23
:100EA000030AF3EE000AB4EEE00AF1EE10FA04DDF4
:100EB000B3EE000A80ED030A0BE0214890ED030A2F
:100EC000B5EEC00AF1EE10FA03D29FED1F0A80EDD5
:100ED000030A1E4890ED000ABDEEC00A10EE100A8B
:100EE00040B21B4981F840001A4890ED000ABDEE5F
:100EF000C00A10EE100A40B281F84100164890ED89
:100F0000000A084680ED0C0A144890ED000A0846D5
:100F100080ED0D0A0A48D0ED030AB0EE600A1048D1
:100F200005F0B6FA064890ED030A094880ED0B0A71
:100F300010BD000038630020D0010020DC0100203B
:100F400060650020D801002000000000C8010020DA
:100F500070630020CC010020C4010020C0010020EB
:100F60007465002010B5FFF70BFF10BD10B52DED17
:100F7000068B044694ED010A10EE101A08460AF09A
:100F8000D5FF41EC1A0BB0EE4A0AF0EE6A0A09F0FE
:100F900029F8B0EE408AF0EE608A94ED000A10EE77
:100FA000101A08460AF0C2FF41EC1A0BB0EE4A0ACA
:100FB000F0EE6A0A09F016F8B0EE409AF0EE609A88
:100FC00053EC182B51EC190B0AF076FE04D29FED6E
:100FD000090A84ED000A09E094ED000AD4ED000A44
:100FE0009FED051A00EEC10A84ED000ABDEC068BE8
:100FF00010BD000000000000CDCC4C3E10B52DED22
:10100000048BDA48007801287ED10020D749087087
:10101000D7480078A92805D1D5484078532801D170
:10102000012000E00020D34988770846807F10B96E
:10103000BDEC048B10BD10240B222146CC4809F0D6
:1010400025F8A0F5806000B2CA4908800B2204F19F
:101050000B01C74809F01AF8A0F5806000B2C54935
:1010600048800B2204F11601C14809F00FF8A0F5E1
:10107000806000B2BF4988800B2204F12101BC4886
:1010800009F004F8A0F5806000B2BA49C8800222D5
:101090003C21B74808F0FAFFB649087201223E2108
:1010A000B34808F0F3FFB349487201223F21B0482A
:1010B00008F0ECFFAF49887201224021AC4808F0EB
:1010C000E5FFAC49C8720B224121A94808F0DEFFB8
:1010D000A0F5806000B2A749888101224C21A44874
:1010E00008F0D4FFA349887310225021A04808F0CB
:1010F000CDFF00B29F490882102260219C4808F071
:10110000C5FF00B29B4900E02BE14882102270210C
:10111000974808F0BBFF00B29649888202228021DE
:10112000934808F0B3FF93498875022282219048C2
:1011300008F0ACFF8F49C875022284218C4808F062
:10114000A5FF8C49087610228821894808F09EFF67
:1011500088494883488B1C3109F0F0FB8548007AA8
:10116000012868D183488088834908808148C088E5
:10117000404200B24880002008737E484088C88002
:101180007C48008808817B488089404200B2888082
:101190007A4890ED000ABDEEC00A10EE100A00B2C7
:1011A00048817448C17A764804F0D4F97148817A4C
:1011B000744804F0CFF96F48417A734804F0CAF9D3
:1011C0006F48007A38B16C48407E08B9012000E0D1
:1011D0000020694948766848407E01280FD165485B
:1011E000807B012804D1694908736949087109E0C5
:1011F00001206649087300206549087102E000205B
:10120000634908716048007A50B15B48807D401C9A
:10121000594988750846807D022801DD00208875BF
:101220005848007A18B101205349887698E0002088
:101230005149887694E04F48007A02287BD14D4886
:1012400080884D4908804B48C088404200B24880A1
:10125000012008734749B1F902000AF016FD41EC7C
:10126000190B9FED4C0B53EC102B0AF061FD41EC78
:10127000180B0AF0DBFC00B23F49C8803D480088EB
:1012800008813C488089404200B288803B4890ED0C
:10129000000ABDEEC00A10EE100A00B248813F48B5
:1012A00090ED000A3E4880ED040A3248C17A344885
:1012B00004F050F92F48817A324804F04BF92D4858
:1012C000417A314804F046F92D48007A38B12A486D
:1012D000407E08B9012000E00020274948762648D2
:1012E000407E01280FD12348807B012804D1274963
:1012F00008732749087109E0012024490873002078
:101300002349087102E00020214908711E48007A33
:1013100050B11948807D401C174988750846807D6A
:10132000022801DD002088751648007A20B10120CE
:101330001149887614E003E000200F4988760FE019
:101340000C48007A20B90B49164804F037F907E039
:101350000020094908730880488088800881C88077
:1013600000BFFFF753FA00BF62E60000A4010020AF
:101370002465002018640020386300201801002034
:101380003C6500204865002054650020F4010020E1
:101390000C0200209A9999999999C93F1C01002043
:1013A000606500203864002010B51522024903480A
:1013B00003F0EDFA10BD000024650020F8050020C0
:1013C00010B5024801F0D2F810BD0000000700205F
:1013D00010B5024801F0CAF810BD000060070020F7
:1013E00010B5024801F0C2F810BD00004006002010
:1013F00010B5024801F0BAF810BD0000A0060020A8
:101400000146087810381823B0FBF3F20848805CD6
:10141000C865032A05D908686FF30900001D8865AF
:1014200003E008686FF309008865886D7047000065
:1014300030C40008014600208A6A8B69CBB932B1FA
:10144000012A0DD0022A03D0032A10D10EE000BFDA
:10145000CB6A03F08073B3F1807F00D1012007E0F5
:10146000CB6AB3F1C07F00D1012001E000E000BFF2
:1014700034E08B69B3F5005F1AD132B1012A07D08D
:10148000022A03D0032A11D10AE000BF01200EE096
:10149000CB6A03F08073B3F1807F00D1012006E0B6
:1014A000CB6AB3F1C07F00D1012000E000BF15E09E
:1014B00032B1012A05D0022A04D0032A0CD103E05C
:1014C00000BF00BF012008E0CB6A03F08073B3F1D6
:1014D000807F00D1012000E000BF00BF704730B521
:1014E0000468246824F4802405682C600468636020
:1014F0008468402C04D10468A2600468E16003E0C1
:101500000468A1600468E26030BD08B50AF0A6F97D
:10151000009000BF00BFFFF771FD0521684609F08C
:10152000CBFBF8E77047000010B50D48C07B0128E1
:1015300002D1FFF741F911E00948007B01280BD1E6
:101540000748407B012807D1FFF71AFA05480078C1
:1015500020B904F049FF01E005F074FB10BD000064
:10156000F4010020EC01002072B600BFFEE700008D
:1015700010B500F05DF8284890ED000ABDEEC00AF5
:1015800010EE100A00B225490881234890ED000AA8
:10159000B1EE400ABDEEC00A10EE100A01B21F48BB
:1015A0000185B0F9020001EE100AB8EEC11AF0EEA2
:1015B000410A1A48B0F9080001EE100AB8EEC11A43
:1015C000B0EE410A1649174805F0D5F8BDEEC00A3D
:1015D00010EE100A00B21149C8820846B0F9220084
:1015E00001EE100AB8EEC11AF0EE410A0846B0F951
:1015F000280001EE100AB8EEC11AB0EE410A0A49FD
:101600000A4805F0B8F8BDEEC00A10EE100A01B2A3
:101610000248C18610BD000004020020D8630020EB
:10162000D8600020A465002018610020F465002027
:101630000948407E28B99FED090A094880ED000A53
:1016400070470548407E012804D19FED060A0448F2
:1016500080ED000A00BFF3E73863002000000000BF
:101660000402002000C0C1450EB50346B0EE403A6A
:10167000F0EE603A002000900190029003F120010A
:10168000F0EE630AB0EE430A184604F0F3F9D3ED26
:10169000080AB0EE600A03F1300103F1280004F0FB
:1016A000E7FDD3ED090AB0EE600A03F13C0103F156
:1016B000340004F0DDFD93ED0A0AD3ED0D0A60EE6F
:1016C000200A93F93000C0EBC0009D4901EB800077
:1016D00093F93C1000EB810090ED001A9DED000A9B
:1016E00000EE810A8DED000A93ED0A0AD3ED0E0A91
:1016F00060EE200A93F93000C0EBC000904901EB86
:10170000800193F93D0001EB800090ED001A9DED02
:10171000000A00EE810A8DED000A93ED0B0AD3ED6D
:101720000D0A60EE200A93F93100C0EBC000844935
:1017300001EB800093F93C1000EB810090ED001A62
:101740009DED000A00EE810A8DED000A93ED0B0A73
:10175000D3ED0E0A60EE200A93F93100C0EBC00011
:10176000774901EB800193F93D0001EB800090ED9A
:10177000001A9DED000A00EE810A8DED000A93ED3E
:101780000A0AD3ED0D0A60EE200A93F93000C0EB8F
:10179000C0006C4901EB800093F93C1000EB810024
:1017A00090ED001A9DED010A00EE810A8DED010A0F
:1017B00093ED0A0AD3ED0E0A60EE200A93F9300089
:1017C000C0EBC0005F4901EB800193F93D0001EBE4
:1017D000800090ED001A9DED010A00EE810A8DED6A
:1017E000010A93ED0B0AD3ED0D0A60EE200A93F97E
:1017F0003100C0EBC000534901EB800093F93C106D
:1018000000EB810090ED001A9DED010A00EE810AC7
:101810008DED010A93ED0B0AD3ED0E0A60EE200A5E
:1018200093F93100C0EBC000464901EB800193F908
:101830003D0001EB800090ED001A9DED010A00EEE5
:10184000810A8DED010A93ED0A0AD3ED0D0A60EECF
:10185000200A93F93000C0EBC0003B4901EB800047
:1018600093F93C1000EB810090ED001A9DED020A07
:1018700000EE810A8DED020A93ED0A0AD3ED0E0AFD
:1018800060EE200A93F93000C0EBC0002E4901EB56
:10189000800193F93D0001EB800090ED001A9DED71
:1018A000020A00EE810A8DED020A93ED0B0AD3EDD8
:1018B0000D0A60EE200A93F93100C0EBC000224906
:1018C00001EB800093F93C1000EB810090ED001AD1
:1018D0009DED020A00EE810A8DED020A93ED0B0ADE
:1018E000D3ED0E0A60EE200A93F93100C0EBC00080
:1018F000154901EB800193F93D0001EB800090ED6B
:10190000001A9DED020A00EE810A8DED020A9DED9E
:10191000000AF0EE080A80EE201A83ED001A9DED11
:10192000010AF0EE080A80EE201A83ED011A9DEDFF
:10193000020AF0EE080A80EE201A83ED021A0EBDAC
:1019400050C4000814C50008D8C5000830B50346C7
:1019500005E013F8010B80EA02040448025D081E4A
:10196000A1F10101F5D1104630BD00009CC6000870
:1019700070B50A480468001D0568001D06683444F7
:1019800054B108220649204603F0B8FB042204495A
:101990001031284603F0B2FB70BD0000107AFF1F23
:1019A0007200002010B5024692F82030012B01D0C1
:1019B000022B06D11068406908431468606100205A
:1019C00010BD506A40F4802050620120F8E7F0B565
:1019D00004460D461E4694F8207020688368A86867
:1019E00000B900E000BF012F01D0022F7DD103F02C
:1019F000806030B903F0006018B903F0805000280F
:101A00007ED0C3F30161012088403060A86860B9CE
:101A1000B5F800C0E86840EA4C5C206800F5C0708A
:101A200000EB0110C0F800C00FE0D5E901C040EAAA
:101A3000CC00D5F80CC040EA0C00D4F800C00CF57E
:101A4000C07C0CEB011CCCF80000D5F810C020685D
:101A500000F5C07000EB0110C0F804C0287D01281B
:101A60000ED1206800F5C07000EB0110406840F412
:101A7000807C206800F5C07000EB0110C0F804C045
:101A8000D079000692F806C040EA0C4092F805C0F2
:101A900040EA0C2092F804C040EA0C00D4F800C0E0
:101AA0000CF5C07C0CEB011CCCF80C00D0780006C7
:101AB00092F802C040EA0C4092F801C040EA0C20C3
:101AC00092F800C040EA0C00D4F800C00CF5C07CCD
:101AD0000CEB011CCCF80800206800F5C07000EB8E
:101AE0000110006840F0010C01E00FE008E0206800
:101AF00000F5C07000EB0110C0F800C00020F0BD80
:101B0000606A40F4001060620120F8E7606A40F407
:101B1000802060620120F2E7F0B504460A4694F89E
:101B20002050012D01D0022D7ED1424901F50071D6
:101B3000086840F001000860086820F47C500860E4
:101B40000868566A40EA06200860107D00F01F060B
:101B5000012000FA06F3C8699843C861A1F5007135
:101B6000D069C8B9D1F80C029843C1F80C0290882A
:101B700080B2968940EA064601F51070576940F830
:101B80003760108880B2168940EA064601F5107069
:101B9000576900EBC7004660D069012819D1D1F818
:101BA0000C021843C1F80C02908880B2168840EAF3
:101BB000064601F51070576940F83760908980B289
:101BC000168940EA064601F51070576900EBC70018
:101BD0004660906928B9D1F804029843C1F804021C
:101BE00004E0D1F804021843C1F80402106928B9CE
:101BF000D1F814029843C1F8140204E0D1F8140299
:101C00001843C1F81402106A012804D1D1F81C024B
:101C10001843C1F81C02D1F8000220F00100C1F8FD
:101C200000020020F0BDFFE7606A40F4802060629F
:101C30000120F7E700640040704770B5044694F84F
:101C40002050012D01D0022D7DD151B92068C068EE
:101C500000F0030080B9606A40F400106062012067
:101C600070BD2068006900F0030028B9606A40F484
:101C7000001060620120F3E7206800F5D87000EBE7
:101C80000110006800F004009060906840B920687E
:101C900000F5D87000EB01100068400D106007E0FF
:101CA000206800F5D87000EB01100068C008506093
:101CB000206800F5D87000EB0110006800F0020009
:101CC000D060206800F5D87000EB0110406800F08B
:101CD0000F00082802D30820106108E0206800F5F2
:101CE000D87000EB0110406800F00F001061206810
:101CF00000F5D87000EB0110406800F47F40000A46
:101D00009061206800F5D87000EB01104068000C6D
:101D10005061206800F5D87000EB011080681870E1
:101D2000206800F5D87000EB0110806800F47F4057
:101D3000000A5870206800F5D87000EB0110806828
:101D400000F47F0000E03CE0000C9870206800F593
:101D5000D87000EB01108068000ED870206800F584
:101D6000D87000EB0110C0681871206800F5D870B9
:101D700000EB0110C06800F47F40000A5871206831
:101D800000F5D87000EB0110C06800F47F00000C73
:101D90009871206800F5D87000EB0110C068000E43
:101DA000D87131B92068C06840F020002668F06022
:101DB00005E02068006940F02000266830610020BE
:101DC0004EE7606A40F480206062012048E72DE918
:101DD000F05F04460025206846692068D0F804902A
:101DE000206887682068D0F80CA02068D0F810B070
:101DF0002068D0F8188006F00100002855D007F0C0
:101E00000100C0B101202168886007F0020018B10C
:101E1000204600F03AFB0EE007F0040010B145F454
:101E2000006508E007F0080010B145F4805502E0B5
:101E3000204600F029FB07F48070C8B14FF4807091
:101E40002168886007F4007018B1204600F01FFB7D
:101E50000EE007F4806010B145F4005508E007F487
:101E6000006010B145F4804502E0204600F00EFB12
:101E700007F48030C8B14FF480302168886007F4DF
:101E8000003018B1204600F004FB0EE007F480207B
:101E900010B145F4004508E007F4002010B145F406
:101EA000803502E0204600F0F3FA06F0080038B171
:101EB0000AF0100020B145F4007510202168C860B8
:101EC00006F0040040B10AF0080028B1082021689B
:101ED000C860204600F01CFA06F0020038B1206805
:101EE000C06800F0030010B1204600F013FA06F0BD
:101EF000400038B10BF0100020B145F4806510208F
:101F00002168086106F0200040B10BF0080028B1FC
:101F1000082021680861204600F084FA06F01000CD
:101F200038B12068006900F0030010B1204600F0CD
:101F30007AFA06F4003040B109F0100028B1102000
:101F400021684860204600F06FFA06F4803040B106
:101F500009F0080028B1082021684860204600F0F8
:101F600099FA06F4004088B309F0040078B306F447
:101F7000807020B108F0010008B145F0010506F4B9
:101F8000007020B108F0020008B145F0020506F427
:101F9000806020B108F0040008B145F0040506F4A3
:101FA0000060A0B108F0700088B108F0700040280F
:101FB00017D006DC10280BD020280CD0302819D1DF
:101FC0000CE0502810D0602814D110E01DE019E07A
:101FD00045F008050FE045F010050CE045F0200540
:101FE00009E045F0400506E045F0800503E045F4D2
:101FF000807500E000BF00BF2068806920F070009D
:10200000216888610420216848602DB1606A2843F6
:1020100060622046FFF710FEBDE8F09F70B50446F1
:102020000CB9012070BD94F8200010B9204600F0D2
:10203000AFF82068006840F001002168086000F0F7
:1020400089FD05460DE000F085FD401B0A2808D9F2
:10205000606A40F400306062052084F820000120AE
:10206000E0E72068406800F001000028EBD020681D
:10207000006820F002002168086000F06BFD054652
:102080000DE000F067FD401B0A2808D9606A40F4A3
:1020900000306062052084F820000120C2E720683B
:1020A000406800F002000028EBD1207E012806D114
:1020B0002068006840F080002168086005E0206822
:1020C000006820F0800021680860607E012806D149
:1020D0002068006840F040002168086005E0206842
:1020E000006820F0400021680860A07E012806D129
:1020F0002068006840F020002168086005E0206842
:10210000006820F0200021680860E07E012806D1E8
:102110002068006820F010002168086005E0206851
:10212000006840F0100021680860207F012806D177
:102130002068006840F008002168086005E0206819
:10214000006820F0080021680860607F012806D13F
:102150002068006840F004002168086005E02068FD
:10216000006820F0040021680860D4E902010843F7
:1021700021690843616908436168491E0843216871
:10218000C86100206062012084F82000002049E737
:1021900010B586B00446142101A8FEF7D3F95649BC
:1021A0002068884249D155480068401C534908605E
:1021B0000846006801280FD100BF00200090504859
:1021C000006840F000704E4908600846006800F062
:1021D0000070009000BF00BF00BF00200090484882
:1021E0001038006840F0080045491039086008467A
:1021F000006800F00800009000BF00BF03200190BD
:1022000002200290002003900320049009200590F2
:1022100001A93C4800F09EFB00220521132000F09C
:1022200057FD132000F040FD00220521142000F08E
:102230004FFD142000F038FD5CE0334920688842EF
:1022400058D100BF002000902D48006840F0806009
:102250002B4908600846006800F08060009000BFCD
:1022600000BF26480068401C2449086008460068F2
:1022700001280FD100BF002000902148006840F0E5
:1022800000701F4908600846006800F00070009068
:1022900000BF00BF00BF0020009019481038006840
:1022A00040F002001649103908600846006800F046
:1022B0000200009000BF00BF602001900220029049
:1022C00000200390032004900920059001A90F48E5
:1022D00000F040FB002205213F2000F0F9FC3F20E8
:1022E00000F0E2FC00220521402000F0F1FC40203B
:1022F00000F0DAFC06B010BD006400403800002099
:1023000040380240000C02400068004000040240D7
:102310007047000038B504463B492068884203D125
:1023200000203A49087002E0012038490870374817
:10233000007800EB400101EB0010354901EB800013
:1023400000F144033148007800EB400101EB00103C
:102350002F4901EB800000F1280200212046FFF701
:102360006CFC2A4A127802EB420303EB0212284B60
:1023700003EB820202F12801244A127802EBC20226
:10238000244B03EB82001C22FEF7AAF81F480078BA
:1023900000EBC0001F4901EB80011C48007800EBF6
:1023A000400202EB00101A4A02EB8000826C406C83
:1023B000C1E907021548007868B91448007800EBB5
:1023C000C000144A02EB800100236A4612480068EC
:1023D00009F02CF80CE00D48007800EBC0000D4A25
:1023E00002EB800100236A460C48006809F01EF8E1
:1023F000009838B14FF0805009490860BFF34F8F03
:10240000BFF36F8F38BD000000640040540100200E
:1024100058620020F062002000000020040000202C
:1024200004ED00E070477047704770B5044694F8BB
:102430002000012822D1022084F8200020680068B2
:1024400020F001002168086000F084FB05460DE0E3
:1024500000F080FB401B0A2808D9606A40F4003075
:102460006062052084F82000012070BD206840686B
:1024700000F001000028EBD16062F6E7606A40F4EA
:10248000002060620120F0E7704770477047704796
:1024900070477047704770B50446A56D00F05AFB51
:1024A000064694F83500022808D08020606500BFF9
:1024B000002084F8340000BF012070BD206800684F
:1024C00020F01600216808602068406920F0800034
:1024D00021684861206C08B9A06C28B120680068A8
:1024E00020F00800216808602068006820F00100E2
:1024F0002168086010E000F02DFB801B05280BD937
:1025000020206065032084F8350000BF002084F897
:10251000340000BF0320D0E72068006800F001000D
:102520000028E8D194F85C103F208840A860012082
:1025300084F8350000BF002084F8340000BF00BFDD
:10254000BBE7014691F83500022803D0802048659A
:1025500001207047052081F835000868006820F0E8
:1025600001000A6810600020F3E70000F8B5044697
:10257000002000908C4800684FF41651B0FBF1F732
:10258000A56D2E6894F85C1008208840304098B102
:102590002068006800F0040070B12068006820F036
:1025A00004002168086094F85C1008208840A86046
:1025B000606D40F00100606594F85C100120884077
:1025C000304068B12068406900F0800040B194F864
:1025D0005C1001208840A860606D40F002006065DA
:1025E00094F85C1004208840304068B1206800688E
:1025F00000F0020040B194F85C1004208840A8600C
:10260000606D40F00400606594F85C101020884014
:10261000304078B32068006800F0080050B394F8A8
:102620005C1010208840A8602068006800F48020BA
:1026300080B12068006800F4002028B9206CC8B17F
:102640002046216C884715E0A06C98B12046A16C0B
:1026500088470FE02068006800F4807028B920687F
:10266000006820F0080021680860206C10B1204646
:10267000216C884794F85C10202088403040002866
:1026800065D02068006800F0100000285FD094F842
:102690005C1020208840A86094F83500052828D1D7
:1026A0002068006820F016002168086020684069F2
:1026B00020F0800021684861206C08B9A06C28B126
:1026C0002068006820F008002168086094F85C1019
:1026D0003F208840A860012084F8350000BF00201A
:1026E00084F8340000BF206D10B12046216D88476A
:1026F000F8BD2068006800F4802080B12068006880
:1027000000F4002028B9606C10B12046616C884745
:102710001DE0E06BD8B12046E16B884717E02068E8
:10272000006800F4807068B92068006820F010002C
:1027300021680860012084F8350000BF002084F87B
:10274000340000BFE06B10B12046E16B8847606D3C
:1027500038B3606D00F00100F0B1052084F8350059
:102760002068006820F001002168086000BF009820
:10277000401C0090B84200D905E02068006800F0D5
:1027800001000028F3D100BF012084F8350000BF0C
:10279000002084F8340000BFE06C10B12046E16CEA
:1027A000884700BFA4E70000AC0000202DE9F041FD
:1027B0000446002500F0CEF9074614B90120BDE813
:1027C000F081606A00B100BF022084F8350000BFCC
:1027D000002084F8340000BF2068006820F0010069
:1027E000216808600AE000F0B5F9C01B052805D98A
:1027F00020206065032084F83500E0E72068006849
:1028000000F001000028EED120680568214805404D
:10281000D4E901010843E16808432169084361697B
:102820000843A1690843E1690843216A0843054355
:10283000606A042803D1D4E90B01084305432068EA
:1028400005602068456925F00705606A0543606AF0
:1028500004280DD1A06A0543E06A48B12046FEF77E
:10286000E9FD28B140206065012084F83500A6E725
:10287000206845612046FEF7C3FD064694F85C10CB
:102880003F208840B06000206065012084F835005A
:10289000002094E73F8010F02DE9F04704460D46F4
:1028A00016461F464FF00008D4F8589000BF94F821
:1028B0003400012802D10220BDE8F087012084F80D
:1028C000340000BF94F83500012825D1022084F897
:1028D0003500002060653B46324629462046FEF71B
:1028E000FEFD94F85C103F208840C9F8080020687D
:1028F000006840F0160021680860206C28B120684C
:10290000006840F00800216808602068006840F016
:1029100001002168086006E000BF002084F8340050
:1029200000BF4FF002084046C6E7000070B50446FD
:1029300000F010F906462546681C10B104480078DE
:10294000054400BF00F006F9801BA842FAD370BD11
:10295000A8000020F8B502460B4600250024002000
:102960000021D6E0012606FA01F51E6806EA0504F4
:10297000AC4274D11E7906F00306012E04D01E79F4
:1029800006F00306022E13D190684F000326BE40C6
:10299000B0434F00DE68BE4030439060506801266F
:1029A0008E40B0431E79C6F300168E40304350600F
:1029B0001E7906F00306032E09D0D0684F000326C7
:1029C000BE40B0434F009E68BE403043D0601E7989
:1029D00006F00306022E13D1CF0802F1200656F8A6
:1029E00027004E07F70E0F26BE40B0434F07FF0EDD
:1029F0001E69BE403043CF0802F1200646F827008A
:102A000010684F000326BE40B0431E7906F003064F
:102A10004F00BE40304310605E6806F44036002E22
:102A200076D000BF002600963C4E366846F48046BD
:102A30003A4F3E603E46366806F48046009600BF38
:102A400000BF374E8F0856F827008E07370F0F2626
:102A5000BE40B043334EB24202D1002624E057E0DC
:102A6000314EB24201D101261EE0304EB24201D1B8
:102A7000022619E02E4EB24201D1032614E02D4E5B
:102A8000B24201D104260FE02B4EB24201D10526FD
:102A90000AE02A4EB24201D1062605E0284EB24293
:102AA00001D1072600E008268F073F0FBE403043C4
:102AB0001B4E8F0846F82700224E3068A0435E6800
:102AC00006F4801606B120431E4E3060361D306875
:102AD000A0435E6806F4001606B12043194E361D69
:102AE0003060184E361F3068A0435E6806F400362A
:102AF00006B12043134E361F3060361F3068A043A6
:102B00005E6806F4803606B120430E4E083E306003
:102B1000491C1029FFF426AFF8BD000044380240DC
:102B20000838014000000240000402400008024052
:102B3000000C024000100240001402400018024045
:102B4000001C0240083C01400AB1816101E00B0415
:102B5000836170470148006870470000A0000020B2
:102B60000348006803490978084401490860704730
:102B7000A0000020A800002010B50D48006840F417
:102B800000700B4908600846006840F480600860E7
:102B90000846006840F480700860032000F0D6F812
:102BA0000F2000F007F800F055F8002010BD0000DD
:102BB000003C0240F0B587B004460026002700BF65
:102BC000002000901E48006840F001001C49086089
:102BD0000846006800F00100009000BF00BF01A996
:102BE00002A801F02BF901F061F946001548B6FB87
:102BF000F0F0471E14481549086040F2E7311348C9
:102C0000C1604760002101618160816101F070FD58
:102C1000054695B90D4801F09FFD05466DB919208F
:102C200000F042F8102C07D200222146192000F0B3
:102C30004FF80748046000E00125284607B0F0BDC2
:102C40004438024040420F0000000140C00700200D
:102C5000A400002008B500BF0020009011480068C3
:102C600040F480400F4908600846006800F4804046
:102C7000009000BF00BF00BF00200090081F006848
:102C800040F08050091F08600846006800F080503E
:102C9000009000BF00BF00220F21901E00F018F826
:102CA00008BD0000443802400146084600280DDBFC
:102CB00000BF00BF00F01F0301229A4043099B00A0
:102CC00003F1E023C3F8002100BF00BF00BF70473D
:102CD0002DE9F05F80460D461646002707F066F99D
:102CE000074639462A46334601F00700C0F1070A75
:102CF000BAF1040F02D94FF0040A01E0C0F1070A4B
:102D0000D14600F1040ABAF1070F02D24FF0000ACF
:102D100001E0A0F1030AD4464FF0010A0AFA09FAC9
:102D2000AAF1010A0AEA020A0AFA0CFA4FF0010BA8
:102D30000BFA0CFBABF1010B0BEA030B4AEA0B0499
:102D40002146404607F03AF9BDE8F09F00BF00F089
:102D50000702064B19684FF6FF031940044B0B435B
:102D600043EA0221014B196000BF70470CED00E0FF
:102D70000000FA0570470246106841620020704763
:102D8000F0B5034615461868446A21B944EA05407F
:102D90001E68B06219E01868806A04EB10440022D3
:102DA00008E0186800F5827050F8220004EB104427
:102DB000501CC2B2481E9042F3D844EA0547186836
:102DC00000F582704E1E40F826700020F0BD10B550
:102DD0000446D4F8E00405F076FB10BD70B5044657
:102DE0000D4605EBC50304F1140101EB8301CA682C
:102DF0002946D4F8E00405F059FA70BD70B50446D0
:102E00000D4605EBC50304F5157101EB8301CA6896
:102E10002946D4F8E00405F0D1FA70BD10B5044697
:102E2000D4F8E00405F052FB10BD2DE9F041044652
:102E30000D4605F08000802808D105F00F0000EB5A
:102E4000C00104F1140000EB810607E005F00F005B
:102E500000EBC00104F5157000EB810631462068D7
:102E600006F08AFD07463846BDE8F08170B5044695
:102E70000E4606F0800080280AD106F00F0000EB15
:102E8000C00104F1140000EB81050120687009E025
:102E900006F00F0000EBC00104F5157000EB810592
:102EA0000020687006F00F00287000BF94F89404AA
:102EB000012801D1022070BD012084F8940400BFD4
:102EC0002946206806F0E6F800BF002084F8940444
:102ED00000BF00BFEFE770B504460E4606F00F00D6
:102EE0002179884201D9012070BD06F08000802838
:102EF0000AD106F00F0000EBC00104F1140000EB52
:102F000081050120687009E006F00F0000EBC001A8
:102F100004F5157000EB8105002068700020A87092
:102F200006F00F00287000BF94F89404012801D126
:102F30000220D9E7012084F8940400BF29462068C4
:102F400006F0A6FA00BF002084F8940400BF00BF7A
:102F5000CAE7024601F00F0000EBC00302F515704E
:102F600000EB8300406970472DE9F04705460E46A7
:102F700090461F464FF0000906F0800080280AD1D5
:102F800006F00F0000EBC00105F1140000EB810416
:102F90000120607009E006F00F0000EBC00105F5AC
:102FA000157000EB81040020607006F00F002070A7
:102FB000C8F30A00A0602771607808B120786083A8
:102FC000022F01D10020607100BF95F89404012800
:102FD00002D10220BDE8F087012085F8940400BFEB
:102FE0002146286805F062FF00BF002085F89404A0
:102FF00000BF4846EEE72DE9F04105460E4617466C
:10300000984606F00F0000EBC00105F5157000EBC7
:103010008104E760C4F8108000206061607006F0F1
:103020000F002070A879012800D1E761AA79214614
:10303000286806F0C1FA0020BDE8F08170B50446AA
:103040000D4605F00F002179884201D9012070BD9D
:1030500005F0800080280AD105F00F0000EBC001C8
:1030600004F1140000EB81060120707007E005EB0D
:10307000C50104F5157000EB810600207070012079
:10308000B07005F00F00307000BF94F89404012870
:1030900001D10220DBE7012084F8940400BF31460F
:1030A000206806F03CFA05F00F0028B9A17904F277
:1030B0009C42206806F0B4F900BF002084F8940414
:1030C00000BF00BFC3E72DE9F04105460E46174695
:1030D000984606F00F0000EBC00105F1140000EB6C
:1030E0008104E760C4F810800020606101206070F6
:1030F00006F00F002070A879012800D1E761AA79B5
:103100002146286806F058FA0020BDE8F0812DE934
:10311000FE4F0446D4F800B05E46206806F00EFD6F
:10312000002874D1206806F048FD08B9BDE8FE8F7C
:1031300040F608008059C0F30D20C4F8D40420687C
:1031400006F03BFD00F00200022805D1206840692E
:1031500000F0020021684861206806F02EFD00F0B2
:103160001000102845D12068806920F010002168E7
:103170008861DBF8209009F00F0000EBC00104F536
:10318000157000EB810AC9F3434002281AD147F6B3
:10319000F07009EA000030B3C9F30A125846DAF8B1
:1031A0000C1006F00FFDC9F30A11DAF80C00084400
:1031B000CAF80C00C9F30A11DAF814000844CAF876
:1031C000140010E0C9F3434006280CD1082204F291
:1031D0009C41584606F0F6FCC9F30A11DAF81400CF
:1031E0000844CAF814002068806940F01000216883
:1031F0008861206806F0E1FC00F40020B0F5002FA3
:103200007BD10025206806F0A8FC029072E0E1E284
:10321000029800F00100002868D0E9B2206806F0AA
:10322000BFFC804608F0010048B1012106F530607E
:1032300000EB451081602946204603F09FF908F015
:103240000800082809D1082106F5306000EB451078
:1032500081602946204603F05FF908F0100010282D
:1032600005D1102106F5306000EB4510816008F0B3
:103270000200022824D1DBF8140000F0800080282E
:1032800007D140F60400805940F4806140F6040004
:10329000815105EBC50104F5157000EB810A9AF820
:1032A0000300012806D100208AF80300E9B2204675
:1032B00000F09BFA022106F5306000EB45108160BA
:1032C00008F02000202805D1202106F5306000EB11
:1032D0004510816008F40050B0F5005F06D14FF44E
:1032E000005106F5306000EB451081606D1C0298BE
:1032F00040080290029800288AD1206806F05DFC00
:1033000000F48020B0F5802F7DD1206806F01BFCF2
:10331000029000259AE0029800F00100002873D086
:10332000E9B2206806F023FC804608F00100F0B303
:1033300005F00F0101208840019040F634008159CA
:10334000019821EA000040F634018851012106F578
:10335000106000EB45108160A079012824D105EBB5
:10336000C50104F1140000EB810005EBC502C16842
:1033700004F1140000EB82008068014405EBC502F3
:1033800004F1140000EB8200C1606DB905EBC501CA
:1033900004F1140000EB8100006928B904F29C429A
:1033A0000121206806F03CF8E9B2204600E001E087
:1033B000FFF714FD08F00800082805D1082106F5DC
:1033C000106000EB4510816008F01000102805D156
:1033D000102106F5106000EB4510816008F04000F8
:1033E000402805D1402106F5106000EB45108160B2
:1033F00008F0020002281DD12946584606F061FB5C
:1034000005EBC50101E025E01CE004F1140000EB30
:10341000810A9AF80300012806D100208AF80300E7
:10342000E9B2204600F0D8F9022106F5106000EB61
:103430004510816008F08000802803D1294620468D
:1034400003F03EF96D1C0298400802900298002893
:103450007FF461AF206806F0B0FB00F00040B0F1EF
:10346000004F1CD140F60400805920F0010140F6C5
:103470000400815194F8CC04012807D1002084F87D
:10348000CC0400212046FFF775FC02E0204600F046
:10349000D1FA2068406900F0004021684861206846
:1034A00006F08BFB00F40060B0F5006F0ED140F623
:1034B0000800805900F0010010B1204600F012FB16
:1034C0002068406900F4006021684861206806F0C7
:1034D00074FB00F48050B0F5805F7ED140F60400AC
:1034E000805920F0010140F604008151102120682C
:1034F00006F0E7FA002732E04FF67F3106F510605C
:1035000000EB4710816006F5106000EB4710006883
:1035100020F4001106F5106000EB471001604FF633
:103520007F3106F5306000EB4710816006F53060B2
:1035300000EB4710006820F4001106F5306000EB46
:103540004710016006F5306000EB4710006840F05E
:10355000006106F5306000EB471001607F1C2079A8
:10356000B842C9D840F61C00805940F0011140F61D
:103570001C008151E07B70B1D6F8840840F00B014B
:10358000C6F8841840F64400805940F00B0140F61C
:10359000440081510FE040F61400805942F22B01A3
:1035A000084340F614018851081F805940F00B0170
:1035B0004FF401608151D6F8000820F4FE60C6F88F
:1035C0000008A17904F29C42206805F029FF2068D8
:1035D000406900F48050216800E000E04861206804
:1035E00006F0EBFA00F40050B0F5005F17D1206848
:1035F00005F0C4FC206806F08EFAE07100F040FC93
:103600000090E2792068009906F05EFB204600F009
:10361000F9F92068406900F4005021684861206889
:1036200006F0CBFA00F00800082808D1204600F088
:1036300008FA2068406900F00800216848612068A5
:1036400006F0BBFA00F08000802818D1DBF81800E3
:1036500020F08000CBF8180001250DE005EBC50136
:1036600004F5157000EB8100C078012803D1E9B2A0
:103670002046FFF7DAFB6D1C2079A842EED82068BF
:1036800006F09BFA00F48010B0F5801F2DD10125C3
:1036900022E006F5106000EB4510D0F8009005EB35
:1036A000C50104F1140000EB81000079012812D15A
:1036B00009F00040B0F1004F0DD1012105EBC5022A
:1036C00004F1140000EB8200C170E8B240F0800108
:1036D0002046FFF7AAFB6D1C2079A842D9D82068A4
:1036E000406900F4801021684861206806F065FA9E
:1036F00000F40010B0F5001F44D1012538E006F5B4
:10370000306000EB4510D0F8009005EBC50104F5E2
:10371000157000EB81000079012828D109F00040E4
:10372000B0F1004F23D194F8D40400F00100C9F3A4
:10373000004188421BD1012105EBC50204F515703B
:1037400000EB8200C170DBF8180040F08000CBF87D
:103750001800DBF8140000F0800040B940F60400C7
:10376000805940F4007140F60400815103E06D1C63
:103770002079A842C3D800BF2068406900F4001037
:1037800021684861206806F018FA00F08040B0F126
:10379000804F08D12046FFF71AFB2068406900F0EF
:1037A000804021684861206806F007FA00F00400B4
:1037B00004280FD12068D0F8049009F004000428F0
:1037C00002D12046FFF72AFB2068406840EA090042
:1037D0002168486000BFA9E470B504460D4629463B
:1037E000D4F8E00404F0DEFE70BD70B504460D466A
:1037F0002946D4F8E00404F0F9FE70BDF8B504469B
:103800000CB90120F8BD266894F8950428B9002069
:1038100084F89404204600F0A1F8032084F895046D
:10382000B6F1A04F01D10021A171206805F0F0FD93
:10383000207C8DF8000094E80F0005F0B3FB20B168
:10384000022084F895040120DCE70021206806F0BE
:10385000E9F920B1022084F895040120D2E700257F
:1038600031E0012105EBC50204F1140000EB8200F8
:10387000417005EBC50104F1140000F8215005EB7F
:10388000C50100EB81004583002105EBC50204F171
:10389000140000EB8200017105EBC50204F1140075
:1038A00000EB8200816005EBC50204F1140000EB1F
:1038B0008200C16005EBC50204F1140000EB820038
:1038C0000161681CC5B22079A842CADC00252AE043
:1038D000002105EBC50204F5157000EB8200417074
:1038E00005EBC50104F5157000F82150002105EB2A
:1038F000C50200EB8200017105EBC50204F51570ED
:1039000000EB8200816005EBC50204F5157000EB49
:103910008200C16005EBC50204F5157000EB820062
:103920000161681CC5B22079A842D1DC207C8DF8E9
:10393000000094E80F0005F077FC20B1022084F825
:10394000950401205EE700206074012084F895044E
:10395000206805F057FC002054E7000010B586B041
:103960000446142101A8FCF7EDFD2068B0F1A04F3A
:1039700042D100BF002000902048006840F00100C4
:103980001E4908600846006800F00100009000BF72
:1039900000BF4FF4C050019002200290002003901D
:1039A000032004900A20059001A91548FEF7D2FFD4
:1039B00000BF1248001D006840F080000F49091D3B
:1039C000086000BF002000900C481430006840F4EC
:1039D00080400A49143108600846006800F48040BD
:1039E000009000BF00BF00BF002205214320FFF769
:1039F0006FF94320FFF758F906B010BD3038024088
:103A00000000024070B504460125E07908B90025A0
:103A100006E0E079022801D1012501E0FDF7A4FDCF
:103A20002946D4F8E00404F08BFED4F8E00404F056
:103A300031FE70BD10B50446D4F8E00404F061FE18
:103A400010BD10B50446D4F8E00404F065FE10BDC6
:103A500070B504460D4600BF94F89404012801D1C6
:103A6000022070BD012084F8940400BF65742946CB
:103A7000206806F00BF900BF002084F8940400BF12
:103A800000BFEEE710B5044604F29C41D4F8E00410
:103A900004F06DFE10BD70B50446256800BF94F8B3
:103AA0009404012801D1022070BD012084F89404FF
:103AB00000BFE86800F0400030B1607B012803D10E
:103AC000A86B40F48030A863206805F0CBFF206825
:103AD00005F086FB00BF002084F8940400BF00BFFF
:103AE000E2E7000010B50446D4F8E00404F09CFEC0
:103AF0002068D0F8000E40F001002168C1F8000EE7
:103B0000E07A28B10348006840F0060001490860E7
:103B100010BD000010ED00E0F8B5044600250026B9
:103B2000207800F0010020B9207800F0040004287B
:103B30002FD100205B498866FFF70CF8054606E0A8
:103B4000FFF708F8401B022801D90320F8BD5648AA
:103B50000068C0F3C0600028F2D160688101207A5B
:103B600041EA007050498431086001204D4988665F
:103B7000FEF7F0FF054606E0FEF7ECFF401B0228CB
:103B800001D90320E2E748480068C0F3C06000287C
:103B9000F2D0207800F0020002287DD100BF002082
:103BA000009041484030006840F080503E4940312C
:103BB00008600846006800F08050009000BF00BF19
:103BC0003A48006840F4807038490860FEF7C2FF48
:103BD000054606E0FEF7BEFF401B022801D9032080
:103BE000B4E73248006800F480700028F2D02E4814
:103BF0007030006800F440764EB3A08900F4407045
:103C0000B04224D028487030006820F4407601206B
:103C1000274908600020086023487030066000686B
:103C200000F0010098B1FEF795FF054608E0FEF7A9
:103C300091FF401B41F28831884201D9032085E77A
:103C4000194870300068C0F340000028EFD000BF72
:103C5000A08900F44070B0F5407F0CD112480830C4
:103C6000006820F4F810134AE168114008430E4937
:103C70000831086007E00C480830006820F4F810AC
:103C8000094908310860084870300068A189C1F30B
:103C90000B010843044900E002E07031086000BFF6
:103CA000002053E700004742003802400070004007
:103CB000400E4742FFFCFF0F70B504460D460CB99D
:103CC000012070BD5848006800F00700A84209D2E2
:103CD00055490D700846006800F00700A84201D061
:103CE0000120EEE7207800F0020002281DD12078A4
:103CF00000F00400042805D14C48006840F4E0506E
:103D00004A490860207800F00800082805D1474893
:103D1000006840F46040454908604448006820F06D
:103D2000F000A168084341490860207800F00100D4
:103D3000A8B36068012807D13C4808380068C0F380
:103D40004040B8B90120BCE76068022802D0606832
:103D5000032807D1354808380068C0F3406048B9E7
:103D60000120AEE7314808380068C0F3400008B9C8
:103D70000120A6E72D48006820F003006168084391
:103D80002A490860FEF7E6FE064609E0FEF7E2FE75
:103D9000801B41F28831884202D9032091E707E075
:103DA0002248006800F00C006168B0EB810FEDD193
:103DB0001D48006800F00700A84209D91A490D7093
:103DC0000846006800F00700A84201D0012078E70B
:103DD000207800F00400042807D11448006820F47B
:103DE000E050E168084311490860207800F00800BD
:103DF000082808D10D48006820F46040216940EA95
:103E0000C1000A49086000F061F808490968C1F377
:103E10000311074A515CC84006490860064800681B
:103E2000FEF7C8FE00204CE7003C02400838024084
:103E300038C40008AC000020A40000200F2202605B
:103E40000D4A126802F0030242600B4A126802F047
:103E5000F0028260084A126802F4E052C260064A28
:103E6000126802F46042D2080261044A126802F049
:103E700007020A607047000008380240003C024018
:103E80000148006870470000AC00002000B5FFF753
:103E9000F7FF04490968C1F38221034A515CC84015
:103EA00000BD00000838024048C4000800B5FFF714
:103EB000E7FF04490968C1F34231034A515CC84035
:103EC00000BD00000838024048C400082DE9F04752
:103ED000002400250026A1462548006800F00C00BB
:103EE00020B1042805D008283AD105E0DFF88490F5
:103EF00039E0DFF8849036E01D48001F006800F0CC
:103F00003F041B48001F006800F4800078B11A4885
:103F10001749091F0968C1F38811A0FB0170014608
:103F2000224600233846FCF71FFA05460EE01148EA
:103F30000F49091F0968C1F38811A0FB01700146F0
:103F4000224600233846FCF70FFA05460848001FB2
:103F50000068C0F30140401C4600B5FBF6F902E0E2
:103F6000DFF8109000BF00BF4846BDE8F0870000B2
:103F7000083802400024F400001BB700F8B50446DE
:103F80000CB90120F8BD207800F00100002874D0A1
:103F9000F948006800F00C0004280DD0F6480068CD
:103FA00000F00C00082813D1F348001F006800F44B
:103FB0008000B0F5800F0BD1EF4808380068C0F3DF
:103FC0004040002859D06068002856D10120D9E728
:103FD00000BF6068B0F5803F08D1E7480838006846
:103FE00040F48030E449083908601EE06068B0F5AC
:103FF000A02F0DD1E0480838006840F48020DE4949
:10400000083908600846006840F4803008600CE019
:10401000D9480838006820F48030D749083908604A
:104020000846006820F48020086000BF606890B1F6
:10403000FEF790FD054606E0FEF78CFD401B642868
:1040400001D903209EE7CC4808380068C0F34040FF
:104050000028F1D011E0FEF77DFD054606E0FEF7F1
:1040600079FD401B642801D903208BE7C24808383A
:104070000068C0F340400028F1D1207800F0020031
:1040800002285FD1BC48006800F00C0058B1BA4863
:10409000006800F00C0008281CD1B748001F006819
:1040A00000F48000B0B9B44808380068C0F340009C
:1040B00020B1E068012801D0012063E7AE4808384C
:1040C000006820F0F800216940EAC100AA490839D7
:1040D000086037E0E06800B30120A8490860FEF7F7
:1040E00039FD054606E0FEF735FD401B022801D9E3
:1040F000032047E7A04808380068C0F340000028C4
:10410000F1D09D480838006820F0F800216940EAA5
:10411000C10099490839086014E0002097490860F7
:10412000FEF718FD054606E0FEF714FD401B0228C9
:1041300001D9032026E7904808380068C0F3400002
:104140000028F1D1207800F0080008282CD16069FF
:10415000A8B101208A490860FEF7FCFC054606E08C
:10416000FEF7F8FC401B022801D903200AE7824829
:104170006C300068C0F340000028F1D014E000204B
:104180007F490860FEF7E6FC054606E0FEF7E2FC24
:10419000401B022801D90320F4E677486C30006800
:1041A000C0F340000028F1D1207800F0040004287A
:1041B00070D1002770483830006800F0805090B906
:1041C00000BF002000906C483830006840F08050FC
:1041D0006949383108600846006800F08050009056
:1041E00000BF00BF01276748006800F48070B0B9C5
:1041F0006448006840F4807062490860FEF7AAFCD9
:10420000054606E0FEF7A6FC401B022801D9032064
:10421000B8E65C48006800F480700028F2D000BF67
:10422000A068012808D154486830006840F00100B7
:104230005149683108601DE0A06805280DD14E483D
:104240006830006840F004004B4968310860084657
:10425000006840F0010008600CE0474868300068E2
:1042600020F001004449683108600846006820F0E9
:104270000400086000BFA068A8B1FEF76BFC05460B
:1042800009E0FEF767FC401B41F28831884202D901
:10429000032077E626E0384868300068C0F3400025
:1042A0000028EED013E0FEF755FC054608E0FEF7C7
:1042B00051FC401B41F28831884201D9032061E65C
:1042C0002D4868300068C0F340000028EFD1012F6E
:1042D00007D129483830006820F08050264938310D
:1042E000086000BFA069002845D02348006800F09E
:1042F0000C0008285DD0A069022845D100201F4984
:104300000866FEF727FC054606E0FEF723FC401B87
:10431000022801D9032035E6174808380068C0F3A1
:1043200040600028F1D1D4E907010843616A40EAFE
:1043300081110122A06AC2EB500041EA00412C2009
:10434000005D41EA00600C49091F086001200B492B
:104350000866FEF7FFFB054606E0FEF7FBFB401B89
:10436000022801D903200DE6034808380068C0F38D
:1043700040600028F1D049E0083802400000474280
:10438000800E474200700040002021490866FEF779
:10439000E1FB054606E0FEF7DDFB401B022801D9E4
:1043A0000320EFE51B480068C0F340600028F2D10D
:1043B0002CE0A069012800D1E4E51648001D06683C
:1043C000A069012820D006F48001E06981421BD158
:1043D00006F03F01206A814216D147F6C070304096
:1043E000616AB0EB811F0FD106F440310122A06A4F
:1043F000C2EB5000B1EB004F06D106F070612C20EB
:10440000005DB1EB006F01D00120BBE50020B9E5F4
:10441000000047420038024070B504460CB9012044
:1044200070BD607F20B900202077204600F04EF854
:10443000022060772068C068C0F3001000283CD1DB
:1044400000BFCA202168486253202168486200BF2B
:10445000204602F082FA0546EDB9206880681A49C4
:1044600008402168886021696068084361690843E1
:10447000216889680843216888602168E0680861CC
:1044800020680169208941EA0040216808612046CE
:1044900002F088FA05465DB92068006C20F480209F
:1044A000216808642068006CA169084321680864D9
:1044B00000BFFF202168486200E000250DB90120FF
:1044C00060772846ACE70000BFFF8FFF1FB50446AA
:1044D00000200090019002900390094920688842D2
:1044E0000CD102200090000203906846FFF714FBF5
:1044F00008B1FDF739F80120024908601FBD00002E
:10450000002800403C0E47422DE9F04105460C468C
:1045100017464FF0000800BF287F012802D1022073
:10452000BDE8F0810120287700BF022068774FB9ED
:10453000607800F01000102804D1607800F0EF00DF
:104540000A30607087B9E07802F0FAF90304607805
:1045500002F0F6F943EA0023A07802F0F1F90343F0
:10456000207843EA403809E0E0780004617840EAC6
:104570000120A1780843217840EA413800BFCA20D1
:104580002968486253202968486200BF284602F023
:10459000E4F9064646B90B4808EA00002968486075
:1045A000284602F0FFF906460EB90120687700BFE1
:1045B000FF202968486200BF00BF0020287700BFA5
:1045C0003046ADE73FFFFF002DE9F04104460D46C0
:1045D00017464FF0000800BF207F012802D10220BB
:1045E000BDE8F0810120207700BF02206077CFB9BD
:1045F0002068806800F0400000B102E00020E87010
:1046000000BF287802F09CF90304687802F098F95A
:1046100043EA0023A87802F093F90343E87843EAD9
:10462000805812E02068806800F0400000B102E08D
:104630000020E87000BF28780004697840EA012073
:10464000A9780843E97840EA815800BFCA20216868
:10465000486253202168486200BF204602F07DF97D
:104660000646B6B9124808EA0000216808602068CA
:10467000806820F4802021688860D5E90301084320
:1046800021688968084321688860204602F08AF919
:1046900006460EB90120607700BFFF2021684862FE
:1046A00000BF00BF0020207700BF304698E7000021
:1046B0007F7F7F0070B5044600250B482168C860E5
:1046C000FEF748FA054607E0FEF744FA401BB0F54E
:1046D0007A7F01D9032070BD2068C06800F02000F7
:1046E0000028F1D00020F6E75F7F01007047704797
:1046F00010B504460CB9012010BD94F83D0028B94E
:10470000002084F83C00204600F025F8022084F8C0
:104710003D00211D206802F051FB012084F8460075
:1047200000BF84F83E0001213F2001554020015583
:104730004120015500BF00BF012084F84200432002
:104740000155442001554520015500BF012084F842
:104750003D000020D0E77047014691F83D00012858
:1047600001D001207047022081F83D000868C06830
:1047700040F001000B68D8601A4B086898421BD0C3
:104780000868B0F1804F17D0174B0868984213D0D3
:10479000164B086898420FD0154B086898420BD00A
:1047A000144B0868984207D0134B0868984203D00E
:1047B000124B086898420CD10868806800F0070224
:1047C000062A0CD00868006840F001000B681860E9
:1047D00005E00868006840F001000B6818600020E0
:1047E000C0E7000000000140000400400008004055
:1047F000000C00400004014000400140001800404F
:10480000704770B504462068C5682068066906F0E0
:104810000200022819D105F00200022815D1401F1C
:1048200021680861012020772068806900F003007A
:1048300018B12046FFF7E4FF05E0204600F097F8A6
:10484000204600F095F80020207706F004000428A8
:1048500019D105F00400042815D1C043216808616E
:10486000022020772068806900F4407018B120464B
:10487000FFF7C6FF05E0204600F079F8204600F07B
:1048800077F80020207706F00800082819D105F0F5
:104890000800082815D1C04321680861042020774A
:1048A0002068C06900F0030018B12046FFF7A8FF98
:1048B00005E0204600F05BF8204600F059F80020A3
:1048C000207706F01000102819D105F010001028EC
:1048D00015D1C04321680861082020772068C0698D
:1048E00000F4407018B12046FFF78AFF05E020462B
:1048F00000F03DF8204600F03BF80020207706F05D
:10490000010048B105F0010030B16FF001002168ED
:104910000861204600F02EF806F08000802809D1BA
:1049200005F08000802805D1C04321680861204639
:10493000FFF7DCFE06F04000402809D105F04000FA
:10494000402805D1C04321680861204600F01EF8C8
:1049500006F02000202809D105F02000202805D1EC
:10496000C043216808612046FFF7C1FE70BD704753
:104970007047000010B5044603492068884201D101
:10498000FEF7EEF810BD0000000001407047F8B5DA
:1049900004460D46164694F8420020282DD105B154
:1049A0000EB90120F8BD012020630020606332466B
:1049B0002946204602F0FCFC0746206B012819D14D
:1049C00000BF0020009020680068009020684068C8
:1049D000009000BF00BF00BF00BF21680C3151E84C
:1049E000001F41F0100021680C3141E80002002A4C
:1049F000F3D100E001273846D4E70220D2E70000D7
:104A0000034B02689A4202D10122024B1A7070478E
:104A100000140140A4010020704700002DE9F84F68
:104A20000446206805682068C668206847694FF01A
:104A30000009CA4605F00F09B9F1000F0AD105F0C7
:104A4000200038B106F0200020B1204602F01CFB07
:104A5000BDE8F88FB9F1000F7CD007F0010018B95C
:104A600006F49070002875D005F0010030B106F40E
:104A7000807018B1606C40F00100606405F00400C3
:104A800030B107F0010018B1606C40F002006064C2
:104A900005F0020030B107F0010018B1606C40F081
:104AA0000400606405F0080048B106F0200010B969
:104AB00007F0010018B1606C40F008006064606CA1
:104AC000002846D005F0200028B106F0200010B1E3
:104AD000204602F0D9FA20684069C0F3801A606C61
:104AE00000F0080010B9BAF1000F2DD0204602F0F6
:104AF00072FA2068406900F04000402820D100BFD1
:104B000000BF2168143151E8001F21F040002168E6
:104B1000143141E80002002AF3D100BFE06B50B12C
:104B20007F48E16B0865E06BFDF70BFD88B1E06B3A
:104B3000016D88470DE02046FFF76EFF09E009E0B0
:104B40002046FFF769FF04E02046FFF765FF0020DD
:104B500060647DE7206B012878D105F01000002803
:104B600074D006F010000028FAD000BF002000909A
:104B700020680068009020684068009000BF00BF77
:104B80002068406900F04000402870D1E06B006868
:104B900040681FFA80F8B8F1000F58D0A08D40454A
:104BA00055DDA4F82E80E06BC069B0F5807F43D05E
:104BB00000BF00BF21680C3151E8001F21F4807054
:104BC00021680C3141E80002002AF3D100BF00BF88
:104BD00000BF2168143151E8001F21F00100216855
:104BE000143141E80002002AF3D100BF00BF00BF2A
:104BF0002168143151E8001F21F040002168143170
:104C000041E80002002AF3D100BF202084F84200CE
:104C10000020206300BF00BF21680C3151E8001F55
:104C200021F0100021680C3141E80002002AF3D184
:104C300000BFE06BFDF72FFC02206063A08DE28DCA
:104C4000801A81B22046FFF7DBFE0EE052E0A08D15
:104C500040450AD1E06BC069B0F5807F05D10220E4
:104C60006063A18D2046FFF7CBFEF1E6FFE7A08D44
:104C7000E18D401A1FFA80F8E08DD0B3B8F1000F33
:104C800037D000BF00BF21680C3151E8001F21F46C
:104C9000907021680C3141E80002002AF3D100BF76
:104CA00000BF00BF2168143151E8001F21F001004E
:104CB0002168143141E80002002AF3D100BF20200E
:104CC00084F842000020206300BF00BF21680C313F
:104CD00051E8001F21F0100021680C3141E800026A
:104CE000002AF3D100BF0220606341462046FFF74F
:104CF00087FEADE605F0800030B106F0800018B107
:104D0000204602F0C1FBA3E605F0400030B106F0FA
:104D1000400018B1204602F094F999E600BF97E6EA
:104D20009D6E000810B504460CB9012010BDA069A5
:104D300000B100E000BF94F8410028B9002084F8D9
:104D40004000204600F02AF8242084F84100206822
:104D5000C06820F400502168C860204602F012FAB2
:104D60002068006920F4904021680861206840694B
:104D700020F02A00216848612068C06840F4005093
:104D80002168C86000206064202084F8410084F815
:104D900042000020606300BFC8E7000010B586B085
:104DA0000446142101A8FBF7CDFBAB4920688842DB
:104DB0007ED100BF00200090A848006840F010009D
:104DC000A64908600846006800F01000009000BF87
:104DD00000BF00BF00200090A0481438006840F0D9
:104DE00002009E49143908600846006800F002007D
:104DF000009000BF00BF00BF002000900846006880
:104E000040F0010008600846006800F001000090D2
:104E100000BF00BF8020019002200290002003907C
:104E2000032004900720059001A98D48FDF792FD0D
:104E30004FF40070019002200290002003900320A4
:104E400004900720059001A98648FDF783FD864858
:104E5000864908604FF00060486000218348816007
:104E6000C1604FF4806101610021416181614FF4B3
:104E70008071C161002101624162FDF797FC08B1B8
:104E8000FCF772FB00BF7948E063846300BF76489B
:104E90007830774908604FF00060486040217448DE
:104EA00081600021C1604FF480610161002100E058
:104EB00011E0416181614FF48071C16100210162A3
:104EC0004162FDF773FC08B1FCF74EFB00BF684878
:104ED000A0638463BEE06749206888425DD100BF5B
:104EE000002000905D48001F006840F480205B496E
:104EF000091F08600846006800F48020009000BF89
:104F000000BF00BF0020009054481438006840F0F3
:104F100004005249143908600846006800F0040093
:104F2000009000BF00BF4FF440600190022002904B
:104F300000200390032004900720059001A94E480B
:104F4000FDF708FD4D484E4908604FF0006048608D
:104F500000214B488160C1604FF4806101610021F4
:104F6000416181614FF48071C1614FF44031016250
:104F700000214162FDF71AFC08B1FCF7F5FA00BF09
:104F80003F48E063846300BF002205212720FDF72E
:104F90009FFE2720FDF788FE5CE03A4920688842A2
:104FA00058D100BF002000902C48006840F020003D
:104FB0002A4908600846006800F02000009000BF01
:104FC00000BF00BF0020009024481438006840F063
:104FD00040002249143908600846006800F040008B
:104FE000009000BF00BF4FF4844001900220029067
:104FF00000200390032004900820059001A9224876
:10500000FDF7A8FC1848183820490860800548605A
:1050100000211E488160C1604FF480610161002160
:10502000416181614FF48071C1610021016241627F
:10503000FDF7BCFB08B1FCF797FA00BF1348E0632B
:10504000846300BF002205214720FDF741FE472071
:10505000FDF72AFE06B010BD0010014044380240A2
:10506000000402400000024040640240400600206C
:10507000A0060020004800400008024028600240CE
:1050800000070020001401400018024060070020C3
:1050900070477047704700BFFEE7000080ED080AC8
:1050A000C0ED090A80ED0A1A41648264DFED121A2C
:1050B000C0ED0C1ADFED101AC0ED0E1ADFED0E1A5E
:1050C000C0ED0D1ADFED0C1AC0ED021ADFED0A1A61
:1050D000C0ED031ADFED081AC0ED041ADFED061A61
:1050E000C0ED101ADFED041AC0ED011ADFED021A4F
:1050F000C0ED001A704700000000000030B50B46FC
:10510000002100BF16E00A24B4EB107F05D930243B
:1051100004EB107403F8114005E0412404EB107413
:105120000A3C03F81140000100254C00641C1D5589
:105130004C1CE1B29142E6DB30BD000000B58BB003
:10514000012003900021059106910821079100217B
:1051500002A80176FF208DF82400FF2102A84177E4
:105160008177C1778DF828108DF829108DF82A10D5
:10517000FC218DF82B1009A801230022034900907F
:1051800003480068FBF7CAFC0BB000BDF804002020
:10519000080000200FB410B52DED048B9DF83400ED
:1051A00000F00F040698441E9FED930AB0EE408A6B
:1051B0009FED920AF0EE408AB2EE040AB0EE409AF9
:1051C0008F4850F8240090ED010ABCEEC00A10EEA2
:1051D000100A8B4951F8241008849DF834000011FE
:1051E000874951F82410088006A8817F407F41EA52
:1051F000002000EE100AB8EE400A814850F8240062
:1052000080ED060A06A8C07F01019DF8380041EA3A
:10521000201000EE100AB8EE400A794850F8240039
:1052200080ED070A9DF838009DF8391000EE101A3D
:10523000B8EE400A724850F8240080ED040A704924
:1052400051F8241091ED060ABDEEC00A10EE100AC6
:105250001021F0EE480AB1EE480A05F055FB684807
:1052600050F8240080ED010A654850F82400D0ED84
:10527000010AB0EE001A80EE810ADFED620A20EE2C
:10528000200ADFED610A20EE200A5D4850F8240074
:1052900080ED010A5A4951F8241091ED070ABDEE3C
:1052A000C00A10EE100A0C21F0EE680AB1EE680A8E
:1052B00005F02AFB524850F8240080ED020A5049BC
:1052C00051F8241091ED040ABDEEC00A10EE100A48
:1052D0000C21F0EE490AB1EE490A05F015FB4848E9
:1052E00050F8240080ED050A9DF83A0000EE100AFF
:1052F000B8EE400ABCEEC00A10EE100A404951F860
:10530000241008739DF83B0000EE100AB8EE400A26
:10531000BCEEC00A10EE100A394951F82410487347
:10532000374850F82400D0ED010A354850F82400E1
:10533000008C00EE100AB8EE400A30EEC00ADFED35
:10534000330AB4EEE00AF1EE10FA09D22C4850F814
:105350002400008F401C00B2294951F8241008870E
:10536000274850F82400008C00EE100AB8EE400ADE
:10537000234850F82400D0ED010A30EE600ADFED3A
:10538000230AB4EEE00AF1EE10FA09D21C4850F8F4
:105390002400008F401E00B2194951F824100887DC
:1053A000174850F82400D0ED010A154850F82400A1
:1053B000B0F93800400300EE100AB8EEC00A30EE33
:1053C000800A0F4850F8240080ED0F0A0C4850F86E
:1053D0002400B0F84400401C094951F82410A1F8F9
:1053E00044000120064951F8241081F84200BDEC28
:1053F000048B10BC5DF814FBDC0F494000004843EF
:1054000058010020DB0F4940000010420020CBC5AE
:1054100008B506F023FA009000BF00BF0948B0F8B5
:10542000440009490988884201D1FFF787FE0548F1
:10543000B0F84400044908800121684605F03CFCAE
:10544000ECE7000070630020140200202DE9F04713
:105450002DED0A8BB0EE408AF0EE608AB0EE419AF4
:10546000F0EE619AB0EE42AA0446DFED340A88EE0F
:10547000200AF0EE000A20EE200ADFED310A20EECD
:10548000200AB0EE40CA9FED2F0AF0EE40AA9FED31
:105490002E0AB0EE40BAB2EE040AF0EE40BA102086
:1054A000B0EE6A1AF1EE6A0AB0EE4C0A04F0BBFDE7
:1054B00085B20C20B0EE4B1AF1EE4B0AB0EE680A42
:1054C00004F0B1FD86B20C20B0EE6B1AF1EE6B0A5F
:1054D000B0EE4A0A04F0A7FD87B20C209FED1B1A1C
:1054E000DFED1B0AB0EE490A04F09DFD1FFA80F8BB
:1054F0000C20B1EE041ADFED160AB0EE690A04F0D2
:1055000092FD1FFA80F9281220706570C6F307100B
:10551000A0703007000E40EA2820E07084F8048074
:10552000C9F3071060714FEA0970000E40EA2720A6
:10553000A071E771BDEC0A8BBDE8F0870000004662
:10554000DB0F4940DC0F4940000048430000FA43AC
:105550000000000070B504460D46FDF7FBFA064654
:10556000002020726072E072012D04D1607810B9C1
:1055700066600020A072012D11D1607801280ED143
:105580006168701A0A2801D30121E172B0F5487FE1
:1055900004D3A17A11B901216172A17200BF55B97A
:1055A0006078012807D16168701AB0F5967F01D242
:1055B0000121217200BF6570257070BD2DE9F04199
:1055C0002DED068B04460D46288A2080688A60806F
:1055D000A88AA080A97D04F10800FFF7BBFFE97D40
:1055E00004F11400FFF7B6FF297E04F12000FFF755
:1055F000B1FF287F00F0010104F12C00FFF7AAFFA2
:10560000287FC0F3400104F13800FFF7A3FF287F93
:10561000C0F3800104F14400FFF79CFF287FC0F332
:10562000C00104F15000FFF795FF287FC0F38011FF
:1056300004F15C00FFF78EFF287FC10904F16800C8
:10564000FFF788FF687F00F0010104F17400FFF7A5
:1056500081FF687FC0F3400104F18000FFF77AFF0B
:10566000687FC0F3800104F18C00FFF773FF687F4F
:10567000C0F3C00104F19800FFF76CFF687FC0F32E
:10568000001104F1A400FFF765FF687FC0F340112B
:1056900004F1B000FFF75EFF687FC0F3801104F1F2
:1056A000BC00FFF757FF687FC10904F1C800FFF78E
:1056B00051FF287FC0F3001104F1D400FFF74AFF27
:1056C000287FC0F3401104F1E000FFF743FF20887A
:1056D00000EB800000B2D64908816088C00000B2AB
:1056E000C8807F20005D48B100208880D1490870C3
:1056F000D1490870D1490870CD490876E07C40B1A5
:10570000CB48407E012804D1CD490873CD490871AA
:1057100005E00220CA4908730020CA490871207FA9
:1057200068B1C348007B18B90120C149087306E07D
:10573000BF48007B012802D10020BD490873BC4846
:10574000007B01280FD1C04890ED000ABDEEC00AD1
:1057500010EE100A00B2B6494881BC4890ED000A2C
:10576000BB4880ED040A2820005D18B10120B04933
:10577000887602E00020AE4988763720005D40B18F
:10578000B44890ED000AB8EEC00AB34880ED010AB3
:1057900015E04320005D50B1AE480068404200EE85
:1057A000100AB8EEC00AAC4880ED010A07E0AA482A
:1057B000FBF7DCFB9FEDA90AA74880ED010AA6488C
:1057C00001F0FEF99A4908804F20005D40B1A448DD
:1057D00090ED000AB8EEC00AA24880ED010A15E07B
:1057E0005B20005D50B19E480068404200EE100A08
:1057F000B8EEC00A9B4880ED010A07E09948FBF724
:10580000B5FB9FED960A974880ED010A954801F097
:10581000D7F9874948809448B0F90A0000EE100A89
:10582000B8EEC09A9048B0F9080000EE100AF8EE01
:10583000C09AF0EE498AB1EE690AB4EEE80AF1EED8
:1058400010FA03D2B1EE690AF0EE408AB0EE080A0F
:1058500088EE80AADF20005D20B16720005D08B1DE
:10586000012000E0002006468EB17248007870B931
:10587000724890F90000032805DA70480078401C4F
:1058800040B26E49087001206A49087003E016B9F9
:10589000002068490870DF20005D20B17320005DA2
:1058A00008B1012000E00020074697B16248007867
:1058B00078B9624890F9000010F1030F05DD5F48E8
:1058C0000078401E40B25D49087001205A490870B6
:1058D00003E017B9002058490870584890F90000B3
:1058E00000EE100AB8EEC00A20EE0A8AF3EE0EAA05
:1058F0004F48B0F9040000EE100AB8EEC00AB4EE4A
:10590000C80AF1EE10FA24D24948B0F9040000EEBA
:10591000100AB8EEC00AF3EE0E0A30EE200ABDEE11
:10592000C00A10EE100A00B2414988800846B0F95A
:10593000040000EE100AB8EEC00AB4EEC80AF1EE98
:1059400010FA36DDBDEEC80A10EE100A00B28880EB
:105950002FE03748B0F9040000EE100AB8EEC00A94
:10596000B4EEC80AF1EE10FA23DD3148B0F90400B4
:1059700000EE100AB8EEC00AF3EE0E0A30EE600A2E
:10598000BDEEC00A10EE100A00B229498880084610
:10599000B0F9040000EE100AB8EEC00AB4EEC80A6E
:1059A000F1EE10FA05D2BDEEC80A10EE100A00B2F0
:1059B00088808B20005DA0B12C480068A0B91C48ED
:1059C000407E18B901201A49487606E01848407E02
:1059D000012802D100201649487601202349086099
:1059E00002E0002021490860C720005D18B10120B5
:1059F0001349C87302E000201149C873D320005D29
:105A000070B11B48006870B90D48807B08B901204F
:105A100000E000200A49887301201549086002E06F
:105A2000002013490860BDEC068BBDE8F081000042
:105A300038630020B9010020BA010020B80100201D
:105A4000F40100200C020020180100201C0100209D
:105A500060650020A80100205C010020000000001B
:105A6000AC0100206801002074010020B00100207A
:105A7000B401002070EE601AB0EE611AD0ED031A86
:105A800090ED042A71EEC21AB0EE082A20EE022A26
:105A9000F0EE002A22EE222AC2EE212AC1ED002ACF
:105AA000D0ED031A90ED042A71EEC21AB0EE082A66
:105AB00021EE022AC2EE212AC1ED012AD1ED001AFF
:105AC000B1EE042AF4EEC21AF1EE10FA03DBF1EEA5
:105AD000041AC1ED001AD1ED001AB9EE042AF4EE51
:105AE000C21AF1EE10FA03D8F9EE041AC1ED001A49
:105AF000D1ED011AB1EE042AF4EEC21AF1EE10FA59
:105B000003DBF1EE041AC1ED011AD1ED011AB9EE71
:105B1000042AF4EEC21AF1EE10FA03D8F9EE041AD0
:105B2000C1ED011A704700000FB40099A1F20120E5
:105B30003E4901EB401109883C4A02EB4012918139
:105B40009DF81D109DF81C2041EA0221374A02EB06
:105B5000401211809DF81F209DF81E1042EA01217D
:105B600009B2324A02EB401251809DF821209DF883
:105B7000201042EA012109B22C4A02EB4012918026
:105B80002A4901EB40110988284A02EB4012928908
:105B9000891A274A91420ADA244901EB4011898A7D
:105BA000491C09B2214A02EB4012918215E01F49BB
:105BB00001EB401189891D4A02EB40121288891AB3
:105BC0001B4A914209DA194901EB4011898A491EA1
:105BD00009B2164A02EB40129182144901EB4011BE
:105BE0000988124A02EB4012928A4FF4005313FBC9
:105BF00002110E4A02EB401211610C4901EB4011F7
:105C000009880A4A02EB40129181084901EB4011D0
:105C1000898B491C054A02EB401291830121034AFA
:105C200002EB4012917604B070470000B863002088
:105C300090E8FFFF30B5039C050A257060700D0ADF
:105C4000A570E170150A257162711D0AA571E371D5
:105C500030BD00000FB40099A1F201209DF81D1085
:105C60009DF81C2041EA02213A4A02EB40121180C1
:105C70009DF81F209DF81E1042EA012109B2354A05
:105C800002EB401251809DF821209DF8201042EA3D
:105C9000012109B22F4A02EB401291809DF8221097
:105CA0002C4A02EB401291712A4901EB40110988FC
:105CB000284A02EB40129289891A274A91420ADA4D
:105CC000244901EB4011898A491C09B2214A02EB9F
:105CD0004012918215E01F4901EB401189891D4A4C
:105CE00002EB40121288891A1B4A914209DA1949BB
:105CF00001EB4011898A491E09B2164A02EB401293
:105D00009182144901EB40110988124A02EB4012BA
:105D1000928A4FF4005313FB02110E4A02EB401219
:105D200011610C4901EB401109880A4A02EB40124B
:105D30009181084901EB4011498B491C054A02EB4E
:105D4000401251830121034A02EB4012117604B044
:105D500070470000D863002090E8FFFF30B5039C37
:105D6000050A257060700D0AA570E170150A25718D
:105D700062711D0AA571E37130BD000010B50E48B7
:105D80000E4908600320486000210C488160C16012
:105D90004FF4102101614FF400114161002101769F
:105DA00041768176C176017701214177FCF736F99A
:105DB00008B1FBF7D9FB10BD00640040F8040020D7
:105DC00010B50E480E4908600320486000210C48B9
:105DD0008160C1604FF4102101614FF400114161F5
:105DE0000021017641768176C176017701214177E4
:105DF000FCF714F908B1FBF7B7FB10BD00680040D1
:105E00002005002008B500BF002000901E48006853
:105E100040F400101C4908600846006800F40010B7
:105E2000009000BF00BF00BF00200090084600683F
:105E300040F4800008600846006800F4800000908C
:105E400000BF00BF002205210C20FCF741FF0C2001
:105E5000FCF72AFF002205213920FCF739FF392001
:105E6000FCF722FF002205213A20FCF731FF3A20FF
:105E7000FCF71AFF002205214620FCF729FF4620E7
:105E8000FCF712FF08BD00003038024000B5C7B073
:105E900000222421202005F07BF9484908600022D7
:105EA0002421202005F074F94549086000222421AE
:105EB000102005F06DF943490860002219211020D7
:105EC00005F066F9404908601C22404940A8FAF7ED
:105ED00007FB002140A804F027F93D4908601C2277
:105EE0003A491C3139A8FAF7FBFA002139A804F025
:105EF0001BF9384908601C223449383132A8FAF7B6
:105F0000EFFA002132A804F00FF9334908601C228F
:105F10002E4954312BA8FAF7E3FA00212BA804F0FC
:105F200003F92E4908601C222849703124A8FAF789
:105F3000D7FA002124A804F0F7F8294908601C22A8
:105F400022498C311DA8FAF7CBFA00211DA804F0D4
:105F5000EBF8244908601C221C49A83116A8FAF75E
:105F6000BFFA002116A804F0DFF81F4908601C22C0
:105F70001649C4310FA8FAF7B3FA00210FA804F0AC
:105F8000D3F81A4908601C221049E03108A8FAF732
:105F9000A7FA002108A804F0C7F8154908601C22D8
:105FA0000A49FC3101A8FAF79BFA002101A804F084
:105FB000BBF81049086047B000BD00000000002099
:105FC00004000020080000200C00002018C3000876
:105FD00030000020340000201000002014000020B9
:105FE000180000201C0000202400002020000020B9
:105FF000280000202C00002000B587B0142102A842
:10600000FAF7A0FA00BF002001903548006840F080
:106010000200334908600846006800F00200019061
:1060200000BF00BF00BF002001900846006840F09C
:10603000400008600846006800F04000019000BF82
:1060400000BF00BF002001900846006840F001003A
:1060500008600846006800F00100019000BF00BF22
:1060600000BF002001900846006840F0080008606A
:106070000846006800F00800019000BF00BF00BFA4
:10608000002001900846006840F0040008600846BF
:10609000006800F00400019000BF00BF00BF0020B6
:1060A00001900846006840F08000086008460068DB
:1060B00000F08000019000BF00BF002209150948D0
:1060C000FCF742FD4FF48060029001200390002015
:1060D0000490059002A90348FCF73CFC07B000BD02
:1060E00030380240001C024000B587B0142102A8DD
:1060F000FAF728FA002001901B481C49086000208C
:1061000048607F2119488160FF21C1600021016141
:1061100041618161FEF780F908B1FBF725FA0020A3
:106120008DF808008DF809008DF80A00059006909A
:10613000012202A90D48FEF747FA08B1FBF714FA4D
:1061400001208DF804008DF805008DF80600002070
:106150008DF80700012201A90448FEF7D5F908B11E
:10616000FBF702FA07B000BD0028004048050020F8
:1061700010B50B480B4908604FF4E130486000212E
:1061800008488160C16001610C2141610021816189
:10619000C161FEF7C7FD08B1FBF7E6F910BD0000CD
:1061A000001001406805002010B50C480C4908603B
:1061B0000C4848604FF48051094881604900C16033
:1061C000002101610C21416100218161C161FEF763
:1061D000A9FD08B1FBF7C8F910BD00000048004058
:1061E000B0050020A086010010B50B480B490860DF
:1061F0004FF461204860002108488160C16001615E
:106200000C21416100218161C161FEF78BFD08B164
:10621000FBF7AAF910BD000000140140F8050020AA
:1062200010B500220D490E4801F0FDFF08B1FBF743
:106230009BF90C490A4802F038FB08B1FBF794F9C6
:106240000949074801F0F6FB08B1FBF78DF904484E
:1062500002F02EFC08B1FBF787F910BD3C000020CE
:1062600008080020240200208C00002000BFFEE768
:10627000F8EE080AB4EEE00AF1EE10FA17DBF8EED9
:10628000000AB4EEE00AF1EE10FA10D200220A7011
:1062900001224A70F8EE000A70EEC00AC0ED000A52
:1062A000F0EE080A70EE200AC0ED010A99E0F8EE5F
:1062B000000AB4EEE00AF1EE10FA19DBFFEE000A74
:1062C000B4EEE00AF1EE10FA12D201220A700222B4
:1062D0004A70F7EE000ABFEE001A51EE000AC0ED58
:1062E000000AF0EE000A70EE200AC0ED010A78E024
:1062F000FFEE000AB4EEE00AF1EE10FA15DBB5EE9F
:10630000C00AF1EE10FA10D202220A7003224A707B
:10631000FFEE000A60EE200AC0ED000AF7EE000A68
:1063200070EE200AC0ED010A5BE0B5EEC00AF1EEA6
:1063300010FA15DBF7EE000AB4EEE00AF1EE10FAFF
:106340000ED203220A7004224A70F7EE000ABFEE52
:10635000001A41EE000AC0ED000A80ED010A40E09B
:10636000F7EE000AB4EEE00AF1EE10FA19DBF0EEF7
:10637000000AB4EEE00AF1EE10FA12D204220A701A
:1063800005224A70F0EE000ABFEE001A41EE000A44
:10639000C0ED000AF7EE000A70EE600AC0ED010AD7
:1063A0001FE0F0EE000AB4EEE00AF1EE10FA18DB9E
:1063B000F0EE080AB4EEE00AF1EE10FA11D8052268
:1063C0000A7006224A70F0EE080ABFEE001A41EE8B
:1063D000000AC0ED000AF0EE000A70EE600AC0ED9F
:1063E000010A704700BFFEE710B511484089114906
:1063F000C8800846B0F9020001EE100AB8EEC11AD2
:10640000F0EE410A0846B0F9060001EE100AB8EEB7
:10641000C11AB0EE410A0849084800F0ACF9BDEED7
:10642000C00A10EE100A00B20249C88210BD000076
:10643000F4010020B8630020586100209866002015
:1064400010B50248FCF763FE10BD0000E41C0020FC
:106450009FED0E1A80ED001AB7EE001A80ED031AB8
:1064600080ED090AC0ED0A0AB7EE001A80ED071A9E
:106470009FED061A80ED081AB7EE001A80ED0B1A90
:1064800090ED001A80ED011A704700000000000036
:10649000F0EE400A90ED070A90ED001A20EE010A96
:1064A00080ED010A90ED090A90ED071AD0ED031A6C
:1064B00001EE210A80ED040A90ED040A90ED0A1A1B
:1064C00030EE010A90ED041AC1EE001AC0ED061A72
:1064D00090ED010A90ED061AD0ED011A70EEE11A66
:1064E00001EE210A80ED020A90ED060AB7EE001ACD
:1064F00031EE400A90ED041A20EE010A80ED050A03
:1065000090ED050A80ED030A90ED020A80ED000A85
:1065100090ED020A704700002DE9F04704460D4651
:1065200026683746D6F8408007F5306000EB451006
:10653000D0F80890104880450BD909F40040B0F518
:10654000004F06D14FF4004107F5306000EB4510D5
:1065500081602046FDF796FA0748804508D9A07962
:10656000012805D104F29C420121206802F058FF65
:106570000020BDE8F08700000A30544F2DE9F047B5
:1065800005460C46D5F800904E46D9F840A006F5D1
:10659000306000EB4410D0F80880A879012855D16C
:1065A00008F0080008280FD1434882450BD908F4A9
:1065B0000040B0F5004F7BD14FF4004106F530604C
:1065C00000EB4410816073E008F02000202806D121
:1065D000202106F5306000EB4410816068E008F08F
:1065E0002800002864D1344882450CD908F40040C2
:1065F000B0F5004F07D14FF4004106F5306000EBD5
:106600004410816054E004EBC40105F5157000EB03
:10661000810706F5306000EB4410396A0069C0F369
:106620001200081A786164B9386930B905F29C42E1
:106630000121286802F0F4FE03E07969F868084453
:10664000F860E1B22846FCF7D9FB31E01B488245EF
:106650001BD108F40040B0F5004F07D14FF40041C2
:1066600006F5306000EB4410816021E008F0200066
:10667000202805D1202106F5306000EB4410816010
:10668000E1B22846FCF7BAFB12E06CB904EBC40196
:1066900005F5157000EB8100006928B905F29C42F0
:1066A0000021286802F0BCFEE1B22846FCF7A6FBF8
:1066B0000020BDE8F08700000A30544F0A31544FE3
:1066C0002DE9F84F07460E46D7F80090C84606EB6E
:1066D000C60107F1140000EB8104D4E904108842DC
:1066E00002D90120BDE8F88FD4E90401451AA06859
:1066F000A84200D2A568E81C4FEA900A17E0D4E946
:106700000401451AA068A84200D2A568E81C4FEA17
:10671000900AB879ABB2F2B200904846E16803F053
:1067200047FBE0682844E06060692844606108F540
:10673000106000EB4610806980B2504506D3D4E962
:106740000410884202D220690028D8D1D4E904017B
:1067500088420ED806F00F01012000FA01FB40F636
:10676000340050F8080020EA0B0040F6340141F8EC
:1067700008000020B6E770B52DED068B04460D46E7
:10678000B0EE408AF0EE608A84ED008AC4ED018AA2
:1067900094ED000AD4ED010A30EE600A84ED020A9D
:1067A00094ED000AD4ED050A30EE600A84ED060A85
:1067B00094ED070AD4ED020A30EE200A84ED070AB0
:1067C00094ED031AF0EE410A94ED021AB0EE410A7C
:1067D0002846FAF749FF94ED080AD5ED000A95ED31
:1067E000051A00EE810AB0EE409A94ED090AD5ED43
:1067F000010A95ED061A00EE810AF0EE409A94ED3A
:106800000A0AD5ED020A95ED071A00EE810AB0EEEC
:1068100040AA94ED0B0AF0EE40AA94ED020A20EE95
:10682000090A84ED0C0AD4ED120AF8EE600AB0EE03
:10683000600A04F11C0003F0DFFB94ED070A20EE70
:10684000290A84ED0D0A94ED020AD4ED030A30EE14
:10685000600A20EE0A0A84ED0E0A94ED060A20EE84
:106860002A0A84ED0F0A94ED0C0AD4ED0D0A30EEDD
:10687000200AD4ED0E0A30EE200AD4ED0F0A30EED5
:10688000200A84ED100AD4ED110AF8EE600AB0EE89
:10689000600A04F1400003F0AFFB94ED020A84EDBE
:1068A000030A94ED000A84ED050A94ED100ABDEC8C
:1068B000068B70BD80ED080AC0ED090A80ED0A1A4A
:1068C000C0ED0B1A80ED112AC0ED122A80ED133AAB
:1068D000DFED123AC0ED0C3ADFED103AC0ED0E3AA2
:1068E000DFED0E3AC0ED0D3ADFED0C3AC0ED023AA5
:1068F000DFED0A3AC0ED033ADFED083AC0ED043AA5
:10690000DFED063AC0ED103ADFED043AC0ED013A92
:10691000DFED023AC0ED003A7047000000000000D1
:1069200008B5016800919DED000A08BD08B5018811
:106930000091BDF9001000EE101AB8EEC00A08BDB3
:106940000146002203E0521CA1F10A00C1B20A294B
:10695000F9D2100741EA1060704770B5044600266E
:1069600000252068C06800F04000C8B92068C068F1
:1069700040F080002168C860FCF7ECF8064608E0AB
:10698000FCF7E8F8801BB0F57A7F02D90420607725
:1069900001252068C06800F0400008B9012DEFD142
:1069A000284670BD70B5044600252068C06820F0F8
:1069B00080002168C8602068806800F0200030B93D
:1069C0002046FDF777FE10B10420607701252846A8
:1069D00070BD00001F48007E01282ED11E480068AF
:1069E00098B91E480068C01C1C4908601948808876
:1069F000C01C00B21749888018480068B0F5967F1F
:106A000026DB01201449086022E0134800680128B1
:106A10001ED112480068C01E104908600D488088C9
:106A2000C01E00B20B4988800C48006810F5967FA4
:106A30000EDC0020084908600AE006488088074903
:106A40000988401A00B20349888000200349086081
:106A50007047000038630020E0010020E4010020BE
:106A600088B004F0FBFE079000BF00BFFFF7B2FF45
:106A7000FAF778FA00F06FF805A82C4A0090B2F9FE
:106A80003610B2F9160000231A46FFF767F903A87B
:106A900027490090B1F9160000231A461946FFF75E
:106AA000C9F82448D0ED0D2AB0EE622A90F94100D1
:106AB00002EE900AF8EEE22AF0EE621A1D4890F912
:106AC000400002EE900AF8EEE22AB0EE621A19488F
:106AD000D0ED0C2AF0EE620AD0ED0B2AB0EE620A7D
:106AE00001A8FEF7B3FC05A84FF400730022124979
:106AF000009012480068FAF711F803A84FF40073E9
:106B000000220F4900900D480068FAF707F801A825
:106B1000012300220849009008480068F9F7FEFFA9
:106B2000022107A804F0C8F8A0E70000D8630020FD
:106B3000B863002070630020F804002008000020E3
:106B40002005002030B501460A461378521C1478FF
:106B500043EA042030BD10B5FAF70AFD00F004F84E
:106B6000FAF7E2FC10BD00001148007B68B911483B
:106B70000079012802D11049487318E00D480079C6
:106B8000A8B900200C49487311E00948007B01288E
:106B90000DD108480079012806D10848007818B1BD
:106BA00001200549487302E00020034948737047FB
:106BB000386300200C020020F40100202001002096
:106BC000014691ED000AD1ED010A30EE200A81ED77
:106BD000000AD1ED000AB1F9080000EE100AB8EE83
:106BE000C00AF4EEC00AF1EE10FA07D2B1F90800BB
:106BF00000EE100AB8EEC00A81ED000AD1ED000ADD
:106C0000B1F90A0000EE100AB8EEC00AF4EEC00AAC
:106C1000F1EE10FA07DDB1F90A0000EE100AB8EE45
:106C2000C00A81ED000A91ED000ABDEEC00A10EE27
:106C3000100A00B27047FFF7F3FA00BF012003F01B
:106C400062FAFBE710B50020124908701249C880AB
:106C50000846B0F9020000EE100AB8EEC00AF0EEE5
:106C6000400A9FED0E0A0E490E48FFF784FDBDEE67
:106C7000C00A10EE100A00B20749C8820A48807B99
:106C800010B94FF4FA6001E04FF47A600649488188
:106C900010BD0000EC010020B863002000000000DF
:106CA0005861002098660020F401002010B500BF54
:106CB000502080F31188BFF34F8FBFF36F8F00BF59
:106CC00004F0D2FD18B14FF080500449086000BFB5
:106CD000002080F3118800BF10BD000004ED00E02B
:106CE00000B593B0302107A8F9F72CFC142102A8B5
:106CF000F9F728FC00BF002001902548006840F00B
:106D00008050234908600846006800F080500190D8
:106D100000BF00BF00BF002001901E48006840F483
:106D200080401C4908600846006800F480400190DB
:106D300000BF00BF092007904FF480300890012069
:106D40000C9002200D9041050E9106210F91A82173
:106D50001091022111910721129107A8FDF70EF958
:106D600008B1FAF701FC0F200290022003900020E6
:106D700004904FF4A05005904FF4805006900521E8
:106D800002A8FCF799FF08B1FAF7EEFB13B000BDBB
:106D900040380240007000400348006840F4700032
:106DA000014908607047000088ED00E010B5024816
:106DB000FDF727FD10BD0000C007002010B50268D8
:106DC0002B4B98420ED0B0F1804F0BD0294B9842FC
:106DD00008D0294B984205D0284B984202D0284B26
:106DE000984203D122F070024B681A43204B98421C
:106DF00020D0B0F1804F1DD01E4B98421AD01E4BB0
:106E0000984217D01D4B984214D01D4B984211D078
:106E10001C4B98420ED01C4B98420BD01B4B9842F7
:106E200008D01B4B984205D01A4B984202D01A4BFF
:106E3000984203D122F44072CB681A4322F08003B7
:106E40004C6943EA04028B68C3620B688362084B97
:106E5000984202D00A4B984201D10B690363036840
:106E600043F00403036001234361026010BD00008E
:106E7000000001400004004000080040000C0040F9
:106E8000000401400040014000440140004801402E
:106E900000180040001C00400020004070B504466F
:106EA000A56B0020E8852846FDF7B6FD70BD70B5DE
:106EB00006460025B46B20684069C0F3C01594F8FD
:106EC0004100212805D125B10020E084204600F0B2
:106ED000C8F820684069C0F3801594F84200222861
:106EE00005D125B10020E085204600F074F8606CE3
:106EF00040F0100060642046FDF78EFD70BD70B557
:106F00000546AC6B2868006800F48070002842D108
:106F1000E08500BF00BF21680C3151E8001F21F45B
:106F2000807021680C3141E80002002AF3D100BFD3
:106F300000BF00BF2168143151E8001F21F001009B
:106F40002168143141E80002002AF3D100BF00BFDC
:106F500000BF2168143151E8001F21F04000216872
:106F6000143141E80002002AF3D100BF202084F848
:106F70004200206B01280ED100BF00BF21680C31F8
:106F800051E8001F21F0100021680C3141E8000297
:106F9000002AF3D100BF00206063206B012804D1D8
:106FA000A18D2046FDF72CFD02E02046FEF770F88B
:106FB00070BD70B50546AC6B01206063206B012885
:106FC00005D1A08D41082046FDF71AFD02E02046BC
:106FD000FEF75FF870BD00BF00BF02680C3252E8D8
:106FE000002F22F4907102680C3242E80013002B4B
:106FF000F3D100BF00BF00BF0268143252E8002F77
:1070000022F001010268143242E80013002BF3D190
:1070100000BF016B01290ED100BF00BF02680C3216
:1070200052E8002F22F0100102680C3242E80013EF
:10703000002BF3D100BF202180F842100021016312
:10704000704710B504462068C06820F040002168F1
:10705000C860202084F841002046FEF71BF800207D
:1070600010BD00BF00BF02680C3252E8002F22F0B2
:10707000C00102680C3242E80013002BF3D100BFBC
:10708000202180F841107047F8B5044600250026FD
:1070900094F84200222873D1A068B0F5805F0BD12C
:1070A000206948B9A66A20684068C0F308003080AB
:1070B000A06A801CA06214E0A56AA068B0F5805F99
:1070C00003D0A06828B9206918B9206840682870E2
:1070D00004E02068406800F07F002870A06A401C2F
:1070E000A062E08D401E80B2E085002846D1206875
:1070F000C06820F020002168C8602068C06820F4C3
:1071000080702168C8602068406920F00100216813
:107110004861202084F8420000206063206B012831
:1071200026D10020206300BF00BF21680C3151E848
:10713000001F21F0100021680C3141E80002002AF4
:10714000F3D100BF2068006800F0100010280AD1B9
:1071500000BF002000902068006800902068406810
:10716000009000BF00BFA18D2046FDF749FC02E062
:107170002046FDF78DFF0020F8BD01E00020FBE771
:107180000220F9E72DE9F84F04462068006920F451
:107190004050E1680843216808612169A0680843FC
:1071A00061690843E169084300902068C06849F2BA
:1071B0000C618843009908432168C86020684069D1
:1071C00020F44070A169084321684861764920682D
:1071D000884203D075492068884203D1FCF766FED7
:1071E000814602E0FCF752FE8146E069B0F5004FAF
:1071F0006CD102206168A0FB015003461920A9FB55
:10720000007001462A463846F9F7AEF86421B0FB13
:10721000F1F04FEA001A02206168A0FB01510B4611
:107220001920A9FB00712A463846F9F79DF88346D4
:1072300002206168A0FB015003461920A9FB0071E0
:107240002A463846F9F790F86421B0FBF1F000EBDC
:10725000C00101EB0010ABEB8000322101EBC0005C
:107260006421B0FBF1F000F0F8000AEB400A0220C4
:107270006168A0FB015003461920A9FB007001467C
:107280002A463846F9F770F8834602206168A0FB69
:10729000015003461920A9FB00712A463846F9F728
:1072A00063F86421B0FBF1F000EBC00101EB0010CA
:1072B000ABEB8000322101EBC0006421B0FBF1F0A8
:1072C00000F007005044216888606AE0042061688B
:1072D000A0FB015003461920A9FB007001462A4675
:1072E0003846F9F741F8824604206168A0FB015056
:1072F00003461920A9FB007001462A463846F9F7D3
:1073000033F86421B0FBF1F000EBC00101EB001099
:10731000AAEB8000322101EB00106421B0FBF1F0F8
:1073200000F0F00A04206168A0FB017003461920F8
:10733000A9FB00513A462846F9F716F86421B0FB3C
:10734000F1F00AEB001A04206168A0FB01510B4622
:107350001920A9FB00712A463846F9F705F883463B
:1073600004206168A0FB015003461920A9FB0070AE
:1073700001462A463846F8F7F7FF6421B0FBF1F0E2
:1073800000EBC00101EB0010ABEB8000322101EB00
:1073900000106421B0FBF1F000F00F0050442168B0
:1073A0008860BDE8F88F0000001001400014014023
:1073B00077B581B0044615460298A062A5850020E5
:1073C0006064222084F842002C48E16BC8632C489A
:1073D000E16B08642B48E16BC8640020E16B086531
:1073E00002AE32682368191D2B46E06BFBF754FA96
:1073F00038B110206064202084F84200012004B0DD
:1074000070BD00BF002000902068006800902068D8
:107410004068009000BF00BF206970B100BF00BF8E
:1074200021680C3151E8001F41F4807021680C3153
:1074300041E80002002AF3D100BF00BF00BF21686D
:10744000143151E8001F41F001002168143141E876
:107450000002002AF3D100BF00BF00BF2168143131
:1074600051E8001F41F040002168143141E800025A
:10747000002AF3D100BF0020C1E70000FF6E000822
:10748000B36F0008AF6E0008014691F84100212853
:1074900028D18868B0F5805F0BD1086948B90A6ABD
:1074A0001088C0F308000B685860086A801C0862E6
:1074B00005E00B6A581C086218780B685860C88C85
:1074C000401E80B2C88458B90868C06820F08000A7
:1074D0000B68D8600868C06840F040000B68D8604E
:1074E000002070470220FCE710B50248FDF796FA2D
:1074F00010BD0000B005002010B50248FDF78EFA5F
:1075000010BD0000F805002088B000BF4FF0FF322A
:1075100001A90448006804F007F801A802F06AFC19
:10752000F4E700000C00002000BFCD2002F0B8FC02
:10753000022003F093FBF8E72DE9F04104460D46E5
:10754000D4F8C87204F53070D4F8D41250F8210081
:1075500010B90320BDE8F08104F53070D4F8D412DE
:1075600050F8216005F00F0000EB800104F11400D9
:1075700050F8210028B305F00F0000EB800104F162
:10758000140050F8211005F00F0000EBC00207F1C5
:10759000140000EB82008068B1FBF0F200FB1210D7
:1075A00078B9002105F00F0000EB800204F114000F
:1075B00040F8221000231A462946204601F042F9DD
:1075C00017E00020C6F8140204F53170D4F8D41284
:1075D00050F82100006960B1D6F8080204F5317155
:1075E000D4F8D42251F822102A460B6906F504710A
:1075F00098470020AEE770B504460E4604F530709B
:10760000D4F8D41250F82150D4F8D41250F82100F4
:1076100008B9032070BD3146204600F06AFFC5F866
:107620000C02D5F8040204F53171D4F8D43251F8C3
:107630002310CA6805F5037190470020EAE70000AF
:1076400070B504460D4630480178204600F01BFE18
:1076500000212D48007800F00F0000EB800204F1BB
:10766000140000EB8200C17328480178204600F026
:107670000AFE00212548007800F00F0000EB800290
:1076800004F5AA7000EB8200C173214801782046FE
:1076900000F0F9FD00211E48007800F00F0000EB1B
:1076A000800204F1140000EB8200C17318480078D6
:1076B00000F00F0000EB800204F1140000EB8200E8
:1076C000816004F53070D4F8D41250F82100C8B1AC
:1076D00004F53171D4F8D42251F82210486880475B
:1076E00004F53071D4F8D42251F8220001F0D6FB11
:1076F000002104F53070D4F8D42240F82210002084
:10770000C4F8BC02002070BD9F020020A00200202F
:10771000A102002070B5044604F53070D4F8D412EC
:1077200050F821500DB9032070BD04F53170D4F824
:10773000D41250F8210098B195F80002FF280FD01C
:1077400095F8012295F8000204F53171D4F8D4625D
:1077500051F826108B6829469847FF2085F80002CB
:107760000020E1E701460A20088001487047000038
:10777000180200202DE9F041044682210D4800F056
:107780009EFC054601210B4800F099FC064681212C
:10779000084800F094FC07460DB11020A8710EB106
:1077A0004020B0800FB14020B880432020800148A5
:1077B000BDE8F0815C0200202DE9F0410446822101
:1077C0000E4800F07CFC054601210C4800F077FCD7
:1077D00006468121094800F072FC07460DB11020D1
:1077E000A87116B14FF40070B08017B14FF400705B
:1077F000B880432020800148BDE8F0815C02002071
:107800002DE9F041044682210D4800F058FC054660
:1078100001210B4800F053FC06468121084800F086
:107820004EFC07460DB11020A8710EB14020B0806B
:107830000FB14020B880432020800148BDE8F0818E
:107840005C02002070B504460E464FF4077001F04C
:1078500027FB054645B9002104F53070D4F8D42241
:1078600040F82210022070BD4FF407712846F8F747
:1078700069FE04F53070D4F8D41240F82150D4F8E1
:10788000D41250F82100C4F8BC02207C98BB4FF4FD
:107890000073022250480178204600F0CBFE0121FF
:1078A0004D48007800F00F0000EB800204F1140056
:1078B00000EB8200C1734B02022248480178204647
:1078C00000F0B8FE01214548007800F00F0000EB01
:1078D000800204F5AA7000EB8200C17310214048B9
:1078E000007800F00F0000EB800204F1140000EBC0
:1078F0008200816032E0FFE74023022236480178AF
:10790000204600F097FE01213348007800F00F0078
:1079100000EB800204F1140000EB8200C1734023ED
:1079200002222E480178204600F084FE01212B48D7
:10793000007800F00F0000EB800204F5AA7000EB65
:107940008200C17310212648007800F00F0000EB80
:10795000800204F1140000EB8200816008230322FE
:107960001F480178204600F065FE01211C48007880
:1079700000F00F0000EB800204F1140000EB820025
:10798000C1730020C5F8040204F53171D4F8D42283
:1079900051F82210086880470020C5F81402C5F885
:1079A0001802D5F8040208B902205CE7207C48B927
:1079B0004FF40073094801782046D5F8042200F0FE
:1079C00051FE07E04023054801782046D5F80422FF
:1079D00000F048FE002046E79F020020A0020020A1
:1079E000A102002070B5044604F53070D4F8D4121A
:1079F00050F82150D4F8D41250F8210008B90320CF
:107A000070BD207C48B94FF40073094801782046C6
:107A1000D5F8042200F026FE07E040230448017850
:107A20002046D5F8042200F01DFE0020E8E7000003
:107A3000A0020020024609B90320704702F5317008
:107A4000D2F8D43240F823100020F6E710B50246F1
:107A500002F53070D2F8D44250F824300BB903202C
:107A600010BDC3F804120020FAE730B503460C46F7
:107A700003F53070D3F8D45250F8251009B903201B
:107A800030BDC1F80842C1F810220020F8E72DE906
:107A9000FC4105460C4605F53070D5F8D41250F877
:107AA0002160002001900090804616B90320BDE8B7
:107AB000FC81207800F0600000283DD020287CD197
:107AC000E08868B3207800F08000B8B1E288607880
:107AD00005F53171D5F8D4C251F82C108B683146B8
:107AE0009847E088072801D9072000E0E08807468A
:107AF0003A463146284600F012F91CE0607886F8D4
:107B00000002E088402801D2E08800E0402086F8AA
:107B1000010296F801223146284600F0DCF80AE01E
:107B2000607805F53171D5F8D42251F82210002281
:107B30008B682146984747E0607830B1012832D001
:107B40000A2813D00B282FD121E095F89C02032896
:107B500005D102226946284600F0E1F805E02146F9
:107B6000284600F0ACF84FF0030824E095F89C029A
:107B7000032805D1012201A9284600F0D0F805E02C
:107B80002146284600F09BF84FF0030813E095F8D3
:107B90009C02032805D02146284600F090F84FF0BB
:107BA000030808E009E006E02146284600F087F8CF
:107BB0004FF0030800BF00BF06E02146284600F052
:107BC0007EF84FF0030800BF00BF40466FE700009B
:107BD00070B5054605F53070D5F8D41250F821403F
:107BE00001260CB9032070BDD4F81402C0B90120DD
:107BF000C4F814020B48007800F00F0000EB80027C
:107C000005F11400D4F8101240F82210054801784C
:107C10002846D4F81032D4F8082200F013FE0026CB
:107C20003046E0E79F02002070B504460D4600266E
:107C3000D4F8B802294642682046904700B103268E
:107C4000304670BD70B504460D4694F89C0201287C
:107C500004D0022803D003280CD101E000BF00BFEC
:107C60006888012805D10020C4F8A402204600F04D
:107C700068F804E02946204600F021F800BF00BF64
:107C800070BD02460020704702460020704770B564
:107C900006460C4615462B4622460021304600F08B
:107CA000E1FC002070BD70B506460C4615462B461B
:107CB00022460021304600F0C5FD002070BD70B5A1
:107CC00004460D468021204600F08CFD0021204610
:107CD00000F088FD70BD70B504460E4615460320C1
:107CE000C4F89402C4F854514FF4B27006514FF4E2
:107CF000AC7005512B4632460021204600F0B2FC04
:107D0000002070BD10B504460520C4F8940200237D
:107D10001A461946204600F0A5FC002010BD70B59B
:107D200004460E4615460220C4F894026561666258
:107D3000A5612B4632460021204600F083FD00203D
:107D400070BD10B504460420C4F8940200231A46FE
:107D50001946204600F076FD002010BD70B505469E
:107D60000C462DB92246064906A000F012FA04E09E
:107D70002246034903A000F00CFA014870BD000040
:107D8000E40A002043444320436F6E6669670000A5
:107D90000246122008800148704700005800002069
:107DA00070B505460C462DB92246064906A000F0DE
:107DB000F0F904E02246034903A000F0EAF9014883
:107DC00070BD0000E40A002043444320496E7465FE
:107DD0007266616365000000024604200880014865
:107DE000704700006C00002070B505460C46224626
:107DF000024903A000F0CDF9004870BDE40A00205C
:107E000053544D6963726F656C656374726F6E690C
:107E10006373000070B505460C462DB9224606492D
:107E200006A000F0B6F904E02246034903A000F0E2
:107E3000B0F9014870BD0000E40A002053544D33EE
:107E400032205669727475616C20436F6D506F7289
:107E50007400000070B505460C461A202080F9F722
:107E600087FD014870BD00007000002070B5044619
:107E70000D46E888012804D029462046FFF71FFF59
:107E80001EE094F89C02012804D0022803D00328A5
:107E900010D109E000BF0020A060012204F1080118
:107EA0002046FFF73CFF0AE00122211D2046FFF794
:107EB00036FF04E029462046FFF701FF00BF00BF60
:107EC00070BDF8B504460E4600200090002700253E
:107ED00070880012082875D2DFE800F0C7040C2073
:107EE000C7C7A5B5207CD4F8B4120A686946904784
:107EF0000746C1E0207C40B9D4F8B802816A6846E0
:107F0000884707460220787007E0D4F8B802C16AB3
:107F100068468847074602207870ADE0B0780628AA
:107F200078D2DFE800F00316293C5063D4F8B4029D
:107F3000406838B1207CD4F8B4124A68694690474A
:107F4000074605E031462046FFF7B9FE681CC5B27A
:107F500067E0D4F8B402806838B1207CD4F8B41259
:107F60008A6869469047074605E031462046FFF794
:107F7000A6FE681CC5B254E0D4F8B402C06838B19B
:107F8000207CD4F8B412CA6869469047074605E0D9
:107F900031462046FFF793FE681CC5B241E0D4F895
:107FA000B402006938B1207CD4F8B4120A69694679
:107FB0009047074605E031462046FFF780FE681CE3
:107FC000C5B22EE051E0D4F8B402406938B1207C4B
:107FD000D4F8B4124A6969469047074605E031462D
:107FE0002046FFF76CFE681CC5B21AE0D4F8B40254
:107FF000806940B1207CD4F8B4128A696946904700
:10800000074606E006E031462046FFF758FE681CAA
:10801000C5B206E031462046FFF751FE681CC5B2E6
:1080200000BF00BF28E0207C30B9D4F8B802416B13
:1080300068468847074605E031462046FFF73FFE81
:10804000681CC5B218E0207C40B9D4F8B802016BB6
:108050006846884707460720787005E03146204685
:10806000FFF72DFE681CC5B206E031462046FFF73B
:1080700026FE681CC5B200BF00BF05B1F8BDF08880
:10808000C0B1BDF8000080B1F088BDF80010884292
:1080900002DDBDF8000000E0F0880090BDF800208F
:1080A00039462046FFF73BFE07E031462046FFF702
:1080B00006FE02E02046FFF744FE00BFDEE72DE9A2
:1080C000F84105460F462C462E464FF000087088B2
:1080D0003178884218DD307800900FE069462046FC
:1080E00000F020F804466078052807D1A04698F8EB
:1080F0000200B84200D106E04FF000087088BDF8D9
:1081000000108842EADC00BF4046BDE8F881014625
:1081100000200A4602E0431CD8B2521C1378002B00
:10812000F9D1704710B5024610460B8804782344F5
:108130000B800378981810BD70B504460D4694F86E
:108140009C02012804D0022803D003281AD101E0A0
:1081500000BF00BFE888022804D029462046FFF768
:10816000AEFD14E00120E060D4F8A40218B1E0688C
:1081700040F00200E060022204F10C012046FFF70B
:10818000CEFD04E029462046FFF799FD00BF00BF61
:1081900070BD2DE9F04107460D46904600240FB909
:1081A000BDE8F0813E463046FFF7B1FF022101EB0A
:1081B0004000B0F5007F01D9080204E03046FFF727
:1081C000A6FF4000801CA8F8000098F80000285581
:1081D000601CC4B203202855601CC4B208E030788B
:1081E0002855761C601CC4B200202855601CC4B2FF
:1081F00030780028F3D100BFD2E70146002031B12A
:10820000012906D0022906D0032908D105E0002063
:1082100007E0032005E0012003E0032001E0032044
:1082200000BF00BF70472DE9F04104460D461646D9
:1082300014B90320BDE8F0810020C4F8B802C4F8E6
:10824000C402C4F8D0020DB1C4F8B452012084F8BD
:108250009C022670204600F055F907463846E9E7AB
:108260002DE9F04104460D46002600272946D4F8A2
:10827000C802FAF730FE06463046FFF7BEFF074653
:108280003846BDE8F0812DE9F04104460D46002650
:1082900000272946D4F8C802FAF7E8FD064630461A
:1082A000FFF7ABFF07463846BDE8F0812DE9F04700
:1082B00005460F469146002F5AD105F11404D5F812
:1082C000940202284AD1A1896068884213D9A18901
:1082D0006068401A6060A1892069084420612846CE
:1082E00062682169FFF7DFFC00231A461946284619
:1082F00000F0B8F932E0A0896168884217D1A189FD
:108300002068884213D32068D5F8981288420ED28C
:10831000002211462846FFF7C6FC0020C5F8980247
:1083200000231A461946284600F09CF916E095F8F5
:108330009C0203280BD1D5F8B802C06838B10020E0
:10834000C5F8D402D5F8B802C1682846884780210C
:10835000284600F047FA2846FFF7D4FC95F8A0021B
:1083600050B3284600F0C5FA002085F8A00223E0AB
:1083700047F080012846FFF784FC0646FF2E1BD0FD
:10838000D6B995F89C02032816D105F52E7050F841
:108390002600406980B1C5F8D46205F52E7050F80A
:1083A000260039464269284690478046B8F1000FBA
:1083B00002D04046BDE8F0870020FBE72DE9F047FA
:1083C00005460F4691464FF00008002F55D105F5A0
:1083D000AA76D5F89402032873D1B18970688842CF
:1083E00014D9B1897068401A7060B1893069084445
:1083F0003061B3897068984201D9706800E0B08933
:10840000024628463169FFF742FC5AE095F8AA0275
:1084100000F01F0020B1012804D0022812D109E089
:10842000002411E040F2AE20415D2846FFF72CFC0D
:10843000044609E040F2AE20415D2846FFF721FCEA
:10844000044601E0002400BF00BF94B995F89C02E7
:1084500003280ED105F52E7050F82400006940B1B4
:10846000C5F8D44205F52E7050F82400016928465D
:1084700088472846FFF765FC23E007F07F01284680
:10848000FFF7FFFB0446FF2C1BD0D4B995F89C02E4
:10849000032810D105F52E7050F82400806950B1E2
:1084A000C5F8D44205F52E7050F82400394682698B
:1084B000284690478046B8F1000F02D04046BDE8FC
:1084C000F0870020FBE701460020704770B50446A6
:1084D0000025012084F89C02D4F8B80238B1217933
:1084E000D4F8B80242682046904700B103252846D8
:1084F00070BD70B504460D462946D4F8C802FAF797
:1085000028FD70BD10B50446207800282AD11648F1
:10851000C0F8E044C4F8C8024FF0A0401249086017
:108520000420087102211048C171002181710221CB
:10853000417200218172C17201738173C173FBF7B3
:108540005DF908B1F9F710F880210748FAF713FC34
:10855000402200210448FAF713FC8022012102483E
:10856000FAF70EFC002010BDE41C002010B50246F6
:10857000D2F8C83201F08000802809D101F07F00D4
:1085800000EBC00403F1140000EB8400807810BD00
:1085900001F07F0000EBC00403F5157000EB8400D0
:1085A0008078F4E770B504460D4604F52E70D4F8D3
:1085B000D41250F8210008B9032070BD94F89C0231
:1085C000032811D104F52E70D4F8D41250F82100EC
:1085D000006A48B104F52E70D4F8D41250F8210086
:1085E0002946026A204690470020E6E770B5044617
:1085F0000D4604F52E70D4F8D41250F8210008B9B5
:10860000032070BD94F89C02032811D104F52E704C
:10861000D4F8D41250F82100406A48B104F52E7005
:10862000D4F8D41250F821002946426A20469047D7
:108630000020E6E72DE9F04704460F4615461E46A2
:108640004FF00008C1462B4632463946D4F8C802DE
:10865000FAF78AFC80464046FFF7CFFD8146484640
:10866000BDE8F0872DE9F04704460D4616461F4643
:108670004FF00008C1463B4632462946D4F8C802AE
:10868000FAF7B9FC80464046FFF7B7FD81464846F9
:10869000BDE8F08770B504460025012084F89C02EF
:1086A0000020C4F894026060C4F8A40284F8A00218
:1086B000D4F8B80258B1D4F8B802406838B121797A
:1086C000D4F8B80242682046904700B10325402301
:1086D000002211462046FFF7ADFF012140F2631052
:1086E00001554021C01E0153402300228021204615
:1086F000FFF7A0FF012123200155402121842846B6
:1087000070BD014691F89C02042803D191F89D02A6
:1087100081F89C020020704710B5044694F89C0232
:1087200003280BD1D4F8B80240B1D4F8B802C0691C
:1087300020B1D4F8B802C16920468847002010BD96
:1087400002461174002070472DE9F04104460D46A1
:10875000002600272946D4F8C802FBF779F9064617
:108760003046FFF74AFD07463846BDE8F08170B550
:1087700004460D46294604F2AA2000F07BF80120A9
:10878000C4F894024FF42C70005BC4F8980294F87B
:10879000AA0200F01F0020B1012809D0022815D13B
:1087A0000DE004F2AA21204600F088F9064616E002
:1087B00004F2AA21204600F01AFB06460FE004F25C
:1087C000AA21204600F0D1F9064608E094F8AA0252
:1087D00000F08001204600F005F8064600BF00BF0B
:1087E000304670BD2DE9F04104460D4600260027B5
:1087F0002946D4F8C802FAF721FC06463046FFF7AE
:10880000FCFC07463846BDE8F08170B504460025FB
:108810000026D4F8C802FBF73EF905462846FFF7C4
:10882000ECFC0646304670BD014691F89C020428D7
:1088300003D091F89C0281F89D02042081F89C02EB
:10884000002070472DE9F04704460D4616461F46A6
:108850004FF00008C1463B4632462946D4F8C802CC
:10886000FAF731FC80464046FFF7C7FC8146484690
:10887000BDE8F08770B505460E463446207828706E
:10888000641C20786870641C2046FEF75BF96880E1
:10889000641C641C2046FEF755F9A880641C641C07
:1088A0002046FEF74FF9E88070BD38B504460D4606
:1088B000002000900DB9032038BDC4F8B85204F56B
:1088C0002E70D4F8D41250F82100C06A50B104F5CB
:1088D0002E70D4F8D42250F82200C16A6846884726
:1088E000C4F8D002D4F8D802401CC4F8D802002042
:1088F000E2E701460020704770B504460D46A8889F
:1089000010BBE88800BB688880281DD2A87800F0DA
:108910007F0694F89C02032804D129462046FFF7DD
:10892000CEF915E084F89E6231462046FFF70CFF31
:108930002046FFF706FA1EB1022084F89C0207E0E9
:10894000012084F89C0203E029462046FFF7B7F98E
:1089500070BD70B504460D460026D4F8B80230B19B
:10896000D4F8B802294602682046904706463046A9
:1089700070BD000070B504460E460025B0783D4934
:10898000087008460078012805D931462046FFF7CF
:1089900096F9032070BD94F89C02022802D00328A7
:1089A00059D11FE033480078C0B132480078606088
:1089B000304801782046FFF7CCFF05463DB13146EF
:1089C0002046FFF77CF9022084F89C0209E020464B
:1089D000FFF7B7F9032084F89C0202E02046FFF776
:1089E000B0F943E02348007870B9022084F89C0273
:1089F0002048007860601F4801782046FFF714F98E
:108A00002046FFF79EF925E01A49097860688842F8
:108A10001DD021792046FFF707F9164800786060DD
:108A2000144801782046FFF794FF05465DB13146B2
:108A30002046FFF744F921792046FFF7F5F8022098
:108A400084F89C0206E02046FFF77BF902E020460E
:108A5000FFF777F90AE031462046FFF730F905487D
:108A600001782046FFF7E0F8032500BF00BF284645
:108A700090E700001602002070B505460C4660889D
:108A8000012805D1C5F8A4022846FFF75AF90EE0DF
:108A90006088022807D1A088001285F8A002284625
:108AA000FFF74FF903E021462846FFF708F970BDAC
:108AB00010B504462046FFF7A8FE10BD70B5044669
:108AC0000D460026287800F0600088B1202802D0EA
:108AD000402842D100E000BF04F52E70D4F8D41233
:108AE00050F821002946826820469047064639E022
:108AF00068780A282AD2DFE800F01A24291F290AF8
:108B00000529150F29462046FFF7DBF923E0294602
:108B10002046FFF7F1FE1EE029462046FFF72AFF18
:108B2000064618E029462046FFF7A0F913E029463B
:108B30002046FFF701FB0EE029462046FFF79CFF89
:108B400009E029462046FFF77DF804E02946204643
:108B5000FFF7B5F800BF00BF04E029462046FFF745
:108B6000AEF800BF00BF304670BD2DE9F0470546A6
:108B70000F464FF000093C79387800F06000F8B1FA
:108B8000202802D040287DD100E000BF21462846A1
:108B9000FFF777F80646FF2E11D086B9C5F8D462E4
:108BA00005F52E7050F82600806840B105F52E704E
:108BB00050F826003946826828469047814612E1DF
:108BC000787800287AD001282FD003286ED195F824
:108BD0009C02022802D0032820D110E054B1802C3E
:108BE00008D021462846FFF7FDFD80212846FFF7E3
:108BF000F9FD03E039462846FFF761F813E078886D
:108C000040B93CB1802C05D0F88818B921462846D7
:108C1000FFF7E8FD2846FFF794F804E039462846B8
:108C2000FFF74DF800BF00BFD6E095F89C02022880
:108C300002D003283BD110E054B1802C08D021464B
:108C40002846FFF7CFFD80212846FFF7CBFD03E044
:108C500039462846FFF733F82EE0788820BB04F029
:108C60007F0018B121462846FFF7FAFA2846FFF799
:108C700068F821462846FFF704F80646FF2E13D071
:108C800096B900E0AAE0C5F8D46205F52E7050F858
:108C90002600806840B105F52E7050F82600394650
:108CA000826828469047814606E007E08FE0394613
:108CB0002846FFF704F800BF00BF8DE095F89C023E
:108CC000022802D003287BD127E034B1802C04D0C5
:108CD00039462846FEF7F3FF77E004F0800080284D
:108CE00008D104F07F0000EB800105F1140000EBD7
:108CF000810007E004F07F0000EB800105F5AA7019
:108D000000EB81008046002088F80E00022208F166
:108D10000E012846FFF703F857E004F08000802892
:108D20000ED104F00F0000EB800105F1140000EB00
:108D30008100C07B98B939462846FEF7C0FF44E061
:108D400004F00F0000EB800105F5AA7000EB810034
:108D5000C07B20B939462846FEF7B1FF35E004F064
:108D60008000802808D104F07F0000EB800105F12D
:108D7000140000EB810007E004F07F0000EB8001AD
:108D800005F5AA7000EB810080460CB1802C03D160
:108D9000002088F80E000CE021462846FFF7E6FB8D
:108DA00020B1012088F80E0003E009E0002088F8D7
:108DB0000E00022208F10E012846FEF7B0FF04E083
:108DC00039462846FEF77BFF00BF00BF04E0394666
:108DD0002846FEF774FF00BF00BF04E0394628466E
:108DE000FEF76DFF00BF00BF4846BDE8F0872DE9E4
:108DF000F04105460E460027307800F0600030B1A3
:108E0000202802D0402840D100E000BF00BF95F8E4
:108E10009C02012804D0022803D003282ED101E0AF
:108E200000BF00BF3079012823D831792846FEF7EA
:108E30002BFF0446FF2C14D09CB905F52E7050F87A
:108E40002400806858B1C5F8D44205F52E7050F85A
:108E500024003146826828469047074602E00327EF
:108E600000E00327F08840B93FB92846FEF769FFC4
:108E700003E031462846FEF722FF04E0314628464B
:108E8000FEF71DFF00BF00BF04E031462846FEF795
:108E900016FF00BF00BF3846BDE8F08170470000F4
:108EA0000146014870470000C821002070B5044603
:108EB0000B4622461978587801282CD140F61C0020
:108EC00080581D7805F00F060125B540ADB2284346
:108ED00040F61C05A85002F5106000EB4110006838
:108EE00000F40040F0BB1889C0F30A001D7940EA85
:108EF000854040EA815040F0805040F4004002F547
:108F0000106505EB41152D68284302F5106505EB4A
:108F1000411528602DE040F61C0080581D7805F0B2
:108F20000F060125B540144E06EA0545284340F6D4
:108F30001C05A85002F5306000EB4110006800F4F9
:108F4000004078B91889C0F30A001D7940EA8540CD
:108F500040F0805040F4004002F5306505EB4115CB
:108F60002D6800E005E0284302F5306505EB41156A
:108F70002860002070BD00000000FFFF01460A4687
:108F80004FF410608058C30ADB024FF41060835026
:108F900040F60400805840F4807340F6040083508B
:108FA000002070470FB470B504469DF819000128E1
:108FB00018D1A06B20F48030A063E0681B49084002
:108FC000E060E06820F44010E0609DF82000012897
:108FD00003D1E06840F48010E060204600F028F8FB
:108FE000054613E0E06840F04000E060204600F0F5
:108FF0001FF805469DF81D0020B9A06B40F4803095
:10900000A06303E0A06B20F48030A0639DF81600FD
:10901000012807D1A06840F00600A060A06840F0D9
:109020002000A060284670BC5DF814FBBFFFBDFFA8
:1090300008B501460020009000BF0098401C009039
:109040000098B0F1706F01D9032008BD086900F0E5
:1090500000400028F1D00A20009002E00098401E55
:10906000009000980028F9D1086940F001000861DB
:1090700000BF0098401C00900098B0F1706F01D9BB
:109080000320E2E7086900F001000028F1D100BFE9
:10909000DBE7000070B504460B4622461978587885
:1090A000012848D102F5106000EB4110006800F083
:1090B0000040B0F1004F17D102F5106000EB4110F5
:1090C000006840F0006502F5106000EB411005609B
:1090D00002F5106000EB4110006840F0804502F599
:1090E000106000EB4110056040F63C0080581D7890
:1090F00005F00F060125B540ADB2A84340F63C058A
:10910000A85040F61C0080581D7805F00F06012578
:10911000B540ADB2A84340F61C05A85002F510605A
:1091200000EB411000682B4D284002F5106505EB5F
:10913000411528604BE002F5306000EB41100068FB
:1091400000F00040B0F1004F17D102F5306000EBA5
:109150004110006840F0006502F5306000EB4110FE
:10916000056002F5306000EB4110006840F080457A
:1091700002F5306000EB4110056040F63C0080587D
:109180001D7805F00F060125B540134E06EA05458A
:10919000A84340F63C05A85040F61C0085581878B6
:1091A00000F00F060120B0400B4E06EA0040854358
:1091B00040F61C00855002F5306000EB411000685D
:1091C000064D284002F5306505EB4115286000206A
:1091D00070BD0000007833EC0000FFFF0078F3EF73
:1091E00001460A46D2F8000E20F00300C2F8000E35
:1091F00040F60400805820F0020340F6040083503B
:109200000020704701460A46D2F8000E20F0030005
:10921000C2F8000E40F60400805840F0020340F609
:1092200004008350002070470FB4F0B505460027B6
:109230002E46002405E0002105F5827040F8241038
:10924000641C0F2CF7D39DF82200A0B940F604004F
:10925000805940F0020140F604008151A86B40F4AF
:109260000010A863A86B20F40020A863A86B20F46A
:109270008020A86307E0A86B20F40010A863A86B07
:1092800040F40020A8630020C6F8000E9DF81D00E1
:1092900001280CD19DF81B0020B90021284600F0C0
:1092A0000AFD08E00121284600F005FD03E0032146
:1092B000284600F000FD1021284600F002FC00B115
:1092C0000127284600F0D5FB00B1012700214FF40B
:1092D00001608151001D815140F61C008151002424
:1092E0002EE006F5106000EB4410006800F000402E
:1092F000B0F1004F10D13CB94FF0006106F510609D
:1093000000EB441001600DE04FF0904106F5106055
:1093100000EB4410016005E0002106F5106000EB51
:1093200044100160002106F5106000EB441001615B
:109330004FF67F3106F5106000EB44108160641C2D
:109340009DF81800A042CCD800242EE006F530602D
:1093500000EB4410006800F00040B0F1004F10D165
:109360003CB94FF0006106F5306000EB441001603D
:109370000DE04FF0904106F5306000EB44100160C5
:1093800005E0002106F5306000EB4410016000218B
:1093900006F5306000EB441001614FF67F3106F5B1
:1093A000306000EB44108160641C9DF81800A042FE
:1093B000CCD84FF40160805920F480714FF40160E3
:1093C00081510020A8616FF0804068619DF81A000B
:1093D00018B9A86940F01000A861A8690A490843B3
:1093E000A8619DF81E0018B1A86940F00800A861A6
:1093F0009DF82200012803D1A86904490843A86107
:109400003846F0BC5DF814FB00383C800400004096
:109410000146886820F00100886000207047000045
:1094200070B503460C4619461D6C1848854209D98B
:109430004FF43060405800F00040B0F1004F01D1CF
:10944000002070BD0026C1F8106BD1F8100B40F45D
:109450000026C1F8106BD1F8100B40F01806C1F8C7
:10946000106BD1F8100B40F0C046C1F8106B012C06
:1094700009D1C1F8142B4FF43060405840F08026D9
:109480004FF4306046500020DBE700000A30544FB4
:1094900030B504460B4622461978587801281ED16B
:1094A00002F5106000EB4110006820F4001502F591
:1094B000106000EB411005601879032802D018797C
:1094C00002282AD102F5106000EB4110006840F03C
:1094D000805502F5106000EB411005601DE002F5BB
:1094E000306000EB4110006820F4001502F5306098
:1094F00000EB411005601879032802D01879022882
:109500000BD102F5306000EB4110006840F080554F
:1095100002F5306000EB41100560002030BD30B531
:1095200004460B46224619785878012821D102F5C5
:10953000106000EB4110006800F0004060B959B1C4
:1095400002F5106000EB4110006820F0804502F544
:10955000106000EB4110056002F5106000EB411057
:10956000006840F4001502F5106000EB4110056042
:1095700020E002F5306000EB4110006800F0004090
:1095800060B959B102F5306000EB4110006820F07D
:10959000804502F5306000EB4110056002F5306057
:1095A00000EB4110006840F4001502F5306000EB5C
:1095B00041100560002030BD2DE9F84381460E467C
:1095C00090464D463478707801287DD1306920BBB3
:1095D00005F5106000EB44100069E649084005F508
:1095E000106101EB4411086105F5106000EB4410B7
:1095F000006940F4002105F5106000EB44100161A2
:1096000005F5106000EB44100069C10CC90405F5B4
:10961000106000EB441001616FE005F5106000EB95
:1096200044100069C10CC90405F5106000EB44103A
:10963000016105F5106000EB44100069CD49084058
:1096400005F5106101EB4411086194B9B168306906
:10965000884201D9B068306105F5106000EB441014
:10966000006940F4002105F5106000EB4410016131
:1096700035E0B16830690844401EB0FBF1F087B2B4
:1096800005F5106000EB44100069BA49C94301EACE
:10969000C741084305F5106101EB441108613079B9
:1096A00001281CD105F5106000EB4410006920F082
:1096B000C04105F5106000EB4410016105F5106034
:1096C00000EB4410006900E099E04FF0C04101EA6E
:1096D0004771084305F5106101EB4411086105F578
:1096E000106000EB441000693169C1F312010843B6
:1096F00005F5106101EB44110861B8F1010F36D195
:10970000F06928B105F5106000EB4410F169416182
:10971000307901281ED140F60800405900F48070CD
:1097200060B905F5106000EB4410006840F000518E
:1097300005F5106000EB441001600BE005F51060CA
:1097400000EB4410006840F0805105F5106000EB1C
:109750004410016005F5106000EB4410006840F013
:10976000044105F5106000EB44100160FEE005F5D2
:10977000106000EB4410006840F0044105F51060F3
:1097800000EB44100160307901280FD030690028C7
:10979000ECD040F634004059317801F00F0201213D
:1097A0009140084340F634014851DFE040F608009C
:1097B000405900F4807060B905F5106000EB44106A
:1097C000006840F0005105F5106000EB44100160A6
:1097D0000BE005F5106000EB4410006840F080518C
:1097E00005F5106000EB44100160CDF80080308A70
:1097F00083B232784846F16800F0DAFAB6E005F54F
:10980000306000EB44100069C10CC90405F53060FC
:1098100000EB4410016105F5306000EB4410006975
:109820005449084005F5306101EB4411086104BB5F
:10983000306908B1B0683061B068306205F53060F9
:1098400000EB44100069316AC1F31201084305F5C9
:10985000306101EB4411086105F5306000EB441004
:10986000006940F4002105F5306000EB441001610F
:1098700043E03069D0B905F5306000EB4410006971
:10988000B168C1F31201084305F5306101EB4411E1
:10989000086105F5306000EB4410006940F40021D8
:1098A00005F5306000EB4410016126E0B1683069D5
:1098B0000844401EB0FBF1F087B2B06878433062D4
:1098C00005F5306000EB441000692A49C94301EAFC
:1098D000C741084305F5306101EB4411086105F506
:1098E000306000EB44100069316AC1F31201084393
:1098F00005F5306101EB44110861B8F1010F07D1A2
:10990000F06828B105F5306000EB4410F168416162
:10991000307901281ED140F60800405900F48070CB
:1099200060B905F5306000EB4410006840F000516C
:1099300005F5306000EB441001600BE005F5306088
:1099400000EB4410006840F0805105F5306000EBFA
:109950004410016005F5306000EB4410006840F0F1
:10996000044105F5306000EB441001600020BDE8C3
:10997000F8830000FFFF07E078B503460024009459
:1099800000201A464C78012C35D10C7802F5106570
:1099900005EB4414246804F00044B4F1004F60D196
:1099A0000C7805EB4414246844F000660C7805EB51
:1099B000441426600C7805EB4414246844F0804677
:1099C0000C7805EB4414266000BF009C641C0094D6
:1099D00042F21075009CAC4201D901200AE00C78DB
:1099E00002F5106505EB4414246804F00044B4F15A
:1099F000004FEAD035E00C7802F5306505EB4414F1
:109A0000246804F00044B4F1004F2AD10C7805EB2F
:109A10004414246844F000660C7805EB4414266076
:109A20000C7805EB4414246844F080460C7805EB70
:109A30004414266000BF009C641C009442F2107520
:109A4000009CAC4201D901200AE00C7802F5306597
:109A500005EB4414246804F00044B4F1004FEAD04C
:109A600000BF78BD0146886840F001008860002092
:109A7000704708B501460020009000BF0098401CC8
:109A800000900098B0F1706F01D9032008BD0869FB
:109A900000F000400028F1D0002000901020086164
:109AA00000BF0098401C00900098B0F1706F01D981
:109AB0000320EBE7086900F010001028F1D0002027
:109AC000E4E708B502460020009000BF0098401C63
:109AD00000900098B0F1706F01D9032008BD1069A3
:109AE00000F000400028F1D000200090202040EA43
:109AF0008110106100BF0098401C00900098B0F1E8
:109B0000706F01D90320E9E7106900F020002028D8
:109B1000F1D00020E2E710B501460B4640F60804FC
:109B2000E45804F006020AB9002006E0022A01D037
:109B3000062A01D1022000E00F2010BD014648692D
:109B400000F00100704701460B4640F61800C2586D
:109B5000001DC058024090B2704701460B4640F6C7
:109B60001800C258001DC0580240100C704770B554
:109B7000024613464FF40166F45840F63406F55891
:109B800001F00F0625FA06F606F0010644EAC614AF
:109B900003F5106606EB4116B66806EA040070BDD0
:109BA00010B50246134603F5306404EB4114A06877
:109BB00040F61404E458204010BD014648698A6903
:109BC000104070472DE9F04104460D4627462846CF
:109BD0004FEA920C02F0030300210AE04FF4805890
:109BE00058F80780C0F80080401C401C401C401CF6
:109BF000491C6145F2D39BB100214FF4805858F8BD
:109C0000076000BF4FEAC10826FA08F880F8008014
:109C1000491C401CA3F101081FFA88F3002BF1D165
:109C2000BDE8F08170B504460E460025E06820F0DE
:109C3000C040E060012E10D1E06840F00050E060CC
:109C400000BF0A20F8F772FE0A352046FFF776FFBC
:109C5000012815D0C82DF4D312E07EB9E06840F099
:109C60008040E06000BF0A20F8F760FE0A35204619
:109C7000FFF764FF20B1C82DF5D301E0012070BDCE
:109C8000C82D01D10120FAE70020F8E710B50246FF
:109C90000B461146D1F8000820F4FE60C1F8000818
:109CA000D1F800084FF4FE6404EA03142043C1F81D
:109CB0000008002010BD02461346D3F800080843F0
:109CC000C3F800080020704730B503461446022C44
:109CD00049D12D48814204D32C48814201D20F2220
:109CE00045E02A48814204D32948814201D20E220C
:109CF0003DE02748814204D32648814201D20D220B
:109D000035E02448814204D32348814201D20C2209
:109D10002DE02148814204D32048814201D20B2208
:109D200025E01E48814204D31D48814201D20A2207
:109D30001DE01B48814204D31A48814201D2092206
:109D400015E01848814204D31748814201D2082205
:109D50000DE01548814204D31448814201D2072204
:109D600005E0062203E00CB9092200E00922D868C8
:109D700020F47050D860D8684FF4705505EA8225F9
:109D80002843D860002030BDC0ACD800C0E1E4005A
:109D90000024F40080730601A0491A01002D31014E
:109DA00040A44C0100366E0120ABA6010048E8013A
:109DB0002DE9F04304460D461E46DDF81CC0A046C2
:109DC0002946BCF1000F12D1F01C870800230CE0DB
:109DD000D1F8009008F5805000EB0230C0F80090F8
:109DE000491C491C491C491C5B1CBB42F0D3002088
:109DF000BDE8F08310B504462078422802D160788F
:109E0000522800D010BDA07820B1CD2813D0FF2853
:109E100033D100BF1B4890ED010A1B4880ED000ABA
:109E20001A48B0F90E0000EE100AB8EEC00A184841
:109E300080ED000A22E0E078411D204600F09EF807
:109E400000B9DFE7201DFCF76BFD9FED121ADFED77
:109E5000120A40EE010A0C48C0ED000A04F10800A5
:109E6000FCF764FD0A4880ED000AA07A012800D1C1
:109E700000E000200949087000E0C3E700BF00BF10
:109E8000C0E70000706300201C0100203863002040
:109E9000180100209AF9A244A3EA853F200100207E
:109EA00010B58AB00446B3EE0B0A8DED020A2E48B7
:109EB00090ED040AF1EE040AB4EEE00AF1EE10FAB5
:109EC00003DB90ED040A8DED020A284890ED010AAB
:109ED000DFED270A30EEC00AB1EE400A8DED010A2F
:109EE0002148C089009042208DF80C0052208DF846
:109EF0000D008DF80E40CD2C2BD11E480188008816
:109F0000401C1C4A1080C82902DB00201146088032
:109F100010208DF80F000298049001980590BDF86C
:109F20000000ADF8180013480088ADF81A000E487C
:109F3000C07E8DF81C000C488088ADF81D000A48D2
:109F4000007B8DF81F009DF80F00411D03A8F6F758
:109F500021FC192103A8F6F767FE1C2103A8F6F7D8
:109F6000F1FA0AB010BD00003863002070630020D1
:109F7000A3EA853F2201002000BFFEE770B5054639
:109F80000C4600260DB1022C01D8002070BD611EC8
:109F9000FF222846F7F7DAFC0646601E285CB0422E
:109FA00001D10120F2E70020F0E70000024800683C
:109FB000C0F30220704700000CED00E010B500284F
:109FC00004DB0A07130E054A135406E00A07140EB1
:109FD000034A00F00F031B1FD45410BD00E400E03F
:109FE00018ED00E02DED020B019820F000400190EB
:109FF0009DED000B02B07047D0ED000AF4EEC00AF0
:10A00000F1EE10FA01DD80ED000AD0ED000AB1EEAC
:10A01000401AF4EEC10AF1EE10FA03D2F1EE400A52
:10A02000C0ED000A7047014671EE602AF0EE621A38
:10A03000B0EE602A30EE423A01208840401E02EE27
:10A04000900AF8EEE22A63EE222A82EEA13AFDEEB1
:10A05000C32A12EE900A7047DFED0B2AC0ED002AEA
:10A06000DFED092AC0ED012ADFED072AC0ED022A43
:10A0700080ED030AC0ED040A80ED051AC0ED061A52
:10A0800080ED072A70470000000000002DE9F04134
:10A0900003460024002010E00D18C5F3C70605F0A4
:10A0A000070713F8068048FA07F808F0010C0CFAC5
:10A0B00000F848EA0404451CE8B29042ECDB204674
:10A0C000BDE8F081F8F758FDFCF70AFEFBF794FFB6
:10A0D000FBF798FEFBF752FEFBF772FEFCF704F865
:10A0E000FCF762F8FCF744F8FCF77EF8FBF7CEFECD
:10A0F00000F015F800BFFEE701460020842901D0DA
:10A10000CA1C1044704770B5044625460DB1294657
:10A1100000E00121084600F0A1FD002070BD10B54F
:10A1200000F0DCFE002010BD7FB504460D466069DE
:10A1300098B1A06988B1B4F90800FFF7DDFF0646C1
:10A14000D4E90510CDE9006102902B462269D4E9DB
:10A15000001001F015FB039013E0B4F90800FFF7BD
:10A16000CBFF064603A8CDE90060238A9AB22B46AE
:10A17000D4E9001001F0D2FA012802D0002004B086
:10A1800070BD0398FBE700002DE9F04105460E463F
:10A190001C4807681C480068001D00F01FFC50B9EF
:10A1A0001948006890F82C10012088401749096868
:10A1B000814316480160681C38B936B112480168FD
:10A1C000091D134800F054FC1AE07C190E48006881
:10A1D0004460BC4207D20C480168091D0D48006864
:10A1E00000F02CFC0CE008480168091D0A480068D2
:10A1F00000F024FC09480068844201D2074804604A
:10A20000BDE8F081C4000020B0000020C80000209C
:10A21000C4240020B8000020B4000020E00000208A
:10A2200010B5044600F030FC23480068401C224969
:10A2300008602248006840B9204804600846006869
:10A2400001280DD100F0A6F90AE01D48006838B9D0
:10A250001A480068C06AE16A884201D81748046059
:10A2600018480068401C1749086094F82C10012019
:10A27000884015490968084313490860E16A01EB01
:10A280008101124A02EB8100211D00F0F1FB00F078
:10A2900025FC0B48006868B108480068C06AE16A9C
:10A2A000884207D24FF0805009490860BFF34F8FB2
:10A2B000BFF36F8F10BD0000C0000020B000002071
:10A2C000CC000020DC000020C8000020E823002093
:10A2D00004ED00E010B516E000F0D6FB0C48C068B5
:10A2E000C468201D00F07AFB0A480068401E094936
:10A2F000086009480068401E0749086000F0EEFB4E
:10A30000204600F05FF8044800680028E4D110BD42
:10A31000B0240020C0000020BC00002070B504461E
:10A320000D46206C70B1216CE0680144E160D4E915
:10A330000210884201D32168E1602846226CE1685E
:10A34000F6F789F870BD2DE9F04104460F46154631
:10A350004FF00008A66B206C48B9206800282CD16B
:10A36000A06801F025FB80460020A06025E07DB9B3
:10A370003946226C6068F6F76EF8216C6068084414
:10A380006060D4E90101884217D32068606014E05E
:10A390003946226CE068F6F75EF8216CE068411AF5
:10A3A000E1602168E068884203D2216CA068411A0C
:10A3B000E160022D01D106B1761E701CA0634046FB
:10A3C000BDE8F08110B5044694F8510030B9206B17
:10A3D00000F0A2FB204600F09FFB1AE094F8510029
:10A3E000012803D1204600F097FB12E094F85100B9
:10A3F000022801D1012000E0002050B900BF502008
:10A4000080F31188BFF34F8FBFF36F8F00BF00BF82
:10A41000FEE710BD30B54FF47053174800F0070445
:10A420002CB1C01D20F00700134C041B1B1B02465F
:10A43000124C22600024114D6C60D018083820F0B6
:10A4400007000F4C206000240D4D2D686C600C4DF2
:10A450002D682C601146441A4C60094C24680C602D
:10A46000084D4C682C60084D4C682C604FF000443F
:10A47000064D2C6030BD0000D8240020EC000020E8
:10A48000F4000020FC000020F8000020080100205B
:10A4900000BFFFF71FFF064800680128F9D94FF0F9
:10A4A000805004490860BFF34F8FBFF36F8FF0E710
:10A4B000E823002004ED00E02DE9F04106460D46BA
:10A4C00017469846069C0DB9246000E02760E663B5
:10A4D00025640121204600F089FEBDE8F0812DE9C8
:10A4E000FF5F81460E469246DDE90E7B109CAAF185
:10A4F0000100216B01EB800828F0070808F0070035
:10A5000008B9012000E0002050B900BF502080F3BE
:10A510001188BFF34F8FBFF36F8F00BF00BFFEE7FF
:10A5200086B1002507E0715D04F134004155705D8E
:10A5300000B902E06D1C102DF5D300BF00214320AF
:10A54000015502E0002084F83400072F00D30627CD
:10A55000E76267640020A064201D00F06CFA04F13B
:10A56000180000F068FA2461C7F10700A061646276
:10A570000020E06484F8500049464046039A00F009
:10A58000ADF92060BBF1000F01D0CBF80040BDE871
:10A59000FF9F000010B5002407E004EB84010F4A80
:10A5A00002EB810000F03AFA641C072CF5D30C484A
:10A5B00000F034FA0B4800F031FA0B4800F02EFAA4
:10A5C0000A4800F02BFA0A4800F028FA0448094922
:10A5D000086004480849086010BD0000E823002016
:10A5E00074240020882400209C240020B024002013
:10A5F000C4240020B4000020B800002010B501469B
:10A60000164800E0006803688B42FBD302464368AB
:10A6100013448B4204D143684C6823444360014691
:10A620000A464B6813440468A34211D10C4C0368DA
:10A630002468A34208D04B680468646823444B60D4
:10A6400003681B680B6005E0054B1B680B6001E0AD
:10A6500003680B60884200D0016010BDEC00002050
:10A66000F400002070B5054600F00EFAA86B08B99A
:10A67000012400E0002400F031FA204670BD70B5DE
:10A68000054600F001FAA86BE96B884201D101246C
:10A6900000E0002400F022FA204670BD0A49096853
:10A6A000096809B9012100E0002121B14FF0FF3113
:10A6B000064A116006E004490968C968C868034A87
:10A6C0004168116070470000B4000020E0000020E5
:10A6D0000E480068401C08B9012000E0002050B975
:10A6E00000BF502080F31188BFF34F8FBFF36F8FEF
:10A6F00000BF00BFFEE700BF502080F31188BFF30A
:10A700004F8FBFF36F8F00BF00BFFEE70C0100202B
:10A7100070B5044600F0B8F994F9455010E0606A4D
:10A7200008B9012000E0002038B904F1240001F04C
:10A73000A3F918B100F0B0FB00E003E0681E45B2D9
:10A74000002DECDC00BFFF2084F8450000F0C6F9C6
:10A7500000F09AF994F9445010E0206908B90120FA
:10A7600000E0002048B904F1100001F085F908B1BB
:10A7700000F092FB681E45B200E001E0002DECDC29
:10A7800000BFFF2084F8440000F0A8F970BD00006D
:10A790002DE9F04104464FF0000800F0F7FB49486E
:10A7A000006808B9FFF736FE4748006820400028D7
:10A7B00070D1D4B1083404F00700B0B104F0070040
:10A7C000C0F10800044404F0070008B9012000E0CB
:10A7D000002050B900BF502080F31188BFF34F8F85
:10A7E000BFF36F8F00BF00BFFEE7002C52D0374889
:10A7F000006884424ED8364E3046056801E02E4649
:10A800002D686868A04202D228680028F7D12D4838
:10A81000006885423ED0306800F108082868306042
:10A820006868001B102819D92F1907F0070008B90C
:10A83000012000E0002050B900BF502080F31188B3
:10A84000BFF34F8FBFF36F8F00BF00BFFEE7686895
:10A85000001B78606C603846FFF7D0FE1B496868C3
:10A860000968081A19490860084600681949096802
:10A87000884203D215480068164908601249686882
:10A880000968084368600020286013480068401C7D
:10A890001149086001F03CF908F0070008B90120EF
:10A8A00000E0002050B900BF502080F31188BFF3B2
:10A8B0004F8FBFF36F8F00BF00BFFEE74046BDE87C
:10A8C000F0810000F400002008010020F8000020C2
:10A8D000EC000020FC00002000010020001F4FF0D1
:10A8E00080730360001F21F001030360001F054B0C
:10A8F000036014380260001F6FF002030360203809
:10A9000070470000D1A60008B0EE401A30EEC10A30
:10A91000F0EE401AB0EE412A00EE100AB8EEC00A7E
:10A9200060EE212A01228A40521E00EE102AB8EE63
:10A93000C03A82EE830A30EE020A70470A7860F36A
:10A9400000020A7042080B7862F341030B70820820
:10A950000B7862F382030B70C2080B7862F3C303B7
:10A960000B7002090B7862F304130B7042090B7829
:10A9700062F345130B7082090B7862F386130B7038
:10A98000C2090B7862F3C7130B70020A4B7862F3AB
:10A9900000034B70420A4B7862F341034B70820A0A
:10A9A0004B7862F382034B70C20A4B7862F3C303A5
:10A9B0004B70020B4B7862F304134B70420B4B78D5
:10A9C00062F345134B70820B4B7862F386134B7026
:10A9D000C30B4A7863F3C7124A70704701460A698D
:10A9E000D1E901309860D1E901035860506888428C
:10A9F00001D188685060002008611068401E106016
:10AA000010687047034B0360034B0B608023136097
:10AA100070470000A4020020F802002000F10801A5
:10AA200041604FF0FF31816000F10801C1600161B8
:10AA300000210160704700210161704710B5024696
:10AA40000B685C1C0CB9106907E002F1080000E01B
:10AA50004068446824689C42FAD944684C604C6859
:10AA6000A160886041600A611468641C146010BDB4
:10AA700042684A6093688B6093685960916008618E
:10AA800003685B1C0360704700BF502080F311888F
:10AA9000BFF34F8FBFF36F8F00BF0E480068401C9D
:10AAA0000C49086008460068012812D10A4800686D
:10AAB000C0B208B9012000E0002050B900BF50200A
:10AAC00080F31188BFF34F8FBFF36F8F00BF00BFBC
:10AAD000FEE770470C01002004ED00E00D4800681F
:10AAE00050B900BF502080F31188BFF34F8FBFF3E0
:10AAF0006F8F00BF00BFFEE706480068401E054993
:10AB000008600846006820B9002080F3118800BF63
:10AB100000BF70470C01002070B506463546002E78
:10AB200044D0083D2C46224960680968084008B1B5
:10AB3000012000E0002050B900BF502080F31188B0
:10AB4000BFF34F8FBFF36F8F00BF00BFFEE72068DA
:10AB500008B9012000E0002050B900BF502080F368
:10AB60001188BFF34F8FBFF36F8F00BF00BFFEE7A9
:10AB70000F49606809680840C0B12068B0B90C4945
:10AB8000606809688843606000F000FA09496068FD
:10AB900009680844074908602046FFF72FFD06486A
:10ABA0000068401C0449086000F0B2FF70BD00005E
:10ABB00008010020F80000200401002000204FF0D0
:10ABC000E02108618861064800684FF47A71B0FBA3
:10ABD000F1F0401E4FF0E021486107200861704706
:10ABE000AC00002070B5F5F79BFB0446102C16D383
:10ABF00004F1E02090F8F05315480078854201DB1D
:10AC0000012000E0002050B900BF502080F31188DF
:10AC1000BFF34F8FBFF36F8F00BF00BFFEE70D483C
:10AC2000006800F4E0600C490968884201D80120FE
:10AC300000E0002050B900BF502080F31188BFF31E
:10AC40004F8FBFF36F8F00BF00BFFEE770BD0000E6
:10AC5000100100200CED00E01401002070B5044646
:10AC60000025D4B11248006808B9012000E0002096
:10AC700050B900BF502080F31188BFF34F8FBFF34E
:10AC80006F8F00BF00BFFEE700F080F90021204673
:10AC9000FFF77AFA00F03CFF05463DB94FF08050CF
:10ACA00004490860BFF34F8FBFF36F8F70BD000082
:10ACB000E800002004ED00E02DE9F04704460F46CF
:10ACC0004FF0000954B900BF502080F31188BFF342
:10ACD0004F8FBFF36F8F00BF00BFFEE70FB10120A2
:10ACE00000E0002050B900BF502080F31188BFF36E
:10ACF0004F8FBFF36F8F00BF00BFFEE72048006893
:10AD000008B9012000E0002050B900BF502080F3B6
:10AD10001188BFF34F8FBFF36F8F00BF00BFFEE7F7
:10AD200000F034F9174806682068C5192068B04259
:10AD300007D92068A8420BD9B54209D94FF00109BB
:10AD400006E02068A84201D8B54201D94FF00109B8
:10AD50002560B9F1000F03D0A81B0021FFF714FAFA
:10AD600000F0D6FE8046B8F1000F07D14FF08050BA
:10AD700005490860BFF34F8FBFF36F8FBDE8F087C1
:10AD8000E8000020C400002004ED00E070B5054696
:10AD9000FFF77AFE15B93048006800E028460446FF
:10ADA000201DFFF71BFE78B9E06A00EB80002B49FD
:10ADB00051F8200040B994F82C100120884028490F
:10ADC0000968814326480160A06A18B104F118009F
:10ADD000FFF704FE23480068401C224908601E4813
:10ADE0000068844209D1211D1F48FFF741FE1F481A
:10ADF0000068401C1D49086009E01D480068401EAD
:10AE00001B4908602046FFF7DDFAFFF747FCFFF714
:10AE100065FE18480068E8B10F480068844219D1FF
:10AE20001548006808B9012000E0002050B900BFB3
:10AE3000502080F31188BFF34F8FBFF36F8F00BF97
:10AE400000BFFEE74FF080500C490860BFF34F8F02
:10AE5000BFF36F8F70BD0000B0000020E82300201A
:10AE6000C8000020DC000020B0240020BC0000202E
:10AE7000C0000020CC000020E800002004ED00E02D
:10AE8000034909680160034909684160704700008F
:10AE9000D8000020C400002001200149086070474C
:10AEA000D400002070B504460D4654B900BF5020B0
:10AEB00080F31188BFF34F8FBFF36F8F00BF00BFC8
:10AEC000FEE70548016818312046FFF7B7FD01216C
:10AED0002846FFF759F970BDB000002010B586B0C4
:10AEE00000200590049003AA04A905A8FFF78AFD95
:10AEF0000022DDE904101346CDE9002102901CA1D7
:10AF00001D48039A00F03CFC1C4908600846006894
:10AF100008B1012400E00024012C15D100BF50200D
:10AF200080F31188BFF34F8FBFF36F8F00BF4FF0D7
:10AF3000FF301349086001201249086000201249BF
:10AF4000086000F071F810E0601C08B1012000E01A
:10AF5000002050B900BF502080F31188BFF34F8FFD
:10AF6000BFF36F8F00BF00BFFEE706B010BD00004B
:10AF700049444C450000000091A40008E400002072
:10AF8000E0000020CC000020C4000020024800683F
:10AF9000401C014908607047E80000201D48006817
:10AFA00018B101201C49086032E000201A490860ED
:10AFB0001A480068B0FA80F0C0F11F0101EB81006F
:10AFC000174A52F8200008B1012000E0002050B9D3
:10AFD00000BF502080F31188BFF34F8FBFF36F8FF6
:10AFE00000BF00BFFEE701EB81020D4B03EB8200C7
:10AFF00042685268426000F108024368934202D1FD
:10B000004268526842604268D268064B1A6000BFCC
:10B0100070470000E8000020D4000020C800002095
:10B02000E8230020B00000201CB5524800685249B7
:10B03000884201D0012000E0002050B900BF50201C
:10B0400080F31188BFF34F8FBFF36F8F00BF00BF36
:10B05000FEE7484800684849491E884201D001205F
:10B0600000E0002050B900BF502080F31188BFF3EA
:10B070004F8FBFF36F8F00BF00BFFEE73F49084609
:10B0800000780190FF200A46107008460078009072
:10B090009DF8000000F0F0009DF80020904201D1E2
:10B0A000012000E0002050B900BF502080F311883B
:10B0B000BFF34F8FBFF36F8F00BF00BFFEE79DF858
:10B0C000000000F050002E4A107007202D4A10603A
:10B0D00009E02C480068401E2A4A10609DF80000D4
:10B0E0004006000E00909DF8000000F080008028CF
:10B0F000EFD024480068C0F10700042801D10120E6
:10B1000000E0002050B900BF502080F31188BFF349
:10B110004F8FBFF36F8F00BF00BFFEE71948006875
:10B120000002184A10601046008800F4E0601060C9
:10B13000124A019810700F482030006840F47000E7
:10B140000C49203108600846006840F070400860F3
:10B15000FFF734FD00200C490860F5F7A9F80B480B
:10B16000006840F0404009490860F5F78DF800207C
:10B170001CBD000000ED00E071C20F4100E400E0E2
:10B1800010010020140100200C01002034EF00E029
:10B190002DE9F84305460E4617460DB1012000E0A3
:10B1A000002050B900BF502080F31188BFF34F8FAB
:10B1B000BFF36F8F00BF00BFFEE705FB06F808F185
:10B1C0004800FFF7E5FA044664B1A14609F14809D1
:10B1D000002084F846003B464A4631462846009403
:10B1E000FFF76AF92046BDE8F883000070B5054610
:10B1F0000E462C4654B900BF502080F31188BFF38F
:10B200004F8FBFF36F8F00BF00BFFEE7FFF73CFC1F
:10B21000D4E90F12206801FB0200A0600020A063A7
:10B2200020686060E06B401E226C216800FB021108
:10B23000E160FF2084F8440084F845009EB920694D
:10B2400008B9012000E00020A8B904F1100000F0C6
:10B2500013FC80B14FF0805009490860BFF34F8F55
:10B26000BFF36F8F07E004F11000FFF7D7FB04F185
:10B270002400FFF7D3FBFFF731FC012070BD000075
:10B2800004ED00E02DE9FF4383B0064688461D46E5
:10B290004FF00009344654B900BF502080F31188A4
:10B2A000BFF34F8FBFF36F8F00BF00BFFEE7B8F152
:10B2B000000F01D1206C08B9012000E0002050B936
:10B2C00000BF502080F31188BFF34F8FBFF36F8F03
:10B2D00000BF00BFFEE7022D02D1E06B012801D1C3
:10B2E000012000E0002050B900BF502080F31188F9
:10B2F000BFF34F8FBFF36F8F00BF00BFFEE700F0BB
:10B300009DFA08B9059808B9012000E0002050B95D
:10B3100000BF502080F31188BFF34F8FBFF36F8FB2
:10B3200000BF00BFFEE700BFFFF7AEFBA06BE16B05
:10B33000884201D3022D28D12A4641462046FFF7F4
:10B3400002F80746606A08B9012000E0002068B9E9
:10B3500004F1240000F090FB88B14FF08050324996
:10B360000860BFF34F8FBFF36F8F08E03FB14FF01E
:10B3700080502D490860BFF34F8FBFF36F8FFFF7E9
:10B38000ADFB012007B0BDE8F083059818B9FFF7C1
:10B39000A5FB0020F6E7B9F1000F04D101A8FFF7E3
:10B3A0006FFD4FF00109FFF799FBFFF7EFFDFFF786
:10B3B0006BFB94F94400401C10B9002084F8440051
:10B3C00094F94500401C10B9002084F84500FFF7AF
:10B3D00085FB05A901A800F05BF9F0B92046FFF74D
:10B3E0004EF9A0B104F110000599FFF75BFD20466E
:10B3F000FFF78EF900F08CFB002895D14FF08050BC
:10B4000009490860BFF34F8FBFF36F8F8CE7204669
:10B41000FFF77EF900F07CFB86E72046FFF778F91E
:10B4200000F076FB0020ADE704ED00E02DE9F84FD9
:10B4300007468A4690461E463C4654B900BF5020F7
:10B4400080F31188BFF34F8FBFF36F8F00BF00BF32
:10B45000FEE7BAF1000F01D1206C08B9012000E02D
:10B46000002050B900BF502080F31188BFF34F8FE8
:10B47000BFF36F8F00BF00BFFEE7022E02D1E06B6B
:10B48000012801D1012000E0002050B900BF502068
:10B4900080F31188BFF34F8FBFF36F8F00BF00BFE2
:10B4A000FEE7FFF79FFB00BF5021EFF3118081F310
:10B4B0001188BFF34F8FBFF36F8F00BF0546A06B9E
:10B4C000E16B884201D3022E25D194F945B0A06BDF
:10B4D0000090324651462046FEF735FF0BF1010041
:10B4E00088B9606A08B9012000E0002050B904F171
:10B4F000240000F0C1FA28B1B8F1000F02D00120F9
:10B50000C8F8000004E00BF1010040B284F84500E7
:10B510004FF0010901E04FF0000900BF85F31188E9
:10B5200000BF4846BDE8F88F2DE9F74183B00546D6
:10B530000E464FF000082C4654B900BF502080F34F
:10B540001188BFF34F8FBFF36F8F00BF00BFFEE7BF
:10B550000EB9206C08B9012000E0002050B900BFEE
:10B56000502080F31188BFF34F8FBFF36F8F00BF60
:10B5700000BFFEE700F062F908B9059808B901209C
:10B5800000E0002050B900BF502080F31188BFF3C5
:10B590004F8FBFF36F8F00BF00BFFEE700BFFFF705
:10B5A00073FAA76BF7B131462046FEF7B7FE781E57
:10B5B000A063206908B9012000E0002060B904F10F
:10B5C000100000F059FA38B14FF080502F49086050
:10B5D000BFF34F8FBFF36F8FFFF780FA012006B0E4
:10B5E000BDE8F081059818B9FFF778FA0020F6E772
:10B5F000B8F1000F04D101A8FFF742FC4FF0010899
:10B60000FFF76CFAFFF7C2FCFFF73EFA94F944002B
:10B61000401C10B9002084F8440094F94500401CF7
:10B6200010B9002084F84500FFF758FA05A901A8D1
:10B6300000F02EF8F0B92046FFF714F8A0B104F19D
:10B6400024000599FFF72EFC2046FFF761F800F073
:10B650005FFA0028A3D14FF080500C490860BFF377
:10B660004F8FBFF36F8F9AE72046FFF751F800F036
:10B670004FFA94E72046FFF74BF800F049FA2046CE
:10B68000FEF7F0FF00288AD00020A8E704ED00E0D4
:10B6900070B505460C4655B900BF502080F311889F
:10B6A000BFF34F8FBFF36F8F00BF00BFFEE754B9EA
:10B6B00000BF502080F31188BFF34F8FBFF36F8F0F
:10B6C00000BF00BFFEE7FFF7DFF9124802686868B5
:10B6D000131A2068401C08B9002617E00E49286894
:10B6E0000968884204D06868904201D801260DE0BC
:10B6F0002068984207D92068C01A20602846FFF7C2
:10B70000BFFB002602E0002020600126FFF7E6F9DB
:10B71000304670BDC4000020D80000202DE9FF4F46
:10B7200085B0804689461746DDE912ABB800FFF7C1
:10B730002FF8064656B15420FFF72AF804460CB1FC
:10B74000266304E03046FFF7E7F900E000248CB1FF
:10B75000002084F85100CDE900ABCDE902403A4623
:10B7600049464046089BFEF7BAFE2046FEF758FDC4
:10B77000012501E04FF0FF35284609B0BDE8F08F04
:10B780002DE9F04F85B00746884691469A46DDE997
:10B790000EB6109C0EB1012000E0002050B900BF91
:10B7A000502080F31188BFF34F8FBFF36F8F00BF1E
:10B7B00000BFFEE70CB1012000E0002050B900BF3F
:10B7C000502080F31188BFF34F8FBFF36F8F00BFFE
:10B7D00000BFFEE7542003900398542801D10120B4
:10B7E00000E0002050B900BF502080F31188BFF363
:10B7F0004F8FBFF36F8F00BF00BFFEE700BFB4B134
:10B80000AEB125462C462E63022085F8510000205B
:10B8100004A953464A46CDE900B1CDE9025041465C
:10B820003846FEF75CFE2846FEF7FAFC01E00020F1
:10B830000490049805B0BDE8F08F00000549096840
:10B8400009B9012005E00449096809B9022000E0AE
:10B8500000207047CC000020E80000200149086863
:10B8600070470000C40000202DE9F0414FF00008AF
:10B870004448006800287CD143480068451C424881
:10B88000056015BB41480068006808B9012000E068
:10B89000002050B900BF502080F31188BFF34F8FB4
:10B8A000BFF36F8F00BF00BFFEE738480768384816
:10B8B0000068364908603648076036480068401C12
:10B8C00034490860FEF7EAFE00BF3348006885424D
:10B8D0003CD300BF2D480068006808B9012000E093
:10B8E000002020B14FF0FF302B4908602DE02748A1
:10B8F0000068C068C4686668B54202D2264806601F
:10B9000023E0201DFFF76AF8A06A18B104F11800BF
:10B91000FFF764F894F82C10012088401F4909684B
:10B9200008431E490860E16A01EB81011C4A02EBF1
:10B930008100211DFFF79CF81A49E06A0968C96A6D
:10B940008842C7D34FF00108C4E700BF154800681C
:10B95000C06A00EB8000124951F82000012801D98B
:10B960004FF001081048006808B14FF0010805E0E9
:10B97000FFE70E480068401C0C4908604046BDE8DF
:10B98000F0810000E8000020C4000020B400002086
:10B99000B8000020D8000020E0000020C8000020EF
:10B9A000E8230020B0000020D4000020D0000020B8
:10B9B00070B505462C460026002D55D02B48006852
:10B9C000844201D1012000E0002050B900BF502086
:10B9D00080F31188BFF34F8FBFF36F8F00BF00BF9D
:10B9E000FEE7A06C50B900BF502080F31188BFF370
:10B9F0004F8FBFF36F8F00BF00BFFEE7A06C401EEC
:10BA0000A064616CE06A88422ED0A06C60BB201DEF
:10BA1000FEF7E4FF78B9E06A00EB8000144951F8C2
:10BA2000200040B994F82C10012088401149096881
:10BA3000814310480160606CE062E06AC0F1070079
:10BA4000A06194F82C10012088400A490968084335
:10BA500008490860E16A01EB8101054A02EB8100B7
:10BA6000211DFFF705F80126304670BDB00000200B
:10BA7000E8230020C800002070B50646F068C468BE
:10BA800054B900BF502080F31188BFF34F8FBFF32C
:10BA90006F8F00BF00BFFEE704F11800FEF79EFFA6
:10BAA00015480068A8B9201DFEF798FF94F82C10DF
:10BAB0000120884011490968084310490860E16A7B
:10BAC00001EB81010E4A02EB8100211DFEF7D0FF40
:10BAD00004E004F118010B48FEF7CAFF0A49E06AC6
:10BAE0000968C96A884204D901250120074908600C
:10BAF00000E00025284670BDE8000020C8000020B6
:10BB0000E82300209C240020B0000020D400002066
:10BB100070B5002400263648006850B900BF502098
:10BB200080F31188BFF34F8FBFF36F8F00BF00BF4B
:10BB3000FEE7FEF7A9FF2E480068401E2C4908606A
:10BB40000846006800284FD12A48006800284BD0DA
:10BB500024E02948C068C46804F11800FEF73EFFDD
:10BB6000201DFEF73BFF94F82C100120884023494C
:10BB70000968084321490860E16A01EB8101204A14
:10BB800002EB8100211DFEF773FF1E49E06A096880
:10BB9000C96A884202D301201B4908601648006820
:10BBA00008B9012000E000200028D2D00CB1FEF737
:10BBB00075FD1648056865B100BFFFF755FE10B169
:10BBC0000120114908606D1E002DF6D100200F499B
:10BBD00008600D48006838B1012630070C4908603C
:10BBE000BFF34F8FBFF36F8FFEF778FF304670BD06
:10BBF000E8000020C00000209C240020C800002095
:10BC0000E8230020B0000020D4000020D000002055
:10BC100004ED00E0491058BFC1F140415B1058BF2E
:10BC2000C3F140438B42EFF3008070474FEA41037A
:10BC30004FEA5353A3F58063D3F11E03C8BFD3F17A
:10BC4000210C0CDD4FF0004242EAC12242EA505280
:10BC500032FA03FC8CEAE17CACEBE1707047102B0C
:10BC6000C4BF0020704703F5787CBCF1FF3F04D0CF
:10BC70006FF0004282EA2100704770B500F002F9CF
:10BC80004992248000207047F2E710F0004248BF3C
:10BC90004042B0FA80F310FA03F10AD0C3F11D0359
:10BCA00003F580634FEA415002EB035202EBD121CE
:10BCB00070474FF00000704751EA030C17D41CF591
:10BCC000801F58BFBCF5801F00F10680994218BF45
:10BCD000704708BF9042704707D711F5801F58BFC3
:10BCE00013F5801F19D499427047894270471CF59B
:10BCF000801F08D5BCF5801FF7D58B4218BF704751
:10BD000008BF824270474FF4001C1CEB410F38BF44
:10BD10001CEB430F01D28B42704770B500F0B2F8B4
:10BD2000922449004FF000514FF08053FFF772BF4B
:10BD3000DFF848C170B51CEA111E1EBF1CEA1315BE
:10BD40009EEA0C0F95EA0C0F00F06F8081EA030465
:10BD500023EA4C134EEAD47E21EA4C1141F48011BF
:10BD600043F48013AE44A1FB024CA0FB0365AEF18B
:10BD70007F7E361955EB0C05A1FB034C4CF10003FB
:10BD8000A0FB021C16EB0C06654153F100030942AF
:10BD900018BF46F0010613F4007F0BD14FEA0331C0
:10BDA0004FEA0530340341EA155140EA16506FF06E
:10BDB00003020AE04FEAC3214FEAC520F40241EA38
:10BDC000555140EA56506FF0020202EB2E4201EB51
:10BDD000025585EACE710AD05FEA440C18BF24F000
:10BDE000004450F1000041F1000120EAD47040F21B
:10BDF000FE7C624500D270BDA84214BF4FF0804463
:10BE00004FF04044002E08BF0024BEF1806FA8BF51
:10BE1000A1F1C041BDE8704080F282804FF0000087
:10BE200001F1C04101F0004170479EEA0C0F0CEA9D
:10BE3000131518BF95EA0C0F06D04FF0000081EAE9
:10BE4000030E0EF0004170BD00F01CF88900013EA9
:10BE500000F007B800F009B84FEA430C5FEA5C5CF9
:10BE600008D081EA030100F05BB84FEA410C5FEAB9
:10BE70005C5CF6D14FF00000014970470000FF07FD
:10BE80000000F87F0EF1020E2EF0030E5EF8046B38
:10BE9000364205D4012A43EB030515F5001F12D8DD
:10BEA000012841EB010C1CF5001F0CD80ED14FEA04
:10BEB000D17C15F5001F0CEB4C0C0CF1020C08BFEB
:10BEC0004CEBD37C04E04FF0080C01E04FEAD37C4C
:10BED0000CEB4C0526FA05F606F00706B6F1040C45
:10BEE00006D20EEB860CBDE870404CF0010C6047AA
:10BEF000DFE80CF0090B02024FF000414FF00000A8
:10BF0000A1F5002170BD19461046012851EB01042E
:10BF100018BFD4F5001484BF002001F0004170BDAB
:10BF20000808A0F500114FEA3101704743004FEABD
:10BF3000D30C4FEA3C0C43401FBF40070CF160514B
:10BF400013F0FE4F70471CF0006F03D100200CF07F
:10BF5000004170470CF0004343EA507010B540EACE
:10BF6000CC0000F00EF800BF000000924FEA000184
:10BF7000FFF7D6BF4FF000414FF00000A1F50021C0
:10BF800070470EF1020E2EF0030E5EF8044B2442B1
:10BF900004D44FEA4102B2F17F4F11D84FEA400377
:10BFA000B3F17F4F0CD80ED14FEAD07CB2F17F4F66
:10BFB0000CEB4C0C0CF1020C08BF4CEBD17C04E0F8
:10BFC0004FF0080C01E04FEAD17C0CEB4C0324FA53
:10BFD00003F404F00704B4F1040C06D20EEB840C55
:10BFE000BDE810404CF0010C6047DFE80CF007089A
:10BFF00002024FF00040A0F5800010BD084642004C
:10C0000018BFD2F1807288BF00F0004010BD4FF021
:10C010004070E1EE100A7047005EBCE2613FDD83D4
:10C02000C29C7E20A3FD1F419DC3217FFCA2401E18
:10C030005F01E3BD3E6082DC237D9FC1421CFEA008
:10C04000E1BF5D0380DE3C62BEE0025CDF81633DF8
:10C050007C22C09E1D43A1FF4618FAA427799BC5E8
:10C0600084DA3866E5BB5907DB856739BAE40658D8
:10C070001947A5FB7826C49A653BD987045AB8E6C8
:10C08000A7F91B45C6987A24F8A6441A99C7257BB8
:10C090003A6486D85B05E7B98CD2306EEDB3510FA8
:10C0A0004E10F2AC2F7193CD114FADF3702ECC9298
:10C0B000D38D6F31B2EC0E50AFF1134DCE90722C88
:10C0C0006D33D18F0C52B0EE326C8ED0530DEFB178
:10C0D000F0AE4C1291CF2D73CA947628ABF5174968
:10C0E0000856B4EA6937D58B5709EBB536688AD458
:10C0F00095CB2977F4AA4816E9B7550B88D6346A48
:10C100002B7597C94A14F6A8742AC896154BA9F737
:10C11000B6E80A54D7896B350000891112239B3287
:10C120002446AD573665BF74488CC19D5AAFD3BE07
:10C130006CCAE5DB7EE9F7F88110080193331A2217
:10C14000A5562C47B7753E64C99C408DDBBF52AEE7
:10C15000EDDA64CBFFF976E802218B3010029913F7
:10C160002667AF763444BD554AADC3BC588ED19FC7
:10C170006EEBE7FA7CC8F5D983310A2091121803D7
:10C18000A7772E66B5543C45CBBD42ACD99E508FA7
:10C19000EFFB66EAFDD874C904428D5316619F70A7
:10C1A0002004A9153227BB364CCEC5DF5EEDD7FC87
:10C1B0006888E1997AABF3BA85520C4397711E6097
:10C1C000A1142805B3373A26CDDE44CFDFFD56EC67
:10C1D000E9986089FBBB72AA06638F7214409D5177
:10C1E0002225AB343006B9174EEFC7FE5CCCD5DD47
:10C1F0006AA9E3B8788AF19B87730E6295501C4157
:10C20000A3352A24B1163807CFFF46EEDDDC54CD26
:10C21000EBB962A8F99A708B088481951AA793B636
:10C220002CC2A5D33EE1B7F04008C919522BDB3A26
:10C23000644EED5F766DFF7C899400859BB712A6F6
:10C24000ADD224C3BFF136E0C1184809D33B5A2A06
:10C25000E55E6C4FF77D7E6C0AA583B418869197D6
:10C260002EE3A7F23CC0B5D14229CB38500AD91BE6
:10C27000666FEF7E744CFD5D8BB502A499961087B6
:10C28000AFF326E2BDD034C1C3394A28D11A580BC6
:10C29000E77F6E6EF55C7C4D0CC685D71EE597F486
:10C2A0002880A1913AA3B3B2444ACD5B5669DF78A6
:10C2B000600CE91D722FFB3E8DD604C79FF516E476
:10C2C000A9902081BBB332A2C55A4C4BD7795E6886
:10C2D000E11C680DF33F7A2E0EE787F61CC495D556
:10C2E0002AA1A3B03882B193466BCF7A5448DD5966
:10C2F000622DEB3C700EF91F8FF706E69DD414C536
:10C30000ABB122A0B9923083C77B4E6AD5585C4945
:10C31000E33D6A2CF11E780F50CA0008376C000804
:10C32000000000000000000080000000000000008D
:10C33000000000005CCA00080D06000803000000B1
:10C34000000000008000000000000000000000006D
:10C3500028CA0008610C000801000000000000006D
:10C360008000000000000000000000003CCA00083F
:10C37000C90C00080100000000000000800000005F
:10C38000000000000000000018CA00087107000843
:10C39000020000000000000000010000000000009A
:10C3A0000000000004CA0008616A000803000000E1
:10C3B000000000000002000000000000000000007B
:10C3C000CCC9000829750008010000000000000029
:10C3D000000100000000000000000000B0C90008DB
:10C3E00009750008010000000000000000010000C5
:10C3F0000000000000000000A0C900080B150008A4
:10C400000200000000000000000100000000000029
:10C4100000000000E8C900081154000801000000F5
:10C42000000000008000000000000000000000008C
:10C4300000061016000610160000000000000000A4
:10C4400001020304060708090000000001020304BA
:10C45000000040400000404000000040000000405C
:10C460000000803F0000000000000000000040408D
:10C4700000004040000000400000803F0000803F7E
:10C4800000000000000080BF0000004000000040ED
:10C49000000000400000803F00000000000080BF5E
:10C4A000000080BF00000040000000400000803F0E
:10C4B00000000000000080BF000000C0000000C0BD
:10C4C0000000803F0000803F00000000000080BFAF
:10C4D000000080BF000000C0000000C00000803FDE
:10C4E00000000000000080BF000000C0000000C08D
:10C4F000000000C0000040C000000000000000007C
:10C50000000000C0000000C0000000C0000040C0EB
:10C51000000040C0000040C0000040C0000000C05B
:10C52000000000C0000080BF00000000000000000C
:10C53000000040C0000040C0000000C0000080BFFC
:10C54000000080BF0000000000000000000040C0AC
:10C55000000000C0000080BF000080BF000000009D
:10C560000000803F0000803F000000C0000000C0CD
:10C57000000080BF000000000000803F000000407D
:10C5800000000040000080BF000080BF00000000ED
:10C590000000803F0000803F00000040000040405D
:10C5A00000000000000000000000803F0000803F0D
:10C5B000000000400000404000004040000000003B
:10C5C000000000000000803F00000040000000402C
:10C5D00000004040000040400000803F000080BF5D
:10C5E000000040C0000040C0000040C0000000C08B
:10C5F0000000803F0000803F000080BF000040C07E
:10C60000000000C0000000C0000080BF000000006B
:10C6100000000000000080BF000000C0000000C05B
:10C62000000080BF000080BF00000000000000008C
:10C63000000080BF000080BF000080BF000080BFFE
:10C64000000080BF000000000000000000000000AB
:10C6500000000000000000000000000000000000DA
:10C660000000000000004040000080BF0000803F4C
:10C670000000803F0000803F0000803F00004040FD
:10C68000000040400000004000000040000000406A
:10C690000000803F0000803F00004040005EBCE2A0
:10C6A000613FDD83C29C7E20A3FD1F419DC3217F8E
:10C6B000FCA2401E5F01E3BD3E6082DC237D9FC182
:10C6C000421CFEA0E1BF5D0380DE3C62BEE0025C76
:10C6D000DF81633D7C22C09E1D43A1FF4618FAA462
:10C6E00027799BC584DA3866E5BB5907DB8567394E
:10C6F000BAE406581947A5FB7826C49A653BD98742
:10C70000045AB8E6A7F91B45C6987A24F8A6441A35
:10C7100099C7257B3A6486D85B05E7B98CD2306E21
:10C72000EDB3510F4E10F2AC2F7193CD114FADF30D
:10C73000702ECC92D38D6F31B2EC0E50AFF1134D01
:10C74000CE90722C6D33D18F0C52B0EE326C8ED0F5
:10C75000530DEFB1F0AE4C1291CF2D73CA947628E1
:10C76000ABF517490856B4EA6937D58B5709EBB5CD
:10C7700036688AD495CB2977F4AA4816E9B7550BC1
:10C7800088D6346A2B7597C94A14F6A8742AC896B5
:10C79000154BA9F7B6E80A54D7896B350000891103
:10C7A00012239B322446AD573665BF74488CC19D19
:10C7B0005AAFD3BE6CCAE5DB7EE9F7F881100801F9
:10C7C00093331A22A5562C47B7753E64C99C408DF9
:10C7D000DBBF52AEEDDA64CBFFF976E802218B3095
:10C7E000100299132667AF763444BD554AADC3BCD9
:10C7F000588ED19F6EEBE7FA7CC8F5D983310A20B9
:10C8000091121803A7772E66B5543C45CBBD42ACB8
:10C81000D99E508FEFFB66EAFDD874C904428D5350
:10C8200016619F702004A9153227BB364CCEC5DF98
:10C830005EEDD7FC6888E1997AABF3BA85520C4378
:10C8400097711E60A1142805B3373A26CDDE44CF78
:10C85000DFFD56ECE9986089FBBB72AA06638F7214
:10C8600014409D512225AB343006B9174EEFC7FE58
:10C870005CCCD5DD6AA9E3B8788AF19B87730E6238
:10C8800095501C41A3352A24B1163807CFFF46EE38
:10C89000DDDC54CDEBB962A8F99A708B08848195E0
:10C8A0001AA793B62CC2A5D33EE1B7F04008C91928
:10C8B000522BDB3A644EED5F766DFF7C89940085E8
:10C8C0009BB712A6ADD224C3BFF136E0C118480908
:10C8D000D33B5A2AE55E6C4FF77D7E6C0AA583B484
:10C8E000188691972EE3A7F23CC0B5D14229CB38E8
:10C8F000500AD91B666FEF7E744CFD5D8BB502A4A8
:10C9000099961087AFF326E2BDD034C1C3394A28C7
:10C91000D11A580BE77F6E6EF55C7C4D0CC685D73F
:10C920001EE597F42880A1913AA3B3B2444ACD5BA7
:10C930005669DF78600CE91D722FFB3E8DD604C767
:10C940009FF516E4A9902081BBB332A2C55A4C4B87
:10C95000D7795E68E11C680DF33F7A2E0EE787F603
:10C960001CC495D52AA1A3B03882B193466BCF7A67
:10C970005448DD59622DEB3C700EF91F8FF706E627
:10C980009DD414C5ABB122A0B9923083C77B4E6A47
:10C99000D5585C49E33D6A2CF11E780FFF0000007A
:10C9A0005461736B5F4454375F5461736B000000D4
:10C9B0005461736B5F436F6D6D756E696361746510
:10C9C00046726F6D50435F5461736B005461736BBB
:10C9D0005F436F6D6D756E6963617465546F50432D
:10C9E0005F5461736B0000005461736B5F4A3433B2
:10C9F00031305F6F6E6C696E65436865636B5F5461
:10CA000061736B00526F626F745F436F6E74726F0D
:10CA10006C5F5461736B000043616E5F53656E64BD
:10CA20005461736B0000000043616E315F526563B7
:10CA3000656976655461736B0000000043616E3276
:10CA40005F526563656976655461736B0000000031
:10CA500064656661756C745461736B0053746172C4
:10CA6000745461736B00000088CA00080000002045
:10CA7000A4020000C40100087CCB0008A40200202E
:10CA8000A46A000020020008013C13917D1B08D914
:10CA9000041AE90413157E1B0855041A5D0C1AA12B
:10CAA00004131201140202021640830440572602A6
:10CAB00001020301071A040309041A0313B10B1B33
:10CAC00008AB041A67041AD504131D0C420832106F
:10CAD000193F21035D24F41AAA01014813706382EF
:10CAE000200D1244FDBC020C45E0FC20035A50040A
:10CAF000011C0918241B40406E22412320420722BA
:10CB0000C03F52499D39634A010318A00F130A061A
:10CB100029A82A40291345781408417614088F7AE9
:10CB20004208131577140839751B08F704C11AB9A0
:10CB3000181A75041A01301A650814090243130201
:10CB40000125C03209041B01020B13052416100134
:10CB50000524011009010424020205240617010717
:10CB600005820308151009040133020A1D07050197
:0CCB700002D22C070581072481018200FD
:040000050800018965
:00000001FF
