:020000040800F2
:10000000F86B002029030008B94A0008333F0008B4
:10001000C1490008150900088576000800000000A5
:10002000000000000000000000000000690200085D
:100030005D10000800000000C50200083D540008E3
:100040004303000843030008430300084303000878
:100050004303000843030008430300084303000868
:100060004303000843030008430300084303000858
:10007000C90C0008430300084303000843030008B9
:100080004303000843030008430300082509000850
:10009000190900084303000843030008430300084C
:1000A00043030008155500084303000843030008F4
:1000B0004303000843030008430300084303000808
:1000C00043030008430300084303000843030008F8
:1000D000430300084303000843030008C559000810
:1000E00043030008430300084303000843030008D8
:1000F00043030008430300084303000843030008C8
:1001000043030008430300084303000843030008B7
:1001100043030008430300084303000843030008A7
:100120004303000843030008D50C000843030008FC
:100130004303000843030008430300083D09000887
:10014000310900084303000843030008BD4A0008C2
:100150004303000843030008E10C000843030008C0
:100160004303000843030008430300084303000857
:100170004303000843030008430300080000000095
:10018000430300084303000800F002F800F05CF8A5
:100190000AA090E8000C82448344AAF10107DA45E2
:1001A00001D100F051F8AFF2090EBAE80F0013F0D8
:1001B000010F18BFFB1A43F001031847D09300004A
:1001C000F09300000A444FF0000C10F8013B13F0CC
:1001D000070408BF10F8014B1D1108BF10F8015BA0
:1001E000641E05D010F8016B641E01F8016BF9D193
:1001F00013F0080F1EBF10F8014BAD1C0C1B09D1EA
:100200006D1E58BF01F801CBFAD505E014F8016B5B
:1002100001F8016B6D1EF9D59142D6D370470000ED
:100220000023002400250026103A28BF78C1FBD8FF
:10023000520728BF30C148BF0B6070471FB508F098
:10024000DBFD1FBD10B510BD00F0A6F91146FFF78C
:10025000F5FF07F09BFA00F0C4F903B4FFF7F2FFD3
:1002600003BC00F0CBF900002C4B19680868B0E81B
:10027000F04F80F30988BFF36F8F4FF0000080F3D9
:10028000118870470000000008480068006880F38B
:1002900008884FF0000080F3148862B661B6BFF39F
:1002A0004F8FBFF36F8F00DF00BF00BF08ED00E08E
:1002B000DFF80C00016841F470010160704700BF75
:1002C00088ED00E0EFF30980BFF36F8F134B1A68DE
:1002D0001EF0100F08BF20ED108A20E9F04F1060CB
:1002E00009B44FF0500080F31188BFF34F8FBFF374
:1002F0006F8F07F08FFF4FF0000080F3118809BC6B
:1003000019680868B0E8F04F1EF0100F08BFB0EC95
:10031000108A80F30988BFF36F8F7047B400002004
:10032000EFF30580704700000948804709480047FF
:10033000FEE7FEE7FEE7FEE7FEE7FEE7FEE7FEE795
:10034000FEE7FEE704480549054A064B70470000F2
:100350000555000889010008F8650020F86B0020A9
:10036000F8670020F867002053EA020C00F069806B
:100370002DE9F04B4FF00006002B1FBFB3FA83F5B9
:1003800003FA05F424FA05F65E4012BF1643B2FAEA
:1003900082F502FA05F4C5F120051EBF22FA05FC1C
:1003A00044EA0C04203556EA044C4FEA144418BFC2
:1003B000641C4FF000084FF00009904271EB030CF1
:1003C00039D3002919BFB1FA81F701FA07F6B0FA5B
:1003D00080F700FA07F6C7F120071EBF20FA07FCD6
:1003E00046EA0C062037B6FBF4FCA7EB0507103FE6
:1003F00007F01F0BCBF120060CFA0BFB2CFA06F6CC
:1004000044BFB3460026202FA4BF5E464FF0000B2A
:100410005BEA060C08BF4FF0010B19EB0B09ABFBB5
:10042000027C48EB0608C01B06FB02CC0BFB03CC8E
:1004300071EB0C01C1E70B46024641464846BDE858
:10044000F08B13B54FF000004FF00001AFF30080C8
:10045000BDE81C407047032A40F2308010F0030CC6
:1004600000F0158011F8013BBCF1020F624498BF07
:1004700011F801CB00F8013B38BF11F8013BA2F1A4
:10048000040298BF00F801CB38BF00F8013B11F01F
:10049000030300F02580083AC0F0088051F8043BBF
:1004A000083A51F804CBA0E80810F5E7121D5CBF2C
:1004B00051F8043B40F8043BAFF30080D20724BF5F
:1004C00011F8013B11F801CB48BF11F8012B24BFF3
:1004D00000F8013B00F801CB48BF00F8012B704742
:1004E00010B5203AC0F00B80B1E81850203AA0E8CF
:1004F0001850B1E81850A0E81850BFF4F5AF5FEA03
:10050000027C24BFB1E81850A0E8185044BF18C9B5
:1005100018C0BDE810405FEA827C24BF51F8043B5C
:1005200040F8043B08BF7047D20728BF31F8023BB0
:1005300048BF11F8012B28BF20F8023B48BF00F844
:10054000012B70474FF0000200B5134694469646C3
:10055000203922BFA0E80C50A0E80C50B1F12001D6
:10056000BFF4F7AF090728BFA0E80C5048BF0CC084
:100570005DF804EB890028BF40F8042B08BF7047E2
:1005800048BF20F8022B11F0804F18BF00F8012B54
:100590007047704770477047754600F02BF8AE46BD
:1005A00005006946534620F00700854618B020B57F
:1005B000FFF7C8FEBDE820404FF000064FF00007EF
:1005C0004FF000084FF0000B21F00701AC46ACE8FB
:1005D000C009ACE8C009ACE8C009ACE8C0098D4668
:1005E000704710B50446AFF300802046BDE81040C8
:1005F000FFF733BE0048704794650020014918207A
:10060000ABBEFEE726000200704700002DED0E8B0A
:10061000524C9FED53DADFED53DADFED539A9FED45
:1006200053EA41F28836B500DFED51EA9FED519A69
:100630009FED51AADFED51AA9FED51BADFED51BAFE
:100640009FED51CADFED51CA5FEA650707F01AFC5A
:10065000226801214E489047226802214D48904768
:10066000B0EE4D8AF0EE6D8AB2EE042AF0EE481A32
:10067000B3EE091AF0EE680AB0EE690A464807F0D0
:1006800077F8B2EE042AF0EE481AB3EE091AF0EE4B
:10069000680AB0EE690A414807F06AF8F0EE4E8A3F
:1006A000B0EE082AF0EE681AB1EE041AFBEE0E0A5C
:1006B000B3EE0E0A3A4807F05BF8B7EE002AF0EE08
:1006C000681AB0EE481AFAEE040AB2EE040A354887
:1006D00007F04EF8B0EE6E8A32462946B3EE0E1A97
:1006E000F0EE480AB0EE490A2F4803F075FC324696
:1006F0002946B3EE0E1AF0EE480AB0EE490A2B482E
:1007000003F06AFCB0EE4A3AF0EE6A2AB0EE4B2AE9
:10071000F6EE001AB0EE6B1AF0EE4C0AB0EE6C0A70
:10072000234804F049FB3A4646F2A811B2EE001AFB
:10073000F0EE040AB2EE0E0A1E4803F04DFC00F083
:10074000FFF900F081FC1C48806B07F0A9FC07F062
:10075000B9FB012007F037F878E7000070010020AE
:10076000CDCCCC3D0000C8C20000C8420AD7233C13
:1007700000000000000020420000FA4300007A441C
:100780000000FA449A99993E8FC2753CCDCCCC3E7C
:100790006805002090050020A0600020E060002097
:1007A000206100206061002050640020A0640020CF
:1007B000F064002044650020000000208AB0084E4C
:1007C0006C464FF0FF3707AD3A466946306807F090
:1007D0003FFF09AB2A46211D009800F0B5FEF3E764
:1007E0000800002070B50C46050008D0022C06D980
:1007F000FF22611E00F088FE291901F8010C70BD6E
:10080000F0B585B000202D4C03900490019002902B
:1008100020882B4D010A8DF80C108DF80D00608892
:10082000294E010A8DF80E108DF80F00A08840F2B5
:100830000F13010A8DF810108DF811002089010A9C
:100840008DF812108DF8130003A800906F68002235
:100850001C493068B847608940F21F13010A8DF8BF
:1008600004108DF80500E07D8DF80600617E9DF88E
:10087000070001F001010843217B01F0010140EA7A
:100880004100217E01F0010140EA8100A17D01F0DB
:10089000010140EAC1008DF807000C48B0F8620081
:1008A000010A8DF808108DF8090001A800906C6805
:1008B000002204493068A04705B0F0BD80620020E6
:1008C000700100209005002008000020F062002048
:1008D000DDE9031288B243BA0C48090C49BAC38156
:1008E000418491B249BA09B200EE101ADFED080A4C
:1008F000110CB8EEC00A01F00102C1F3400180EE14
:10090000201A80ED041AC27681847047806200202C
:1009100000007A44FEE70000014800F07EBF0000BE
:1009200068050020014800F078BF0000680500203D
:10093000014800F072BF000090050020014800F05F
:100940006CBF00009005002010B50446491EC8B2D7
:1009500000EB400101EB00100E49002201EB800189
:1009600001230A614A614A62C1E906230A604A60BA
:100970008A600B622046CA6000F04EFE08B100F0AB
:1009800003FC204601F0C4F92046BDE810400221D6
:1009900000F0C8BDA061002010B58AB00C9C009189
:1009A00092B102930021CDE90321082205928DF82E
:1009B0001810216807916168002308911A4669465A
:1009C00007F036FD0AB010BD0193EBE70020704739
:1009D0000020704710B500220449054805F0F4F9DD
:1009E0000449034805F0E3F9002010BDAC140020D1
:1009F000D0070020AC0C002038B5044601460C4856
:100A000005F0D5F90A4805F0ABF90A4800236A4613
:100A10002146006807F0BCFD009838B106494FF048
:100A200080500860BFF34F8FBFF36F8F002038BD39
:100A3000D00700200C00002004ED00E000207047EB
:100A4000094A10B5D2F8BC22D2F814220AB101200A
:100A500010BD0A460146044805F0B6F9BDE810404D
:100A6000014805F02BBA0000D00700208EB00E4ED2
:100A70000E4F4FF0FF3809AD424605A9306807F028
:100A8000E7FD059CA4F201200228F5D8142229468E
:100A90006846FFF725FDDDE90612D7F800C02046BD
:100AA000089BE047E8E7000000000020A4010020C8
:100AB0008EB0164F164E4FF0FF3809AD424605A9CD
:100AC000386807F0C5FD9DF83000059C00F00F0068
:100AD0003080012811D0A4F580710F39EED1142295
:100AE00029466846FFF7FCFC0A48D0F804C0DDE957
:100AF00006122046089BE047E0E714222946684694
:100B0000FFF7EEFC0448D0F80CC0F0E7040000202A
:100B10007E0200207C01002088010020074800217F
:100B20000068B0F8442022B180F84610A0F84410C4
:100B30007047012280F84620F8E700008401002079
:100B40000D4810B5BAEE0C0A80ED030A80ED010ADB
:100B50009FED0A0AF2EE040A80ED040AB1EE080ADB
:100B6000143003F0B1FF0648002102220176C2755D
:100B70004176017710BD00000C64002000000000E9
:100B80008062002070B539483A4A3B4BB0F90610F4
:100B9000057B374802EE101A384CD0ED041AB8EE37
:100BA000C22A90ED060AF2EE040ABAEE0C1A02EE20
:100BB000210A012D10EE101A80ED060A04D0914290
:100BC00018DDC0ED060A1BE0914202DDC0ED060A09
:100BD00005E010EE101A994201D980ED061A94ED45
:100BE000040AD0ED061A012130EE210A84ED030A31
:100BF00041610DE010EE101A994201D980ED061AFC
:100C0000416909B1012903D190ED060A84ED030A77
:100C1000E168914202DDC4ED030A03E0994201D983
:100C200084ED031A90ED020A154DBDEEC00A10EED8
:100C3000101A05F8401F90ED030ABDEEC00A10EE31
:100C4000101A697090ED010A05ED040A90ED000A92
:100C50000A4805ED030A94ED030A143003F04CFF33
:100C600094ED030A05ED050A70BD000080620020C6
:100C7000F801002000002041000060C10C64002049
:100C8000A8620020FFF77EBF90ED000A90ED011AE8
:100C9000F0EEC00AB0EEC11AF4EEC10AF1EE10FA9D
:100CA00004D29FED070A80ED000A70479FED051AF8
:100CB000F0EE400A40EE410AC0ED000A7047000025
:100CC00000000000CDCC4C3E014801F0AFB8000060
:100CD00028070020014801F0A9B80000680600209C
:100CE000014801F0A3B80000C806002001681823DD
:100CF000CAB2103AB2FBF3F2054B6FF30901032AB3
:100D00009B5CC36500D9091D8165084670470000DA
:100D1000388F000810B5014600208B698A6A4FF0B1
:100D2000C07453B1B3F5005F15D072B1012A0CD075
:100D3000022A0AD0032A09D104E01AB1012A06D0F6
:100D4000022A03D1C96AC90100D5012010BDC96AB0
:100D5000A142FAD010BD002AF7D0012AF2D0022A0F
:100D6000F3D0032AF3D010BD30B50468256825F40C
:100D700080252560046863608368402B036803D086
:100D800099600068C26030BD9A600068C16030BD83
:100D900008B507F099FD009000F006F805216846B7
:100DA00007F038F9F8E700002DE9F05F9A482DEDDB
:100DB000028B417801297CD198490025457008882B
:100DC000C0F30A07A1F11600A7F5806707804A78EB
:100DD0002D37D3088A7843EA4213C3F30A06A6F5EF
:100DE00080664680CB78920942EA83030A7943EA17
:100DF0008223C3F30A03A3F58063838052084C79EE
:100E00005A2F42EAC412C2F30A02A2F58062C280DB
:100E100000D80580761D0A2E00D845805B1D0A2B60
:100E200000D88580521D0A2A00D8C580A209027206
:100E3000C4F301174772CB8843810B8983814B89A7
:100E4000C3810B7B03744B7B4374CB894382098A38
:100E5000A1F5806109B2818201F52571B1F5A56F17
:100E600000D985826E4C704B6B49677393ED000A15
:100E70000978DFF8B0B1491CBDEEC08A6B4E01F0B5
:100E8000FF094FF0010A032A04D0022A3BD0012AAD
:100E900071D096E039006FD0C188494221808188A5
:100EA00049426180012F05D0032F0ED0022F16D0AA
:100EB00020E0A9E08BF805A084F819A0828A5146A9
:100EC0000AB1717516E0757514E075757582357027
:100ED0008BF805506576A576818AA1800AE04E4A96
:100EE0005FEAC97182F8009002D084F820A001E086
:100EF00084F8205025734188E1800088208118EE15
:100F0000100A60816AE039005BD08046C0884042A8
:100F10002080B8F8040040426080B8F9020007F071
:100F200056FE9FED431B53EC112B07F067FE07F0B5
:100F30001FFEE080B8F800002081B8F91410A180ED
:100F400018EE102A84F80CA062813B4A5046012F0B
:100F500092ED000A394A82ED040A04D0032F19D019
:100F6000022F20D050E08BF805006076B1F5C87FE5
:100F700003DD70753AE022E023E001F28F1040F2C9
:100F80001F32904201D2757530E011F5C87F2DDA1D
:100F90000220EEE77575758235708BF80550657621
:100FA000A576A18027E01C4A5FEAC97182F800900B
:100FB00002D084F8200023E084F8205020E0032FA2
:100FC00008D0257325806580A5802581E5800320D4
:100FD000607310E003F04AFA03F0A6FF607B01287B
:100FE00004D0032807D002280AD00DE01449357533
:100FF000A1F804A008E0022030751148858003E0C4
:101000000F493575022088800E480068BDEC028BC0
:10101000BDE8F05F00470000AC010020FA6300204B
:101020008062002064020020600100203002002065
:101030009A9999999999C93F640100200C640020FC
:10104000780200207C01002012220249024802F0AE
:10105000FEBC0000FA63002020060020704700005C
:101060000648DFED070A90ED150AB8EEC00A30EE2B
:10107000600ABDEEC00A80ED150A7047F0620020DC
:10108000CDCCCC4610B501F04DF901462548264C93
:10109000027D12B9407D012813D00020A4F8500031
:1010A00034F94A0F00EE100A2148F8EEC00A9FED0D
:1010B0001F0A02F03FFFBDEEC00A10EE100A2083A7
:1010C00010BD184A121F1068081AB0F5FA6F02D343
:1010D000FFF7C6FF116094ED170A16491648F8EE9F
:1010E000C00A94ED150A4834B8EEC00A03F082FE37
:1010F000BDEEC00A10EE100A00B22081B4F9021051
:1011000000EE101AF8EEC00A00EE100A0848B8EE19
:10111000C00A02F00FFFBDEEC00A10EE100A608395
:1011200010BD000030020020F0620020000000002E
:10113000446500201C010020F064002010B530B18F
:10114000FFF7A0FF0C49088A401C088210BD0B4C19
:101150000020A4F8500034F94A0F00EE100A0948A4
:10116000F8EEC00A9FED060A02F0E4FEBDEEC00AEA
:1011700010EE100A208310BD30020020F062002023
:10118000000000004465002072B6FEE770B5254AF5
:10119000B2F908505088281A01B223480180B2F9E8
:1011A0002C30D28C9A1A12B24280002900DC4942BB
:1011B0000CB21D490839002A0C8000DC524200EEB6
:1011C000105ADFED1A0A16B2B8EEC00A4E8020EEB1
:1011D000200ABDEEC00A10EE101A00EE103A09B255
:1011E000B8EEC00A0180002920EE200ABDEEC00A38
:1011F00010EE102A12B2428000DC49420A4809B2BD
:10120000001F002A018000DC524212B242800648D0
:10121000001D8C4203DA964201DA012100E0002130
:10122000017170BDF062002060020020CDCC4C3D09
:1012300010B500F077F801F075F8334900220B780B
:101240008BB34B68C01AB0F5FA6F05D391ED020A63
:1012500081ED030A0A7013E001EE100A9FED2B2ABC
:10126000D1ED020AF8EE411AB6EE000A20EE800A2D
:1012700081EE821A70EEC00A00EE810A81ED030A47
:10128000B5EEC00A224CF1EE10FA10DDFDEEC00AF8
:10129000B1EE400A10EE900ABDEEC00A208110EEB9
:1012A000100AA08505E0FFE791ED020AE6E722813A
:1012B000A285B4F90200174900EE100AB4F908003B
:1012C000F8EEC00A00EE100A1348B8EEC00A03F0A8
:1012D000F8FCBDEEC00A114910EE100A6083B4F9A3
:1012E000260000EE100AB4F92C00F8EEC00A00EE59
:1012F000100A0B48B8EEC00A03F0E3FCBDEEC00ACA
:1013000010EE100AE08710BD480200200000FA44E9
:10131000F0620020A060002050640020E060002007
:10132000A0640020174810B5417EDFED170A17486A
:1013300011B1012903D006E0C0ED000A03E09FEDE2
:10134000140A80ED000A114C90ED000A1C3C84ED5B
:10135000020A607850B9B5EEC00AF1EE10FA05DD68
:1013600000F0E0FF60600120207008E0B5EEC00AE8
:10137000F1EE10FA04D800202070C4ED020A60706B
:1013800010BD000080620020000000006402002008
:101390000040B545F0B50446002500F1200103F0FA
:1013A0009FF894ED080A04F1300104F1280003F0DD
:1013B00009FB94ED090A04F13C0104F1340003F047
:1013C00001FB94F93000434EC0EBC002D4ED0A1A81
:1013D000D4ED0D0A94F93C0006EB820303EB800187
:1013E00061EEA02A91ED000A01EE105A94F93D1029
:1013F00094ED0B3A02EE801A94ED0E0A03EB810392
:1014000021EE802AD3ED001A94F93130C3EBC303E7
:1014100002EE211A06EB830663EE201A06EB800724
:1014200023EE003AD7ED000A06EB8106294F01EEC4
:10143000A01A96ED000AC43707EB820606EB800C73
:1014400006EB810603EE001ADCED000A00EE105AEE
:1014500002EEA00AD6ED000A07EB830606EB800732
:1014600006EB810602EE200AD7ED000A01EEA00A83
:10147000D6ED000A184E06EB820202EB800703EE5F
:10148000200AD7ED003A00EE905A02EB810242EEBC
:10149000A30AD2ED002A06EB830202EB800042EEA3
:1014A000220A90ED002A02EB810041EE820AD0ED83
:1014B000001A43EE210AF0EE081A81EE212A80EE8E
:1014C000211A84ED002A80EEA10A84ED011A84ED30
:1014D000020AF0BD588F0008E0900008094A21B1C7
:1014E000012904D002290BD108E0D16800E09168FD
:1014F000C14011F0010F03D0012070471169F7E7D7
:10150000002070475C63002010B5054C04E000BF6C
:1015100010F8013B5340E25C491EF9D2104610BD61
:10152000A491000890F82020012A07D0022A05D0B3
:10153000416A41F48021416201207047006842699C
:101540000A43426100207047F0B590F820500468CB
:10155000A468012D05D0022D03D0416A41F48021F9
:1015600057E014F0406F01D1E5004FD5C4F301649A
:101570000125A5401D608D684FF4C0739DB1CE68F4
:1015800035434E6845EAC605066803EB0417F55176
:101590004FF4C275076805EB04150E697E51097D8D
:1015A000012905D009E00E88CD6845EA4655EBE7EC
:1015B00001684E5946F480764E511179D5795679A5
:1015C00041EA056195792D0445EA062529434FF442
:1015D000C676056806EB0416A9511178D57841EA5C
:1015E0000561957852782D0445EA022211434FF4A3
:1015F000C475026805EB04155151006803EB041132
:10160000425842F0010242500020F0BD416A41F4CC
:10161000001141620120F0BD10B590F82020012A90
:1016200007D0022A05D0416A41F48021416201209D
:1016300010BD3B48D0F8002242F00102C0F8002261
:10164000D0F8002222F47C52C0F80022D0F8002208
:101650004B6A42EA0322C0F800220A7D02F01F030F
:1016600001229A40D0F81C329343C0F81C32CB6957
:10167000B3B9D0F80C329343C0F80C328C894B6864
:1016800064F31F434C6900EBC404C4F840320C8976
:101690000B6864F31F434C6900EBC404C4F8443284
:1016A000CB69012B16D1D0F80C321343C0F80C32A1
:1016B0000C884B6864F31F434C6900EBC404C4F806
:1016C00040320C89CB6864F31F434C6900EBC404BF
:1016D000C4F844328B69002BD0F804320ED0134387
:1016E000C0F804320B69002BD0F8143208D0134331
:1016F000C0F81432096A012904D008E09343EFE7E7
:101700009343F5E7D0F81C121143C0F81C12D0F82F
:10171000001221F00101C0F80012002010BD0000ED
:1017200000640040704770B590F82040012C05D04F
:10173000022C03D0416A41F4802128E0046809B3F7
:101740002469A40720D04FF4D874056804EB011471
:101750002D5915F00405956005682D591AD0ED082E
:10176000556005682C5904F00204D4604FF4DA7413
:10177000056804EB01142E5906F00F06082E0CD351
:1017800008250DE0E468DCE7416A41F4001141629C
:10179000012070BD6D0D1560E3E72D5905F00F05B3
:1017A000156105682D59C5F30725956105682C5904
:1017B000240C54614FF4DC72046802EB0112A4584B
:1017C0001C700468A458240A5C700468A458240C93
:1017D0009C700468A258120EDA704FF4DE7204682E
:1017E00002EB0112A4581C710468A458240A5C710D
:1017F0000468A458240C9C710468A258120EDA7173
:10180000006829B1016941F020010161002070BD2B
:10181000C16841F02001C160F8E72DE9F05F05469D
:10182000006800244669D0F804908768D0F80CB0AE
:10183000D0F810A0D0F81880F10748D0F90714D0DC
:1018400001218160B80703D5284600F08EFA0CE02C
:10185000780702D54FF4006407E0380702D54FF44B
:10186000805402E0284600F07FFAF80516D5296872
:101870004FF480708860B80503D5284600F077FAE9
:101880000CE0780502D544F4005407E0380502D591
:1018900044F4804402E0284600F068FAF80316D5C4
:1018A00029684FF480308860B80303D5284600F0DB
:1018B00060FA0CE0780302D544F4004407E03803F2
:1018C00002D544F4803402E0284600F051FA300793
:1018D00007D55FEACB6004D52968102044F4007472
:1018E000C86070074FF0080707D55FEA0B7004D592
:1018F0002868C760284600F0A9F9B00706D528680F
:10190000C068800702D0284600F0A2F9700607D50B
:101910005FEACA6004D52968102044F48064086135
:10192000B00607D55FEA0A7004D528680761284623
:1019300000F0EAF9F00606D528680069800702D0B1
:10194000284600F0E2F9B00308D55FEAC96005D582
:10195000296810204860284600F0D8F9F00307D520
:101960005FEA097004D528684760284600F002FA4B
:10197000300446D55FEA497040D5F00504D55FEAEA
:10198000C87001D044F00104B00504D55FEA887046
:1019900001D544F00204700504D55FEA487001D512
:1019A00044F00404300529D518F0700F26D008F053
:1019B0007000402815D006DC102809D020280AD055
:1019C000302816D10AE050280ED0602811D10EE040
:1019D00044F008040DE044F010040AE044F0200450
:1019E00007E044F0400404E044F0800401E044F4E3
:1019F00080742868816921F0700181612968042060
:101A00004860002C05D0686A204368622846FFF7CA
:101A100089FEBDE8F09F70B5040003D094F8200063
:101A200010B104E0012070BD204600F081F820686C
:101A3000016841F00101016000F074FC05460526D3
:101A400004E000F06FFC401B0A2811D820684068B1
:101A5000C007F6D02068016821F00201016000F0A3
:101A600061FC05460BE000F05DFC401B0A2806D92E
:101A7000606A40F40030606284F82060D2E7206839
:101A800040688007EFD4207E0128206801683DD09F
:101A900021F080010160607E01282068016838D053
:101AA00021F040010160A07E01282068016833D048
:101AB00021F020010160E07E0128206801682ED01D
:101AC00041F010010160207F01282068016829D0C1
:101AD00021F008010160607F01282068016824D09E
:101AE00021F004010160D4E902010843D4E90412A1
:101AF000114308436168491E08432168C8610020FA
:101B00006062012084F82000002070BD41F0800157
:101B1000C0E741F04001C5E741F02001CAE721F0EC
:101B20001001CFE741F00801D4E741F00401D9E703
:101B3000F0B587B0044614216846FEF703FD3E4B1E
:101B40003E48DFF8F0E01968D4F800C03B4A0325AE
:101B50000226092710300024491CF4452AD11960B7
:101B6000012907D1016841F000710160006800F0AF
:101B700000700590106840F0080010601068CDE912
:101B8000005600F00800CDE9047069462C48CDE904
:101B9000024500F0CFFA00220521132000F05AFC84
:101BA000132000F049FC00220521142000F052FC13
:101BB00014203AE0DFF88CE0F44538D1D0F800C0CA
:101BC0004CF0806CC0F800C0D0F800C001290CF0C7
:101BD000806CCDF814C0196007D1016841F0007124
:101BE0000160006800F000700590106840F002008D
:101BF0001060106802AB00F0020005906020CDE993
:101C0000000683E8B00069460F4800F093FA00220E
:101C100005213F2000F01EFC3F2000F00DFC0022BB
:101C20000521402000F016FC402000F005FC07B024
:101C3000F0BD0000006400403C000020303802404D
:101C4000000C0240006800400004024070470000A1
:101C5000F8B5274B02680021264C9A4200D001219A
:101C60002170C9B201EB4102234E02EB011106EBD8
:101C7000810202F1440300212832FFF754FD20784D
:101C800006F1980500EB400101EB001106EB810124
:101C900000EBC00005EB80001C222831FEF720FC81
:101CA000207800EB400202EB001206EB820300EB0F
:101CB000C001D3E9112305EB8101C1E9072388B1F4
:101CC0000E4800236A46006806F062FC009800286F
:101CD00007D00B494FF080500860BFF34F8FBFF320
:101CE0006F8FF8BD294600236A460648EBE70000DF
:101CF0000064004078010020A06100200400002062
:101D000004ED00E0000000207047704770470000BD
:101D100070B5044690F82000012804D0606A40F4B1
:101D20000020606218E0022084F82000206801682A
:101D300021F00101016000F0F5FA05460EE000BF58
:101D400000F0F0FA401B0A2808D9606A40F400301D
:101D50006062052084F82000012070BD2068406882
:101D6000C007EDD1606270BD704770477047704723
:101D70007047704770472DE9F0410446876D00F0C9
:101D8000D1FA064694F835000025022806D08020B6
:101D9000606584F834500120BDE8F0812068016856
:101DA00021F0160101602068416921F08001416144
:101DB000206C08B9A06C20B12068016821F00801EE
:101DC00001602068016821F0010101600CE000F071
:101DD000A9FA801B052807D920206065032084F814
:101DE000350084F83450D7E720680068C007EED18A
:101DF00094F85C103F208840B860012084F83500DA
:101E000084F834500020C7E790F83510022903D039
:101E10008021416501207047052180F83510006858
:101E2000016821F001010160002070472DE9F843AD
:101E300004464FF00009CDF8009063484FF4165166
:101E4000A56D0068B0FBF1F72E6894F85C100820CF
:101E500000FA01F131420FD021680A6852070BD510
:101E60000A6822F004020A6094F85C108840A860B6
:101E7000606D40F00100606594F85C104FF001085F
:101E800008FA01F0304208D021684969090604D5F2
:101E9000A860606D40F00200606594F85C1004205A
:101EA0008840304208D021680968890704D5A860B5
:101EB000606D40F00400606594F85C10102088406C
:101EC000304218D021680968090714D5A860206835
:101ED0000168490304D50068000308D5A16C07E038
:101EE0000168C90503D4016821F008010160216C73
:101EF00009B12046884794F85C1020208840304281
:101F000031D021680968C9062DD5A86094F835003C
:101F100005282068016806D0490347D500680003FA
:101F20001DD4616C1CE021F016010160206841693C
:101F300021F080014161206C08B9A06C20B12068BB
:101F4000016821F00801016094F85C103F2088408E
:101F5000A86084F8358084F83490216D1FE0E16B2F
:101F600009B120468847606D00282BD0606DC007FE
:101F700014D0052084F835002068016821F00101A3
:101F800001600098401C0090B84203D820680068A7
:101F9000C007F6D184F8358084F83490E16C0029CC
:101FA00010D001B02046BDE8F04308470168C905DC
:101FB000D5D4016821F01001016084F8358084F8DF
:101FC0003490CCE7BDE8F883B00000202DE9F04163
:101FD000044600F0A7F906465CB1022084F83500FB
:101FE000002584F834502068016821F00101016067
:101FF0000DE00120BDE8F08100F094F9801B052878
:1020000005D920206065032084F83500F2E72068B8
:102010000068C007F0D12268116820480140D4E967
:1020200001031843D4E90336334318436369184363
:10203000A3691843E3691843236A18430843616A94
:10204000042903D1D4E90B13194308431060206815
:102050004069666A20F0070130460E4301270428D4
:102060000CD1A06A0643E06A40B12046FEF752FE5A
:1020700020B14020606584F83570BAE72068466179
:102080002046FEF733FE94F85C203F2191408160AA
:10209000656584F835700020ACE700003F8010F0E3
:1020A0002DE9F0410446866D90F8340000250128A2
:1020B0000DD0012084F8340094F835700020012FF1
:1020C00007D084F8340002252846BDE8F0810220BC
:1020D000FBE7022784F8357060652046FEF744FE72
:1020E00094F85C103F208840B0602068016841F09F
:1020F00016010160206C20B12068016841F00801E0
:1021000001602068016841F001010160DCE7000026
:1021100070B5044600F006F90546601C02D004487C
:102120000078044400F0FEF8401BA042FAD370BDD2
:10213000A40000202DE9F84FDFF8BCA10022012502
:1021400003264FF00F090AF1040BAAF1040E00BF99
:102150000B6805FA02F42340A34270D10F7907F00F
:102160000307012F01D0022F16D187684FEA4208DA
:1021700006FA08FC27EA0C07D1F80CC00CFA08FC98
:102180004CEA070CC0F808C04768A7430C79C4F3B1
:10219000001494403C4344600C79E443A4070AD003
:1021A000C4684FEA420C06FA0CF7BC438F6807FA82
:1021B0000CF72743C7600C7904F00304022C12D1FA
:1021C000D40800EB840CDCF820405707FF0E09FA16
:1021D00007F824EA0804D1F8108008FA07F848EA5A
:1021E0000408CCF8208004684FEA420C06FA0CF789
:1021F000BC430F7907F0030707FA0CF72743076082
:102200004C6814F4403F70D03C4C276847F480473A
:102210002760246822F0030704F480440094384CBB
:1022200007EB040CDCF8084897074FEA177809FA1F
:1022300008F7BC43334FB84202D1002724E054E0F2
:10224000314FB84201D101271EE0304FB84201D1D1
:10225000022719E02E4FB84201D1032714E02D4F79
:10226000B84201D104270FE02B4FB84201D1052716
:102270000AE02A4FB84201D1062705E0284FB842AC
:1022800001D1072700E0082707FA08F72743CCF811
:102290000878DAF800405746D1F804C09C435FEA5A
:1022A000CC2C00D51C433C60DBF800405F46D1F8E5
:1022B00004C09C435FEA8C2C00D51C433C60DEF8D4
:1022C00000407746D1F804C09C435FEA8C3C00D5BF
:1022D0001C433C60084F083F3C68D1F804C09C4355
:1022E0005FEACC3C00D51C433C60521C102AFFF432
:1022F0002FAFBDE8F88F0000083C01404438024091
:10230000003001400000024000040240000802408A
:10231000000C02400010024000140240001802406D
:10232000001C02400148806870470000A4000020A3
:10233000024881680278114481607047A40000203F
:102340000B4810B5016841F400710160016841F467
:1023500080610160016841F480710160032000F038
:1023600099F80F2000F006F800F04AF8002010BDA0
:10237000003C024030B505461C4887B00024016887
:1023800041F001010160006806A900F00100009021
:1023900001A800F0E5FE00F019FF15494000B0FB70
:1023A000F1F11548134A491E026040F2E732C0E9D4
:1023B0000324C0E90114846101F034FA040012D14D
:1023C0000D4801F05DFA04000DD1192000F034F839
:1023D000102D07D200222946192000F03BF80748AB
:1023E000056000E0012407B0204630BD44380240BB
:1023F00040420F000000014088070020A800002094
:102400000C4882B0016841F480410160006800F42A
:10241000804000900748001F016841F08051016032
:102420000068002200F0805000900F21901E02B042
:1024300000F010B844380240002809DB00F01F0209
:10244000012191404009800000F1E020C0F8001116
:1024500070470000F0B40E4B1B680C46C3F3022318
:10246000C3F10705042D00D90425191D072901D240
:10247000002300E0DB1E012606FA05F1491E21407B
:1024800099409E40761E16403143F0BC05F02BB9B2
:102490000CED00E0064900F0070208684FF6FF0364
:1024A000184040EA0220034A1043086070470000C9
:1024B0000CED00E00000FA05704700684162002062
:1024C0007047F0B50368586A39B19C6A4FF4827658
:1024D00000EB144400204D1E0AE040EA02409862DE
:1024E0000FE006EB8007DF59401C04EB1744C0B235
:1024F000A842F6D344EA02404FF4807202EB810115
:1025000058500020F0BDD0F8E00403F070BF01EB9C
:10251000C10200EB8202D0F8E004126A03F0C1BEEF
:1025200001EBC10200EB8202D0F8E004D2F8602295
:1025300003F013BFD0F8E00403F05BBF0A0601F01C
:102540000F0101EBC10100EB810101D5143101E064
:1025500001F51571006804F041BE70B504460B0624
:1025600001F00F0000EBC00104EB81014FF001020C
:102570004FF0000502D54A75143103E081F8555239
:1025800001F51571087094F89404012808D084F8B6
:102590009424206804F03CFB84F89454002070BD1F
:1025A000022070BD70B5044601F00F002279904200
:1025B00001D9012070BD0B0601F00F0101EBC10133
:1025C00004EB81014FF001024FF0000502D54A757E
:1025D000143103E081F8555201F515718D700870C2
:1025E00094F89404012808D084F89424206804F016
:1025F00081FC84F89454002070BD022070BD01F06D
:102600000F0101EBC10100EB8100D0F868027047B7
:102610002DE9F04104460F0601F00F0000EBC00168
:1026200004EB81014FF001064FF0000502D54E7515
:10263000143103E081F8555201F51571C2F30A0215
:1026400008708A600B714A7802B14883022B00D16E
:102650004D7194F89404012809D084F8946420689A
:1026600004F024FA284684F89454BDE8F08102204E
:10267000FBE710B501F00F0404EBC40100EB81018E
:10268000C1E998230023C1F8683281F8553281F8F6
:102690005442837901F51571012B00D1CA61827909
:1026A000006804F07FFC002010BD70B504460D46A4
:1026B00001F00F002179884201D9012070BD29065F
:1026C0004FF000064FF0010206D500EBC00104EB0D
:1026D00081014A75143107E005EBC50104EB810166
:1026E00081F8556201F515718A70087094F89404A8
:1026F000012807D084F89424206804F027FC2807D8
:1027000002D007E0022070BDA17904F29C4220684B
:1027100004F0C4FB84F89464002070BD10B501F08F
:102720000F0404EBC40100EB8101C1E9082300237D
:102730008B6201234B7501F8144F8379012B00D173
:10274000CA618279006804F02DFC002010BD0000F1
:102750002DE9FC5F05680446284604F0DBFD0028EF
:102760007DD1206804F002FE002878D0D5F8080852
:10277000C0F30D20C4F8D404206804F0F7FD8007EE
:1027800004D52068416901F002014161206804F02C
:10279000EDFDC10604F29C40009034D520688169AB
:1027A00021F0100181612F6A07F00F0000EBC000DB
:1027B00004EB8006C7F3434006F51576022802D0E5
:1027C000062811D01AE047F6F070074216D0C7F37A
:1027D0000A1217462846F16804F0CCFDF068384428
:1027E000F0607069384408E008222846009904F037
:1027F000C1FD7069C7F30A110844706120688169DE
:1028000041F010018161206804F0B0FD00034FF039
:10281000080B4FF0000A4FF001097CD50026206814
:1028200004F083FD074674E0F80770D0F1B2206829
:1028300004F094FD8046C00707D005EB4611C1F8AF
:10284000089B3146204602F085F95FEA087024D5DE
:1028500005EB4611C1F808BB2068016C00E023E2DB
:1028600000EB46100191D0F8082BFB4B994205D99B
:10287000110403D54FF40041C0F8081B204600F0B6
:10288000F6FAF5490198884207D9A079012804D1C0
:1028900020680121009A04F001FB5FEAC86004D5BA
:1028A00005EB46111020C1F8080B5FEA88701DD5B2
:1028B0006869000605D5D5F8040840F48061C5F8BC
:1028C000041806EBC60004EB800090F8571200F5E0
:1028D0001570012905D180F803A0F1B2204600F05F
:1028E000E9F905EB46110220C1F8080B5FEA8860A0
:1028F00004D505EB46102021C0F8081B5FEA88408C
:1029000005D505EB46104FF40051C0F8081B7F08B1
:10291000761C002F88D1206804F028FD40036ED576
:10292000206804F0FBFC0746002666E0F80762D04A
:10293000F1B2206804F000FD8046C00723D006F005
:102940000F01D5F8342809FA01F18A43C5F8342873
:1029500005EB4611C1F80899A07901280FD106EBC3
:10296000C60004EB8000D0E907211144016236B9AA
:10297000606A20B920680121009A04F08FFAF1B250
:102980002046FFF7C4FD5FEA087003D505EB46114A
:10299000C1F808B95FEAC86004D505EB46111020FC
:1029A000C1F808095FEA486004D505EB46104021EC
:1029B000C0F808195FEA887016D53146284604F039
:1029C0007EFC06EBC60004EB8000C17D14300129BB
:1029D00005D180F803A0F1B2204600F067F905EBBD
:1029E00046110220C1F808095FEA086003D53146A4
:1029F000204602F015F97F08761C002F96D120683A
:102A000004F0B4FC002811DAD5F8040820F0010124
:102A1000C5F8041894F8CC0401282BD0204600F007
:102A20000BFA2068416901F000414161206804F01F
:102A30009DFC00050BD5D5F80808C00702D020463C
:102A400000F03EFA2068416901F4006141612068AC
:102A500004F08CFCC00467D5D5F8040820F0010010
:102A6000C5F804081021206804F029FC00214FF665
:102A70007F3220E084F8CCA400212046FFF71CFD23
:102A8000CFE700BF05EB4110C0F80829D0F80039A6
:102A900023F40013C0F80039C0F8082BD0F8003B2D
:102AA00023F40013C0F8003BD0F8003B43F0006370
:102AB000C0F8003B491C20798842E3D8D5F81C08AF
:102AC00040F00111C5F81C18E07B002828460DD005
:102AD000D0F8840840F00B01C5F88418D5F84408F4
:102AE00040F00B012846C5F844180DE0D0F8140852
:102AF00042F22B010843C5F81408D5F8100840F03D
:102B00000B012846C5F81018D0F8000820F4FE6123
:102B1000C5F80018A1792068009A04F0BFF9206870
:102B2000416901F480514161206804F01FFC800478
:102B300015D5206803F0FAFF206804F0DEFBE07191
:102B400000F02EFB0146E279206804F071FC20467B
:102B500000F05CF92068416901F40051416120688E
:102B600004F004FC000707D5204600F069F920684E
:102B7000416901F008014161206804F0F7FB00069B
:102B800016D5A86920F08001A96101260DE000BFDB
:102B900006EBC60004EB800090F85702012803D131
:102BA000F1B22046FFF7CAFC761C2079B042EFD87C
:102BB000206804F0DBFBC0021FD501264F4614E05D
:102BC00005EB4610D0F8000906EBC60104EB8101C5
:102BD0000A7E012A08D1002806DACF75F0B240F04B
:102BE00080012046FFF7AAFC761C2079B042E7D886
:102BF0002068416901F480114161206804F0B6FB4E
:102C0000800234D501204A4629E000BF05EB40117F
:102C1000D1F8001B00EBC00304EB830393F8586268
:102C2000012E1BD1002919DA94F8D464C1F30041B4
:102C300006F001068E4211D183F85722A96941F0AE
:102C40008003AB616969090608D4D5F8040840F42B
:102C50000070C5F8040805E00A30544F401C217983
:102C60008142D3D82068416901F400114161206894
:102C700004F07CFB400007D52046FFF744FC2068A9
:102C8000416901F080414161206804F06FFB400719
:102C90000AD520684568680702D52046FFF74AFC38
:102CA0002068416829434160BDE8FC9FD0F8E004FA
:102CB00003F0F1BBD0F8E00403F001BCF8B5040068
:102CC00005D094F895042668002510B106E001208F
:102CD000F8BD84F89454204600F056F8032084F898
:102CE0009504B6F1A04F00D1A571206804F0D0F88A
:102CF000207C8DF8000094E80F0003F025FF0226E9
:102D0000B8BB0021206804F054FB90BB00200127D1
:102D10000DE000BF00EBC00104EB81014F750875A9
:102D2000C8850D76CD610D62401CC0B24D6221791F
:102D30008142EFD8002011E000EBC00104EB8101DB
:102D400081F8555281F8540281F85852C1F85C520A
:102D5000C1F86052401CC0B2C1F86452217981426E
:102D6000EAD8207C8DF8000094E80F0003F0D2FF31
:102D700010B184F89564AAE7657484F895742068A6
:102D800003F0BAFF0020F8BD10B586B00446142148
:102D90006846FDF7D7FB2068B0F1A04F2FD1194846
:102DA0000021026842F001020260006800F00100A8
:102DB00005904FF4C05000900220CDE9010103209E
:102DC00003900A20049069460F48FFF7B3F90D48B5
:102DD000001D016841F0800101600A48143001685B
:102DE00041F4804101600068002200F480400590B9
:102DF00005214320FFF72EFB4320FFF71DFB06B004
:102E000010BD0000303802400000024070B504469A
:102E1000C079012570B1022801D0FEF7B5F9294625
:102E2000D4F8E00403F0BAFBD4F8E004BDE8704045
:102E300003F06EBB0025F2E7D0F8E00403F097BB87
:102E4000D0F8E00403F09DBB10B5044690F894045C
:102E500001280AD0012084F894046174206804F0E9
:102E6000D6FA002084F8940410BD022010BDD0F8DA
:102E7000E02400F29C41104603F09CBB10B50446D0
:102E8000006894F89414012909D0012184F894145D
:102E9000C168490609D5617B012902D005E00220FD
:102EA00010BD816B41F480318163206804F0E5F945
:102EB000206803F013FF002084F8940410BD000084
:102EC00010B50446D0F8E00403F0B6FB2068D0F853
:102ED000001E41F00101C0F8001EE07A002804D075
:102EE0000248016841F00601016010BD10ED00E0EC
:102EF0002DE9F843054600684FF00109C1074FF07E
:102F0000000601D1400727D5DFF80C81C8F86860BA
:102F1000FFF708FA0746414C05E000BFFFF702FA49
:102F2000C01B022857D820680001F7D468688101C7
:102F3000287A41EA0070394984310860C8F86890FD
:102F4000FFF7F0F9074604E0FFF7ECF9C01B022891
:102F500041D820680001F7D52878800752D52F483E
:102F60004030016841F08051016000682C4C00F055
:102F700080500090206840F480702060FFF7D2F904
:102F8000074604E0FFF7CEF9C01B022823D82068CB
:102F9000C005F7D5214C7034206810F4407020D063
:102FA000A98901F4407181421BD020681D4920F499
:102FB0004070C1F800900E6020602068C00710D0FB
:102FC000FFF7B0F9064641F2883707E0FFF7AAF9A4
:102FD000801BB84202D90320BDE8F883206880072F
:102FE000F4D5E9680D48C1F301220830032A0BD05B
:102FF000016821F4F81101602068A989C1F30B016F
:10300000084320600020E7E70268074B22F4F8122B
:1030100019400A430260EFE70000474200380240CF
:1030200000700040400E4742FFFCFF0F2DE9F047C3
:103030000E46050065D0DFF81481D8F80000F7B21D
:1030400000F00700B04207D288F80070D8F80000FE
:1030500000F00700B04254D128683D4C810712D5DA
:10306000400703D5206840F4E0502060287800072E
:1030700003D5206840F4604020602068A96820F0F3
:10308000F000084320602878C0072DD030496868D8
:103090000839012812D0022813D0032811D009685A
:1030A000890700292DDA216821F0030101432160FD
:1030B000FFF738F9814641F2883A0EE00968890342
:1030C000EFE709688901ECE7FFF72CF9A0EB0901AC
:1030D000514502D90320BDE8F0872068696800F0F7
:1030E0000C00B0EB810FEFD1D8F80010404601F092
:1030F0000701B14207D90770006800F00700B0422D
:1031000001D00120E7E72878400705D52068E96865
:1031100020F4E050084320602878000706D5206896
:10312000296920F4604040EAC100206000F05EF8A8
:103130002168084AC1F30311515CC8400649086080
:1031400006480068FFF716F90020C4E7003C02407B
:1031500008380240408F0008B0000020A80000207E
:103160000F2202600C4A136803F0030343601368E4
:1031700003F0F0038360136803F4E053C360126844
:103180004FF4E05303EAD20202610448006800F001
:10319000070008607047000008380240003C024009
:1031A0000148006870470000B0000020044805494D
:1031B00000680968044AC1F38221515CC840704725
:1031C000B000002008380240508F0008044805492C
:1031D00000680968044AC1F34231515CC840704735
:1031E000B000002008380240508F0008154810B584
:1031F000006810F00C02144813D01449042A0FD0B0
:10320000082A0ED10F4C241F2268236802F03F02C7
:103210005B0207D52068C0F38810A0FB010106E01F
:10322000084610BD2168C1F38811A1FB00010023ED
:10323000FDF79AF82168C1F30141491C4900B0FB30
:10324000F1F010BD083802400024F400001BB70064
:103250002DE9F84F04006ED02078DFF84C93C007BA
:10326000A9F104054AD009F104000168C1F3810104
:10327000012908D00068C0F3810002280AD1D9F8DA
:103280000000400206D52868800337D56068002812
:10329000E1D033E06068B0F5803F10D0B0F5A02FEA
:1032A000286810D020F480302860286820F480201E
:1032B00028606068A8B1FFF735F806460DE0286879
:1032C00040F48030F4E740F480202860F7E700BF46
:1032D000FFF728F8801B642873D828688003F7D587
:1032E0000CE0FFF71FF8064605E000BFFFF71AF8ED
:1032F000801B6428F0D828688003F7D42078DFF892
:10330000AC8280074FF0000A3ED5A748001D016837
:1033100011F00C0F08D00068C0F3810002280BD117
:10332000D9F80000400207D42868800716D5E06865
:10333000012800D112E033E1E068B8B10120C8F8FB
:103340000000FEF7EFFF064605E000BFFEF7EAFFCC
:10335000801B0228C0D828688007F7D52868216913
:1033600020F0F80040EAC10028600DE0C8F800A095
:10337000FEF7D8FF064604E0FEF7D4FF801B0228C4
:103380001FD828688007F7D42078000722D5864FF9
:1033900087486169703771B101210160FEF7C2FF92
:1033A000064604E0FEF7BEFF801B022809D83868F5
:1033B0008007F7D50EE0C0F800A0FEF7B3FF064681
:1033C00005E082E0FEF7AEFF801B02287DD838685A
:1033D0008007F7D42078400768D5DFF8CCB1002704
:1033E0000BF13C0BDBF80000C0000BD4DBF8001045
:1033F00041F08051CBF80010DBF80000012700F00D
:10340000805000906B4E3068C00510D4306840F496
:1034100080703060FEF786FF009005E0FEF782FFC7
:103420000099401A022850D83068C005F6D55E4E83
:10343000A0686C3601280FD00528306810D020F025
:1034400001003060306820F004003060A068B8B13E
:10345000FEF768FF00900FE0306840F00100F4E7ED
:1034600040F004003060F7E7FEF75CFF0099411A76
:1034700041F28830814266D830688007F4D50EE08A
:10348000FEF750FF009007E0FEF74CFF0099411A4D
:1034900041F28830814256D830688007F4D42FB189
:1034A000DBF8001021F08051CBF80010A069C8B300
:1034B0003D49091D0968C1F3810102294AD002284A
:1034C000504607D0C8F8600000E03CE0FEF72AFF55
:1034D00004463BE04746C8F86000FEF723FF064677
:1034E00005E000BFFEF71EFF801B02282BD82868CE
:1034F0008001F7D4D4E907010843A16A2E4A49089C
:1035000002EB0141626A41EA8211084394F82C10EF
:1035100040EA0161C9F8001001203866FEF702FF99
:10352000044606E03EE000BFFEF7FCFE001B02285A
:1035300009D828688001F7D534E000BFFEF7F2FE15
:10354000001B022802D90320BDE8F88F28688001FB
:10355000F4D427E00128F7D0D9F80000E26900F49C
:10356000800191421CD1226A00F03F01914217D1A3
:1035700047F6C071626A0140B1EB821F10D1A26AA6
:103580004FF0FF3300F4403103EB5202B1EB024F36
:1035900006D194F82C1000F07060B0EB016F01D0F0
:1035A0000120D1E70020CFE7043802400000474265
:1035B000800E4742007000400000FFFF10B504007D
:1035C00002D0607F10B106E0012010BD00202077FE
:1035D000204600F041F8022060772068C168C943A6
:1035E000C90632D5CA21416221685320486220466B
:1035F00001F060FC20BB20688168164A11408160A0
:103600002168886862681043D4E904231A43104390
:1036100088602168E068086120680169228941EAC0
:1036200002410161204601F069FC48B921680A6C39
:1036300022F480220A6421680A6CA3691A430A648E
:103640002268FF21516208B110BD0020012161777D
:1036500010BD0000BFFF8FFF1FB500210091019139
:10366000029103910068084988420CD10220009021
:10367000000203906846FFF73BFC08B1FDF784FDAC
:103680000249012008601FBD002800403C0E47424F
:1036900070B50446007F0B46012819D00126267715
:1036A00002206077B2B19878D97840EA014558781D
:1036B0001978000240EA413005432168CA20486277
:1036C000216853204862204601F0F4FBD0B122E08B
:1036D000022070BD5878C10603D500F0EF000A3013
:1036E0005870D87801F0DAFB0204587801F0D6FB64
:1036F00042EA0022987801F0D1FB0243187842EAAE
:103700004035DAE70748054020684560204601F06B
:10371000F5FB00B966772268FF215162002121770D
:1037200070BD00003FFFFF002DE9F0410446007F1F
:103730000D46012823D04FF0010884F81C80022098
:1037400060772068002780684FEA4060D2B1002887
:1037500000DBEF70A878297840EA01466878E978BC
:10376000000240EA815006432168CA20486221686D
:1037700053204862204601F09DFBB8B12CE00220A6
:10378000BDE8F081002800DBEF70287801F086FBAF
:103790000204687801F082FB42EA0022A87801F076
:1037A0007DFB0243E87842EA8056DDE70D4806409B
:1037B000206806602068816821F480218160D5E955
:1037C0000301084321688A6810438860204601F09D
:1037D00095FB08B984F81D802268FF215162277784
:1037E000CEE700007F7F7F0070B504460B4821685C
:1037F000C860FEF797FD05464FF47A7607E000BFF4
:10380000FEF790FD401BB04201D9032070BD206837
:10381000C0688006F4D5002070BD00005F7F010005
:103820007047704710B5040003D094F83D0010B104
:1038300007E0012010BD002084F83C00204600F085
:103840001EF8022084F83D00211D206801F068FE6A
:10385000012084F8460084F83E0084F83F0084F894
:10386000400084F8410084F8420084F8430084F862
:10387000440084F8450084F83D00002010BD7047E6
:1038800090F83D10012901D001207047022180F8F5
:103890003D100168CA6842F00102CA60006811491F
:1038A000884214D0B0F1804F11D00F4988420ED019
:1038B0000E4988420BD00E49884208D00D498842F3
:1038C00005D00D49884202D00C49884204D1816854
:1038D00001F00701062903D0016841F001010160F0
:1038E0000020704700000140000400400008004034
:1038F000000C00400004014000400140001800405E
:1039000070472DE9F04104460068C66805694FF02C
:103910000007A90713D5B10711D5F91E01610120D0
:103920002077206880698007204602D0FFF7E8FFF3
:1039300004E000F07EF8204600F07CF82777680766
:1039400016D5700714D521686FF0040008610220B5
:1039500020772068806910F4407F204602D0FFF76E
:10396000CFFF04E000F065F8204600F063F8277709
:10397000280715D5300713D521686FF008000861B6
:10398000042020772068C0698007204602D0FFF716
:10399000B7FF04E000F04DF8204600F04BF8277721
:1039A000E80616D5F00614D521686FF010000861FE
:1039B000082020772068C06910F4407F204602D09C
:1039C000FFF79EFF04E000F034F8204600F032F8E4
:1039D0002777E80708D0F00706D021686FF00100CC
:1039E0000861204600F028F8280608D5300606D5DC
:1039F00021686FF0800008612046FFF711FF68061C
:103A000008D5700606D521686FF040000861204691
:103A100000F01CF8A8060AD5B00608D521686FF09A
:103A2000200008612046BDE8F041FFF7FABEBDE87E
:103A3000F08170477047000000680349884201D157
:103A4000FEF776BC7047000000000140704738B5B3
:103A5000044690F84200202801D0022038BD51B120
:103A60004AB10120206300206063204601F05AFF24
:103A7000216B012901D0012038BD21680A684968FD
:103A8000009121680C3151E8002F42F0100241E80A
:103A90000023002BF5D138BD00680349884202D1CC
:103AA000024901200870704700480040AD01002025
:103AB00070470000F8B5016804460868CA684B6999
:103AC00010F00F0F4FF0000559D003F0010602F47B
:103AD0009077374365D0C10705D0D10503D5616C18
:103AE00041F001016164410705D5D90703D0616C3C
:103AF00041F002016164810705D5D90703D0616CEB
:103B000041F004016164010707D502F0200131434F
:103B100003D0616C41F008016164616C00293AD006
:103B2000800604D5900602D5204601F014FE2068D8
:103B30004069616CC0F38010090700D460B320466F
:103B400001F0D4FD20684069400621D5206814307A
:103B500050E8001F21F0400140E80012002AF5D192
:103B6000E06BA8B172490165E06BFEF74DF90028E2
:103B700011D0E06B016D01B0BDE8F040084783064D
:103B80000FD593060DD52046BDE8F84001F0E3BD02
:103B90002046FFF78DFFF8BD2046FFF789FF6564DB
:103BA000F8BD266B2023012E7ED1C6067CD5D60615
:103BB0007AD508684868009048694FF002064006C8
:103BC0004DD5E26B106840684FF480770004000C1C
:103BD0003AD0A18D814237D9E085D069B8422DD045
:103BE00020680C3050E8001F21F4807140E800127A
:103BF000002AF5D12068143050E8001F21F001019F
:103C000040E80012002AF5D12068143050E8001F67
:103C100021F0400140E80012002AF5D184F842303A
:103C2000256320680C3050E8001F21F0100140E8A7
:103C30000012002AF5D1E06BFEF79DF86663A08DB7
:103C4000E18D401A81B206E0A18D8142A8D1D069F0
:103C5000B842A5D166632046FFF71EFFF8BDA08DD0
:103C6000E18D401A81B2E08D0028F7D00029F5D00F
:103C700020680C3050E8002F22F4907240E80027B2
:103C8000002FF5D12068143050E8002F22F00102F7
:103C900040E80027002FF5D184F8423025632068E2
:103CA0000C3050E8002F00E006E022F0100240E85F
:103CB0000023002BF3D1CDE705062BD5150629D51A
:103CC00094F841002128C9D1A068B0F5805F01D1E6
:103CD0002069B0B1206A411C2162216800784860E7
:103CE000E08C401E0004000CE084B7D12068C1685D
:103CF00021F08001C1602068C16841F04001C160CD
:103D0000F8BD206A0088C0F308004860206A801C63
:103D10002062E5E74006F3D55006F1D5CA68204693
:103D200022F04002CA6084F8413000F001F9F8BD89
:103D3000F155000870B5040004D094F84100002546
:103D400010B106E0012070BD84F84050204600F01C
:103D500023F8242084F841002068C16821F4005130
:103D6000C160204601F058FD2068016921F49041AE
:103D700001612068416921F02A0141612068C16820
:103D800041F40051C1606564202084F8410084F84A
:103D900042006563002070BD2DE9F04F87B00546F5
:103DA00014216846FCF7CEFB574B2968574802267A
:103DB0000327072200244FF000694FF4806A4FF474
:103DC000807B99425FD1514914310B6843F0100355
:103DD0000B60096801F010010591016841F00201D2
:103DE0000160016801F002010591016841F00101E3
:103DF0000160006802AB00F0010005908020CDE971
:103E00000006904683E8900169464148FEF792F922
:103E10003002CDE9000602AB694683E890013D48D7
:103E2000FEF788F93D4F3C48D0463860C7E9019419
:103E3000C7E9034A7C61C7E9064B3C625E463846E7
:103E40007C62FEF7C3F808B1FDF79EF9EF63BD632E
:103E5000324F314860377830E7E802094020A7E860
:103E600011012E4847F814496030C7E906463C6204
:103E70007C62FEF7ABF808B1FDF786F9AF63BD636E
:103E800007B0BDE8F08F264B9942F9D11F49103198
:103E90000B6843F480230B60096801F480210591CD
:103EA000016841F0040101600068029400F0040020
:103EB00005904FF44060CDE90006CDE903726946F4
:103EC0001848FEF737F9154E1748C0363060C6E976
:103ED0000194C6E9034A7461C6E9064B4FF44030C9
:103EE000C6E908043046FEF771F808B1FDF74CF951
:103EF000EE63002205212720B563FEF7ABFA2720E9
:103F0000FEF79AFABCE7000000100140303802408A
:103F100000040240000002404064024068060020A5
:103F20000048004000080240286002407047704787
:103F30007047FEE710B5044680EC020A30EE600AD6
:103F400080ED020AD0ED030AD0ED081A30EE601AB7
:103F500021EE211A80ED0C1A90ED091A21EE001ABB
:103F600080ED0D1AB0EE001A00EEC10AD0ED040A81
:103F700004F1340030EE200AD4ED0A0A20EE200AC3
:103F800084ED0E0A94ED120AB8EE400A03F0BBFB72
:103F900094ED0C0AD4ED0D0A04F1400030EE200A35
:103FA000D4ED0E0A30EE200AD4ED100A30EE200ACD
:103FB00084ED100A94ED110AB8EE400A03F0A3FB59
:103FC00094ED030A84ED040A94ED020A84ED030AD9
:103FD00094ED100A10BD000000F1200383EC030AE9
:103FE000C0E911129FED0A0A80ED0C0A80ED0E0A5D
:103FF00080ED0D0A80ED020A80ED030A80ED040ACF
:1040000080ED100A80ED010A80ED000A7047000083
:1040100000000000F0B500230A24302537261F4693
:1040200011E000BFB4EB107F02D905EB107C01E07A
:1040300006EB107C01F813C001EB430C00015B1C84
:104040008CF80170DBB29342ECD3F0BD10B58AB0AE
:1040500001200290002008210490CDE905018DF88F
:104060001C00FF208DF820008DF821008DF8240021
:104070008DF822008DF825008DF823008DF826009C
:10408000FC208DF8270008A8009005480123002295
:104090004468054803490068A0470AB010BD000005
:1040A00070010020900500200800002090ED010A1A
:1040B000FCEEC00A10EE901A018480ED0F0A002178
:1040C0000187704710B58AB00120029000200821B6
:1040D0000490CDE905018DF81C00FF208DF820002B
:1040E0008DF821008DF824008DF822008DF8250030
:1040F0008DF823008DF82600FE208DF8270008A8F3
:1041000000900548012300224468054803490068DF
:10411000A0470AB010BD00007001002090050020EB
:10412000080000200FB4F2EE090A70B52DED028BE5
:104130009DF83400DFED668A069D664C6D1E000911
:1041400054F82510B1EE0C8A91ED010ABCEEC00ABC
:1041500010EE102A0A8454F825100880BDF83500A6
:1041600040BA00EE100A54F82500B8EE400A80ED7F
:10417000060A9DF837009DF83810000140EA11103A
:1041800000EE100A54F825001021B8EE400A80ED28
:10419000070A9DF8390000EE100A54F82500B8EE21
:1041A000400A80ED040A54F8250090ED060ABDEEA1
:1041B000C00A10EE100ABAEE090A03F0FFFD54F827
:1041C0002500F6EE000A80ED010A20EE200A54F8E0
:1041D0002500DFED410A0C2120EE200ADFED3F0A29
:1041E00020EE200AF0EE680A80ED010A54F825005E
:1041F00090ED070ABDEEC00A10EE100A9FED380AD6
:1042000003F0DCFD54F825000C21F0EE480A80EDA7
:10421000020A54F8250090ED040ABDEEC00A10EE23
:10422000100AB9EE0C0A03F0C9FD54F8250080ED20
:10423000050A54F825109DF83A00087354F8251023
:104240009DF83B00487354F82500018CD0ED010A1D
:1042500000EE101A2349B8EE400A30EEC00A10EE04
:10426000102A8A4202D9028F521C028754F8250074
:10427000028CD0ED010A00EE102AB8EE400A30EEB2
:10428000600A10EE102A8A4202D9018F491E018766
:1042900054F82500B0F93810D0ED010A490300EEBA
:1042A000101AB8EEC00A30EE800A80ED0F0A54F8FA
:1042B000250030F8441F491C018054F825100120C6
:1042C00081F84200BDEC028B70BC5DF814FB00006D
:1042D0000000484384010020DB0F494000001042E9
:1042E000000048C30020CBC508B504F0EDFA0A4E23
:1042F0000A4C0B4DCDF80000B4F8440029888842E0
:1043000001D170688047B4F84400288001216846D4
:1043100003F080FEF0E7000088010020A862002082
:10432000840200202DE9F04104462DED068BF0EECD
:1043300060AAF0EE419AB0EE42AADFED2C0AB0EE90
:10434000619A9FED2C1A20EE200AF0EE000ADFEDB4
:104350002A8AB1EE0C8A20EE200ADFED250A102011
:1043600020EE200ADFED250A03F0E2F907460C20D3
:10437000B0EE681ADFED220AB0EE6A0A03F0D8F94F
:1043800006460C20B0EE481AF9EE0C0AB0EE4A0AC6
:1043900003F0CEF99FED1C8A80460C209FED191A80
:1043A000F0EE480AB0EE690A03F0C2F905460C20A7
:1043B000B1EE041AF0EE480AB0EE490A03F0B8F97B
:1043C000390A217067703109A170310141EA152164
:1043D000E170257101096171010141EA1820A071A4
:1043E00084F80780BDEC068BBDE8F0810000003941
:1043F000DB0F4940DC0F494000004843DC0F49C057
:10440000000048C30000FA430000000081627047CA
:104410002DE9F04115460E4680460024114F12E06A
:1044200008EB840090ED000A0E4803F095F9002097
:10443000395C696029684906FCD5401CC0B2042873
:10444000F6D3641CA4B2B442EAD3074900200A5C44
:104450006A602A685206FCD5401CC0B20428F6D314
:10446000BDE8F081F4010020A494000870B51B4859
:104470000125017C427C090441EA4244408A1749F3
:1044800004430020B1F1880101EB000305FA00F2BA
:104490001E7D22420ED0761CF6B21E75032E02D966
:1044A0008E6816438E601B7D3C2B13D90B6913431A
:1044B0000B610FE0361F382ECE6801D2164300E0A4
:1044C0009643CE608E6896438E600E6996430022B6
:1044D0000E611A75401C1228D6DB70BDE463002003
:1044E00030EE601AD0ED030AD0ED041A1B4A30EE0C
:1044F000E12AF0EE081AF0EE000A20EE210A21EE81
:10450000211A20EE200AC0EE020AC1ED000A90ED49
:10451000030A90ED042A10EE900A30EE422A9042EF
:1045200081EE020AB1EE041A81ED010A01DB81ED90
:10453000001A0B480B68F9EE040A834201D3C1ED5F
:10454000000A10EE103A934201DB81ED011A4A682D
:10455000824201D3C1ED010A704700000000A04073
:104560000000A0C070B5A0F20120DDE90743A1B2B0
:104570004DBA00EBC0021649200C44BA01EB820090
:1045800021F8225044809CB264BA84801B0C837151
:1045900031F82230048A0F4D1E1BAE4202DA038B23
:1045A0005B1C04E0E31AAB4202DA038B5B1E03835D
:1045B00031F82230B0F9184003EB4433436131F84D
:1045C00022100182C18B491CC1830121017770BD7A
:1045D000F062002090E8FFFF30B5050A039C2570CB
:1045E0006070080AA070E170100A20716271180AE8
:1045F000A071E37130BD0000104810B50E49016094
:104600000321416000214FF410228160C0E90312B0
:104610004FF400124261017641768176C1760177CE
:1046200001214177FDF7F7F9002803D0BDE81040DC
:10463000FCF7AABD10BD0000006400406805002022
:10464000104810B50E4901600321416000214FF46C
:1046500010228160C0E903124FF40012426101761A
:1046600041768176C176017701214177FDF7D3F953
:10467000002803D0BDE81040FCF786BD10BD000047
:104680000068004090050020154808B5016841F415
:1046900000110160016801F400110091016841F40A
:1046A000800101600068002200F480000090052174
:1046B0000C20FDF7CFFE0C20FDF7BEFE00220521E9
:1046C0003A20FDF7C7FE3A20FDF7B6FE002205218D
:1046D0004620FDF7BFFEBDE808404620FDF7ACBE12
:1046E0003038024010B5CEB000222421202003F043
:1046F00039FE464C002224212060202003F032FEA7
:10470000606000222421102003F02CFEA060002213
:104710001921102003F026FEE0601C223C49684667
:10472000FBF7DEFE0021684603F059F83849606364
:104730001C221C3107A8FBF7D3FE002107A803F0B9
:104740004EF83349A0631C2238310EA8FBF7C8FE8F
:1047500000210EA803F043F82D4920611C2254319A
:1047600015A8FBF7BDFE002115A803F038F828496D
:1047700060611C2270311CA8FBF7B2FE00211CA84E
:1047800003F02DF82249A0611C228C3123A8FBF7ED
:10479000A7FE002123A803F022F81D49E0611C2296
:1047A000A8312AA8FBF79CFE00212AA803F017F8DD
:1047B000174960621C22C43131A8FBF791FE002129
:1047C00031A803F00CF8124920621C22E03138A80D
:1047D000FBF786FE002138A803F001F80C49A0621F
:1047E0001C22FC313FA8FBF77BFE00213FA802F012
:1047F000F6FFE0621C22074946A8FBF771FE002184
:1048000046A802F0ECFF20634EB010BD000000206F
:10481000048E00081C8F0008154808B5016841F097
:1048200002010160016801F002010091016841F09C
:1048300001010160016801F001010091016841F08E
:1048400008010160016801F008010091016841F070
:1048500004010160016801F004010091016841F068
:1048600080010160006800F08000009008BD000039
:104870003038024010B586B014216846FBF762FE5E
:104880001B48002419490594C0E900147F21816068
:10489000FF21C0E9031444618461FEF78FFE08B173
:1048A000FCF772FC8DF800408DF801408DF8024055
:1048B0000394012269460E480494FEF735FF08B1BF
:1048C000FCF762FC01208DF814008DF815008DF8BE
:1048D000160002468DF8174005A90548FEF7D8FED8
:1048E000002801D0FCF750FC06B010BD00280040A5
:1048F000B80500200C4810B50A4901604FF4E131B9
:104900004160002181600C22C160C0E90412816114
:10491000C161FFF70FFA002803D0BDE81040FCF793
:1049200033BC10BD00100140D80500200D4810B563
:104930000B4901600C4941604FF48051816049008E
:10494000C16000210C22C0E904128161C161FFF73E
:10495000F1F9002803D0BDE81040FCF715BC10BDEC
:104960000048004020060020A086010010B500226B
:104970000F49104801F070FC08B1FCF705FC0E4926
:104980000C4801F085FE08B1FCF7FEFB0B49094815
:1049900001F002FA08B1FCF7F7FB064801F0FCFE53
:1049A000002803D0BDE81040FCF7EEBB10BD0000AE
:1049B00040000020D0070020DC02002090000020F2
:1049C000FEE7000070B510EE102A6FF040434FF480
:1049D000800513440122B0EE082AAB420BD2F8EE58
:1049E000000A002370EEC00A0B704A70C0ED000A86
:1049F00030EE020A16E010EE103A2E4C4FF400068C
:104A00001C440223B1EE401AF7EE000AF0EE001A41
:104A1000B4420AD271EE600A0A7030EE210A4B707D
:104A2000C0ED000A80ED010A70BD10EE104A0322AD
:104A300014F1814F0BD8B5EEC00AF1EE10FA06D290
:104A40000B704A7080ED001A30EE200AEAE7B5EEEE
:104A5000C00A0423F1EE10FA0BDB10EE104AB4F199
:104A60007E5F06DA70EEC00A0A704B70C0ED000A75
:104A7000D8E710EE102A0524A2F17E52B24208D2E5
:104A800031EEC01A0B704C7080ED001A30EE600AE7
:104A9000C8E710EE102AA2F18042AA42C4D872EEF2
:104AA000400A0C7006224A70C0ED000A30EE610A1E
:104AB000B8E70000FFFF7F40FEE700000148FDF778
:104AC00047BE0000CC1E00209FED0A1AF7EE001A28
:104AD00080ED001AC0ED031A80ED090AC0ED0A0A44
:104AE000C0ED071A80ED081AC0ED0B1A80ED011A0F
:104AF0007047000000000000D0ED071AD0ED000A5A
:104B000021EEA01A80ED011AD0ED090A90ED032ADA
:104B100041EE820AC0ED040AD0ED0A1A30EEA12A55
:104B2000C0EE821A30EE412AB0EE410AB7EE001A0A
:104B3000C0ED061A31EE611A01EE820A61EE200A1A
:104B400080ED020AC0ED050AC0ED030A80ED000AFF
:104B5000704700002DE9F04103680D4604461E6CC5
:104B600003EB4511D1F8080B94F806E04FF4004729
:104B70004FF0200C04F29C42BEF1010F09D0DFF887
:104B800098E0764539D1020432D500BFC1F8087BE0
:104B90003FE0224B5FEA007E04D59E4239D90004F3
:104BA000F4D436E05FEA806E02D5C1F808CB30E07D
:104BB00010F0280F2DD19E4201D90004E6D405EB58
:104BC000C50004EB8000D1F8101BD0F87432C1F39B
:104BD0001201591AC0F8681200F51570ADB90369D1
:104BE0001BB1C2681144C1600FE0012120680AE0D6
:104BF00080060AD5C1F808CB07E035B9D4F86402BD
:104C000018B90021184602F049F9E9B22046FDF72B
:104C100087FC0020BDE8F0810A31544F0A30544F20
:104C20002DE9F84F0E4601EBC60100EB81048146E9
:104C30000568D4E909101434884202D90120BDE87E
:104C4000F88F081AA168814200D20846C01C870864
:104C500005EB46181BE000BFA0EB010AA068504519
:104C600000D282460AF10300870899F806000090F6
:104C70001FFA8AF3F2B22846E16802F04DFCE168BF
:104C800001EB0A00E060616901EB0A006061D8F89D
:104C9000180980B2B84205D3D4E90401814201D297
:104CA0000028D9D1D4E90401884208D806F00F01C0
:104CB00001208840D5F834188143C5F83418002005
:104CC000BDE770B530EE601A2DED048B04460D463D
:104CD00080EC020A80ED021AD0ED050A30EE600A7F
:104CE00080ED060A90ED070A30EE010A80ED070A12
:104CF000D0ED030AB0EE410A0846FCF74BFB94EDF9
:104D0000080AD5ED000A95ED051A94ED098AD4ED4F
:104D10000A8A00EE810AD5ED010A95ED061A94ED96
:104D20000B9A04F11C0000EE818AD5ED020A95ED84
:104D3000071A40EE818AD4ED020A20EE800A84ED43
:104D40000C0A94ED120AB8EE400A02F0DCFC94ED75
:104D5000070A04F1400060EE080AC4ED0D0A94ED64
:104D6000020A94ED031A30EE410A20EE280A84ED7F
:104D70000E0A94ED061A21EE091A84ED0F1AD4EDED
:104D80000C1A71EEA00A30EE800A30EE010A84EDB2
:104D9000100A94ED110AB8EE400A02F0B4FC94ED4A
:104DA000020A84ED030A94ED000A84ED050A94EDED
:104DB000100ABDEC048B70BD00F1200181EC040AE7
:104DC0009FED0B0A80ED0C0A80ED0E0A80ED0D0AB6
:104DD00080ED020A80ED030A80ED040A80ED100ADE
:104DE00080ED010A80ED000A443080EC032A704710
:104DF0000000000010B5044680EC020A30EE600AA4
:104E000080ED020AD0ED030A70EE600AC0ED040ADC
:104E100090ED081AD1ED001A31EE211A21EE001A98
:104E200080ED0C1A90ED091AD1ED011A71EE211ADC
:104E300090ED0D1A04F1340001EE801A84ED0D1A84
:104E400094ED0A0A91ED021A30EE010A20EE200AD2
:104E500084ED0E0A94ED130A02F055FC94ED0C0A51
:104E6000D4ED0D0A04F1400030EE200AD4ED0E0A14
:104E700030EE200A84ED100A94ED110A02F043FC92
:104E800094ED020A84ED030A94ED100A10BD008827
:104E900000B200EE100AB8EEC00A7047002102E02E
:104EA0000A38C0B2491C0A28FAD2090740EA116040
:104EB000704700002DE9F041044600680025C168F4
:104EC000490618D4C16841F08001C160FDF72AFA93
:104ED00006464FF47A78042707E000BFFDF722FA70
:104EE000801B404501D9677701252068C0684006CE
:104EF00001D4002DF2D02846BDE8F08170B50446FB
:104F000000680025C16821F08001C16020688068C8
:104F1000800606D42046FEF767FC10B104206077B7
:104F20000125284670BD00002DE9F05FCA4DCB4C2D
:104F300000262DED028BA88C012801D040B112E093
:104F400001210820FCF7CAFA38B9688C28B10AE0B8
:104F500001210820FCF7C2FA28B1AE802662E66182
:104F60002661E6602E7601210020FCF7B7FA9FED5E
:104F7000BC8ABA4F243710B194ED010A08E0012130
:104F80000846FCF7ABFA40B16068404200EE100AF8
:104F9000B8EEC00A87ED010A05E0B0482430FBF7FF
:104FA00073FE87ED018AAD48243000F00DFA4042CF
:104FB000288001210220FCF791FADFF8A08208F195
:104FC000300820B1A068404200EE100A06E001213E
:104FD0000320FCF783FA30B194ED020AB8EEC00A60
:104FE00088ED010A05E09D483030FBF74DFE88ED65
:104FF000018A9A48303000F0E7F940426880012188
:105000000620FCF76BFA012308B1E06828B1012102
:105010000620FCF763FA10B109E0E36007E0E068FE
:10502000012804D1E069282801DBE661E660DFF8A9
:105030002C92B5F9041009F13C09B9F90A00814232
:1050400009DAE068012806D1E069282803DA0A3184
:10505000A980401CE06101210720FCF73FFA08B15C
:10506000206928B101210720FCF738FA10B109E0C6
:10507000236107E02069012804D1206A282801DB88
:1050800026622661B5F90400B9F90810884209DDE5
:105090002169012906D1216A282903DA0A38A88062
:1050A000491C216200211120FCF718FA00286D49E3
:1050B0006D4ADFF8B8C1287B12D010B101280DD09D
:1050C0001BE02B7391ED000ABDEEC00A10EE100A32
:1050D000688192ED000A8CED040A03E02E730CE067
:1050E00001280AD191ED000ABDEEC00A10EE100AA7
:1050F000688192ED000A8CED040A01211020FCF772
:10510000EDF920B902211020FCF7E8F910B1687E12
:10511000012876D00320687301210D20FCF7DEF909
:1051200080B14FF416727A8150423881A8F80A2073
:10513000A8F808004FF44871A9F80A104FF6E041AA
:10514000A9F8081001210E20FCF7C8F94FF4966A5F
:10515000CAF1000B60B14FF461727A81514239811A
:10516000A8F80A20A8F80810A9F80AA0A9F808B019
:1051700001210F20FCF7B2F978B1A7F80AA0A7F82F
:1051800008B0A8F80AA0A8F808B04FF4C861A9F8B8
:105190000A104FF6C011A9F8081000210B20FCF7E7
:1051A0009DF9334F58B1B7F9120040F22621C84299
:1051B00005DA00F507707882E87D801EE875002129
:1051C0000C20FCF78BF958B1B7F9120040F6B83152
:1051D000C84205DDA0F507707882E87D801CE8757F
:1051E0002448418901EB8101298180890121C00086
:1051F000E8800520FCF772F978B1A06918B10DE0DC
:10520000FFE76B7388E7287E10B1012802D002E027
:105210002B7600E02E76A36100E0A6610121092033
:10522000FCF75CF958B1606950B9687E10B101288B
:1052300002D002E06B7600E06E76636100E06661AA
:1052400001210A20FCF74AF920B12B77BDEC028B33
:10525000BDE8F09F2E77F9E780620020AC010020C6
:105260000000000060010020640100200C640020A8
:1052700030020020E463002030B5124B12481A4679
:105280001D7E0024B2F90420016A012D03D0511AB9
:105290009980046230BDC56955B1012DFAD1C91E8E
:1052A000D21E01629A8011F5967FF3DCC46130BD95
:1052B000C91CD21C01629A80B1F5967FF7DB0121EF
:1052C000C16130BD80620020F801002086B003F08B
:1052D000FBFADFF8A090284D284CDFF8A4A0294F56
:1052E0000DF110080DF1040B0390D9F80C004E4697
:1052F000804770688047244800688047CDF8008068
:10530000224B4646B5F96220D3F804C0B5F93E10E9
:10531000B5F91A000023E04794F9410094ED0D2AF5
:1053200000EE100A94F94000D4ED0C0AF8EEC01A11
:1053300000EE100A1648B8EEC01A016894ED0B0A88
:1053400001A888470096DAF804C056464FF4007367
:10535000002210493868E047CDF800B07668012394
:1053600000220D493868B047022103A802F052FE1E
:10537000BBE700001C020020F0620020A8620020B1
:10538000700100200800002074020020A401002009
:1053900088010020680500209005002001784078F1
:1053A00041EA00207047000010B5054C2068804796
:1053B0006068804703480079BDE81040FBF7BEBE37
:1053C0006C0200206402002090EC020A30EE200AF9
:1053D00080ED000AB0F9081000EE901AF8EEE00A2D
:1053E000B4EEE00AF1EE10FA05D200EE101AB8EEB3
:1053F000C00A80ED000AB0F90A10F0EE400A00EE93
:10540000101AB8EEC00AF4EEC00AF1EE10FA02DC8F
:10541000B0EE600A05E000EE101AB8EEC00A80EDAA
:10542000000ABDEEC00A10EE100A00B27047FFF786
:105430009DFA012002F0C7F9FBE7000010B55020EB
:1054400080F31188BFF34F8FBFF36F8F03F042FAE1
:1054500018B104494FF080500860002080F3118893
:1054600010BD000004ED00E030B593B03021684677
:10547000FBF768F814210CA8FBF764F81F48002517
:10548000016841F080510160006800F08050119087
:105490001B48016841F4804101600068022400F467
:1054A00080401190092000904FF48030019001203D
:1054B000CDE905048005079006200890A820CDE9D5
:1054C000090407200B906846FDF7C2FE08B172B6CA
:1054D000FEE70CA90F2081E831004FF4A0500F9097
:1054E0004FF48050109005210CA8FDF79FFD002877
:1054F00001D072B6FEE713B030BD00004038024064
:10550000007000400248016841F47001016070477A
:1055100088ED00E00148FEF7F4B90000880700209C
:10552000F0B50268274B284D284E294F294C4FF0E3
:10553000804C984209D0604507D0A84205D0B042BF
:1055400003D0B84201D0A04204D122F0700E4A68C4
:1055500042EA0E0298421BD0604519D0A84217D0EB
:10556000B04215D0B84213D0A04211D01A4DA84273
:105570000ED01A4DA8420BD0194DA84208D0194D93
:10558000A84205D0184DA84202D0184DA84203D118
:1055900022F44075CA682A434D6922F080022A43EA
:1055A0008D68C5620D688562984201D0A04201D124
:1055B00009690163016841F0040101600121416151
:1055C0000260F0BD000001400004004000080040FF
:1055D000000C004000040140004001400044014034
:1055E0000048014000180040001C0040002000401E
:1055F00010B5806B0021C185FEF75AFA10BD70B559
:10560000846B2068406994F84110C0F3C0100025F5
:10561000212904D118B1E584204600F08EF82068D5
:10562000406994F84210C0F38010222904D118B1C7
:10563000E585204600F05AF8606C40F01000606488
:105640002046FEF735FA70BD10B50146806B09683B
:1056500009684FF00002C9052ED4C28501680C31DB
:1056600051E8003F23F4807341E80034002CF5D169
:105670000168143151E8003F23F0010341E8003490
:10568000002CF5D10168143151E8003F23F04003AC
:1056900041E80034002CF5D1202180F84210016B44
:1056A000012909D101680C3151E8003F23F01003B2
:1056B00041E80034002CF5D14263016B012902D08E
:1056C000FEF734FC10BD818DFEF7E6F910BD10B574
:1056D000806B01214163016B012902D0FEF727FC99
:1056E00010BD818D4908FEF7D7F910BD01680C3156
:1056F00051E8002F22F4907241E80023002BF5D1ED
:105700000168143151E8002F22F0010241E8002322
:10571000002BF5D1016B012909D101680C3151E849
:10572000002F22F0100241E80023002BF5D12021A8
:1057300080F8421000210163704701680C3151E884
:10574000002F22F0C00241E80023002BF5D12021D8
:1057500080F84110704708B590F84210222901D016
:10576000022008BD82684FF480539A4201D101693A
:1057700021B1816A9A421BD04AB10AE00268816A6B
:105780005268C2F308020A80816A891C08E0026933
:1057900072B10268526802F07F020A70816A491C85
:1057A0008162C18D491E0904090CC18503D01BE02B
:1057B00002685268F1E70168CA6822F02002CA60F4
:1057C0000168CA6822F48072CA6001684A6922F0DE
:1057D00001024A61202180F8421000214163026BDE
:1057E000012A03D0FEF7A2FB002008BD0163016877
:1057F0000C3151E8002F22F0100241E80023002B69
:10580000F5D101680A68D20602D50A684968009194
:10581000818DFEF741F9E7E770B50446006801693C
:10582000E26821F44051114301612169A068E269F5
:1058300008436169114308432168CA6849F20C634F
:105840009A430243CA6020684169A26921F4407109
:105850001143416131492068884202D03049884271
:1058600002D1FDF7B3FC01E0FDF7A0FCE2690023E3
:10587000192164253226B2F5004F626828D0A0FBBA
:105880000101930F9200FAF76FFD0146B0FBF5F0AE
:105890006FF01802504301EB800006EB0010B0FBE4
:1058A000F5F000F0F002B1FBF5F002EB0012B1FBF5
:1058B000F5F06FF01803584301EB800006EB001081
:1058C000B0FBF5F000F00F0021681044886070BD57
:1058D000A0FB010192185B41FAF746FD0146B0FBBF
:1058E000F5F00201B1FBF5F06FF01803584301EB3E
:1058F000800006EBC000B0FBF5F000F0F80002EB12
:105900004002B1FBF5F0584301EB800006EBC0000C
:10591000B0FBF5F000F00700D6E7000000100140F2
:105920000014014038B58162044682850020134688
:105930006064222284F84220E56B1F4AEA63E56B2B
:105940001E4A2A64E56B1E4AEA64E26B10650A4649
:105950002168E06B091DFCF7A3FB30B110206064E7
:10596000202084F84200012038BD2068016840688A
:105970000090206948B120680C3050E8001F41F4C5
:10598000807140E80012002AF5D12068143050E8F8
:10599000001F41F0010140E80012002AF5D1206803
:1059A000143050E8001F41F0400140E80012002A86
:1059B000F5D1002038BD000049560008CF56000838
:1059C000FF5500080148FEF775B8000020060020CA
:1059D000064D88B04FF0FF3422466946286802F031
:1059E00037FE684601F0ACFDF6E700000C00002031
:1059F000CD2001F0F3FD022002F0E6FAF8E72DE9F0
:105A0000F0410C46D0F8D412D0F8C82200EB810146
:105A1000D1F8C01229B304F00F0606EB860300EBA1
:105A2000830500276B694BB106EBC60602EB8602C5
:105A3000D269B3FBF2F602FB1632A2B1C1F81472BE
:105A4000D0F8D42200EB8200D0F8C40203692BB155
:105A5000D1F80802224601F5047198470020BDE8FC
:105A6000F0810320FBE700231A4621466F6100F016
:105A7000F0FDF3E770B50546D0F8D40205EB8000E1
:105A8000D0F8C04294B1284600F0C2FCC4F80C0221
:105A9000D5F8D412D4F8040205EB8101D1F8C41270
:105AA000CA6804F503719047002070BD032070BDE3
:105AB00070B5234D0446297800F0EAFB28780026CB
:105AC00000F00F0000EB800004EB800080F8236002
:105AD0006978204600F0DCFB687800F00F0000EBEE
:105AE000800004EB800080F86361A978204600F014
:105AF000CFFBA87800F00F0000EB800004EB8000E3
:105B000080F82360C661D4F8D40204EB8000D0F89A
:105B1000C01299B1D0F8C40240688047D4F8D402CA
:105B200004EB8000D0F8C00200F0BAFFD4F8D40231
:105B300004EB8000C0F8C062C4F8BC62002070BDF5
:105B40008802002010B5D0F8D41200EB8100D0F804
:105B5000C04284B1D0F8C41259B194F80002FF28B1
:105B600007D08B6894F8012221469847FF2084F8DB
:105B70000002002010BD032010BD00000A2101809A
:105B8000004870478C02002070B5064682210C4800
:105B900000F001FB05460121094800F0FCFA04462B
:105BA0008121074800F0F7FA0DB11021A9714021B9
:105BB00004B1A18000B1818043203080004870BDD5
:105BC0009802002070B5064682210D4800F0E3FAE5
:105BD000054601210A4800F0DEFA04468121084802
:105BE00000F0D9FA0DB11021A9714FF4007104B180
:105BF000A18000B1818043203080014870BD000049
:105C00009802002070B5064682210C4800F0C3FAC5
:105C100005460121094800F0BEFA044681210748E3
:105C200000F0B9FA0DB11021A971402104B1A18091
:105C300000B1818043203080004870BD9802002070
:105C40002DE9F04704464FF40775284600F02AFF77
:105C500006004FF0000865D02946FAF773FCD4F827
:105C6000D4023E4D04EB80004FF01009C0F8C06232
:105C7000C4F8BC62207C4FF4007A0127E8B34023CB
:105C800002222978204600F02EFC2878402300F0DC
:105C90000F0000EB800004EB800080F823700222EC
:105CA0006978204600F01FFC6878082300F00F0098
:105CB00000EB800004EB8000032280F86371A97878
:105CC000204601F00F0101EB810104EB8101C1F8D5
:105CD0001C90A97800F007FCA87800F00F0000EBFA
:105CE000800004EB800080F82370C6F80482D4F8AA
:105CF000D402474604EB800000E01BE0D0F8C40269
:105D000006F50176006880473761776132687AB1BD
:105D1000207C00B340236978204600F0F0FB00208F
:105D2000BDE8F087D4F8D41204EB8101C1F8C08239
:105D30000220F5E7534602222978204600F0D3FBE3
:105D40002878534600F00F0000EB800004EB800041
:105D500080F82370A3E75346DDE7000088020020A7
:105D600010B5D0F8D41200EB8101D1F8C01259B1AE
:105D7000027C084C002AD1F8042207D04023617825
:105D800000F0BDFB002010BD032010BD4FF40073D8
:105D9000F5E700008802002039B1D0F8D42200EBEA
:105DA0008200C0F8C4120020704703207047D0F86A
:105DB000D42200EB8200D0F8C00218B1C0F804125F
:105DC0000020704703207047D0F8D43200EB8300E6
:105DD000D0F8C00228B1C0F81022C0F80812002084
:105DE0007047032070472DE9FC410646D0F8D402E5
:105DF0000C4606EB80000021D0F8C0728DF8001030
:105E0000ADF804100D4637B1217811F060022FD0A3
:105E1000202A4BD102E00320BDE8FC81E288F2B1E8
:105E200009060DD5D0F8C40263783946D0F808C009
:105E30001846E047E288072A00D9072239462DE0B4
:105E4000607887F80002E088402800D34020C2B282
:105E500087F801223946304600F081F82BE0D0F86F
:105E6000C40263780022866821461846B04722E0C3
:105E7000607830B101281ED00A2809D00B2815D12E
:105E800010E096F89C02032810D1022201A905E037
:105E900096F89C02032809D101226946304600F099
:105EA0007AF808E096F89C02032804D02146304690
:105EB00000F04AF803252846AEE7000010B5D0F8F8
:105EC000D41200EB8101D1F8C02201211AB1D2F81D
:105ED000143213B116E0032010BD0121C2F81412D0
:105EE0000949D2F81032097801F00F0404EB840458
:105EF00000EB84046361D2F81032D2F8082200F07B
:105F0000A8FB0021084610BD8802002010B5D0F87B
:105F1000B82200245268904700B10324204610BDE7
:105F20000020704700207047134610B50A46002134
:105F300000F0E5FA002010BD134610B50A46002116
:105F400000F087FB002010BD10B50446802100F052
:105F500061FB2046BDE81040002100F05BBB10B59E
:105F60000323C0F89432C0F85421C0F858211346D6
:105F7000C0F864110A46002100F0C1FA002010BDEB
:105F800010B50521C0F8941200231A46194600F0F6
:105F9000B6FA002010BD10B50223C0F89432426159
:105FA0008261134641620A46002100F052FB002044
:105FB00010BD10B50421C0F8941200231A461946EA
:105FC00000F047FB002010BD10B50A46024903A0AF
:105FD00000F00FF9004810BDAC0A002043444320F4
:105FE000436F6E66696700001220088000487047A2
:105FF0006000002010B50A46024903A000F0F9F83D
:10600000004810BDAC0A002043444320496E74652B
:1060100072666163650000000420088000487047D4
:106020005C00002010B50A46024903A000F0E1F828
:10603000004810BDAC0A002053544D6963726F656F
:106040006C656374726F6E696373000010B50A4605
:10605000024903A000F0CDF8004810BDAC0A0020B2
:1060600053544D3332205669727475616C20436FFE
:106070006D506F727400000010B51A2008800A4835
:106080000168001D0468001D0068081809D0082276
:106090000649FDF7BFFF0549042210312046FDF7F0
:1060A000B9FF0248801E10BD107AFF1F7600002045
:1060B000F8B504460020ADF8000048880D46010AF6
:1060C00008295FD2DFE801F05E0409175E5E3C45F7
:1060D000D4F8B412207C0A6819E0207C022600283B
:1060E000D4F8B80205D0C16A6846884701464670B0
:1060F00039E0816AF8E7C0B2062843D2DFE800F051
:10610000030A1014181CD4F8B402426805E069466A
:1061100090471CE0D4F8B402826892B3207CF6E782
:10612000D4F8B402C268F8E7D4F8B4020269F4E71C
:10613000D4F8B4024269F0E7D4F8B4028269ECE71B
:10614000207CF0B9D4F8B802416B68468847014614
:1061500009E0207CA8B9D4F8B802016B68468847EA
:10616000014607204870EA888AB1BDF8000040B1B6
:10617000824200D90246ADF800202046FFF70BFF0F
:10618000F8BDFFE729462046FFF7DEFEF8E7204688
:10619000FFF70FFFF4E778B50E4642880178002537
:1061A00004468A4212D9ADF800100AE0694600F0B0
:1061B00019F84178052904D181780546B14205D006
:1061C00000256188BDF800209142EFD8284678BDAF
:1061D0000146002002E0401CC0B2491C0A78002A97
:1061E000F9D170470A8803781A440A800178084474
:1061F000704770B516460D46002820D00446FFF7BC
:10620000E7FF022101EB40014FF40070814204D806
:106210002046FFF7DDFF4000801C3080307828707A
:10622000032068700220002206E02954401CC0B2FE
:106230002A54401CC0B2641C21780029F5D170BDDD
:1062400001004FF0000004D0012901D0022901D043
:10625000032070470120704778B10023C0F8B8329E
:10626000C0F8C432C0F8D03209B1C0F8B41201216C
:1062700080F89C12027000F0CFB80320704710B570
:10628000D0F8C802FCF78EF9BDE81040FFF7D8BF80
:1062900010B5D0F8C802FCF760F9BDE81040FFF770
:1062A000CFBF70B50446002521B194F89C020328A5
:1062B00046D050E0D4F8941204F11400022939D1E8
:1062C000818942688A420AD9511A416082890169EA
:1062D0001144016142682046FFF72EFE0FE0914213
:1062E00014D10068884211D3D4F8981288420DD294
:1062F000002211462046FFF71FFEC4F898520023E3
:106300001A461946204600F0FAF813E094F89C0269
:10631000032808D1D4F8B802C16821B1C4F8D45216
:10632000C168204688478021204600F073F9204646
:10633000FFF726FE94F8A00268B184F8A0520AE0A4
:10634000D4F8B802426932B1C4F8D4524269204646
:106350009047002800D1002070BD10B504460022EF
:1063600021B194F89C02032834D03EE0D4F8941272
:1063700004F5AA70032938D1818943688B420ED96C
:10638000591A41608289016911440161426880891A
:10639000824200D802462046FFF7C6FD25E094F869
:1063A000AA0210F01F0003D0012802D0022800D05A
:1063B000002294F89C02032808D1D4F8B80201699D
:1063C00021B1C4F8D4220169204688472046FFF74E
:1063D000F0FD0AE0D4F8B802836933B1C4F8D422DE
:1063E000826920469047002800D1002010BD00207F
:1063F000704710B50024012180F89C12D0F8B82213
:1064000022B152680179904700B10324204610BDA3
:10641000D0F8C802FCF7F3B810B5017839BB1549BC
:106420000222C1F8E004C0F8C8124FF0A040086092
:1064300004200871CA71002088714A728872C8727B
:1064400008738873C8730846FCF738FC08B1FAF77C
:106450009BFE80210748FCF730F8402200210548C8
:10646000FCF72FF8802201210248FCF72AF80020CF
:1064700010BD0000CC1E00200A0601F07F01D0F8FC
:10648000C80201EBC10100EB810001D5807D70479E
:1064900090F85602704710B5D0F8D42200EB820273
:1064A000D2F8B82222B190F89C32032B02D004E03B
:1064B000032010BD126A02B19047002010BD10B534
:1064C000D0F8D42200EB8202D2F8B82222B190F8A0
:1064D0009C32032B02D004E0032010BD526A02B1AB
:1064E0009047002010BD10B51C461346D0F8C802D6
:1064F0002246FCF78DF8BDE81040FFF7A1BE10B5AD
:10650000D0F8C802FCF7B5F8BDE81040FFF798BE18
:106510002DE9F04100260125044680F89C52C4F87C
:1065200094626660C4F8A46280F8A062D0F8B802F1
:1065300030B1426822B100212046904700B10326C5
:106540000022402311462046FFF7CDFF402784F864
:106550006351A4F860713B46002280212046FFF77A
:10656000C2FF84F8235027843046BDE8F08190F8BC
:106570009C12042903D190F89D1280F89C120020EF
:10658000704710B590F89C12032905D1D0F8B812C5
:1065900011B1C96901B18847002010BD0174002004
:1065A000704710B5D0F8C802FCF74EFCBDE81040AB
:1065B000FFF746BE70B5044600F2AA20054600F07B
:1065C00051F80120C4F89402B4F8B002C4F898025B
:1065D00094F8AA0210F01F010AD001290ED0022956
:1065E00012D000F080012046BDE8704000F012B8E3
:1065F00029462046BDE8704000F0D0B82946204624
:10660000BDE8704000F013BA29462046BDE870404E
:1066100000F05AB910B5D0F8C802FCF746F8BDE84A
:106620001040FFF70DBE10B5D0F8C802FCF726FCED
:10663000BDE81040FFF704BE90F89C12042903D077
:1066400090F89C1280F89D12042180F89C12002082
:10665000704710B5D0F8C802FCF760F8BDE81040EC
:10666000FFF7EEBD70B5054611F8010B28700878EC
:1066700068704C1C2046FEF791FE6880A41C2046E2
:10668000FEF78CFEA880A01CFEF788FEE88070BD97
:1066900038B504460020ADF80000A1B1C4F8B81226
:1066A000D4F8D40204EB8000D0F8B802C16A19B162
:1066B00068468847C4F8D002D4F8D802401CC4F811
:1066C000D802002038BD032038BD02460020D2F891
:1066D000B832002B02D01B681046184770470000E4
:1066E0002DE9F04188462B4E89780025044631700B
:1066F000012906D941462046FFF726FC0320BDE8C4
:10670000F08194F89C02022702280CD003281DD0A7
:1067100041462046FFF718FC31782046FFF7F6FB8C
:1067200003252846EBE789B320466160FFF7CDFFDC
:10673000050004D041462046FFF706FC1DE0204638
:10674000FFF737FC032084F89C02EAE7C1B16068D8
:1067500088421BD0C1B22046FFF7D8FB31782046D3
:106760006160FFF7B2FF050010D041462046FFF7F9
:10677000EBFB21792046FFF7C9FB84F89C72D0E738
:1067800084F89C7220466160FFF7C0FB2046FFF74B
:1067900010FCC6E786020020FFF745BF2DE9F04157
:1067A0000A78002512F060020CD0202A01D0402A7D
:1067B0007DD1D0F8D42200EB8202D2F8B8229268C0
:1067C000904731E04B78002201260A2B6FD2DFE898
:1067D00003F041666E586E08056E2D29FFF768FCC0
:1067E00067E004468888D8B9C888C8B9488880282E
:1067F00016D200F07F0794F89C02032810D084F88A
:106800009E7239462046FFF7CCFE2046FFF7D1FBAB
:106810001FB1022084F89C024BE084F89C6248E09F
:10682000204644E0FFF75CFF054642E0CB88012BA1
:106830003DD190F89C32012B04D0022B02D0032BC7
:1068400035D104E08260012200F1080116E0012246
:10685000011D13E090F89C22012A03D0022A01D0E6
:10686000032A24D1CA88022A21D1C660D0F8A412F2
:1068700009B10321C160022200F10C01FFF78BFB7B
:1068800017E04A88012A02D0022A03D00FE0C0F89C
:10689000A46216E08988090A80F8A01211E090F835
:1068A0009C32012B08D0022B06D0032B04D0FFF71B
:1068B0004BFB2846BDE8F08149880129F9D1C0F891
:1068C000A422FFF776FBF4E72DE9F04105460878AE
:1068D0000C790E464FF0000810F060000BD0202815
:1068E00001D040286BD121462846FFF719FBFF282D
:1068F00000D0D8B398E07078C8B3012824D003281A
:106900005DD195F89C02022802D0032857D10CE0F3
:10691000002C54D0802C52D021462846FFF77AFE16
:1069200080212846FFF776FE7EE0708840B93CB1B2
:10693000802C05D0C88818B921462846FFF76AFE82
:106940002846FFF736FB6FE095F89C020228DFD05F
:10695000032866D1708888BB600603D0214628468C
:10696000FFF78DFC2846FFF724FBBCE700E00AE0B8
:10697000C5F8D402D5F8B8028268FAB13146284683
:106980009047804650E095F89C020027022802D0EC
:10699000032846D114E00CB1802C42D1200604F02B
:1069A0007F0000EB800005EB800101D5143101E090
:1069B00001F5AA71022201F80E7F2EE034E030E0EA
:1069C000200604F00F0000EB800005EB80000AD5E4
:1069D00090F8230028B304F07F0000EB800005EB63
:1069E000800614360AE090F86301D0B104F07F000D
:1069F00000EB800005EB800606F5AA764CB1802CF2
:106A000007D021462846FFF737FD10B10120B073AB
:106A100000E0B773022206F10E012846FFF7BBFA29
:106A200002E02846FFF790FA4046BDE8F08170B5D5
:106A30000546087800240E4610F0600003D0202898
:106A400001D0402827D195F89C02012803D00228C4
:106A500001D003281FD1B088C1B201291AD8C1B210
:106A60002846FFF75FFAFF280CD058B9D5F8B812BE
:106A70008A683AB1C5F8D4028A68314628469047F8
:106A8000044600E00324F088204307D12846FFF79E
:106A900090FA03E031462846FFF756FA204670BDCB
:106AA0007047000000487047AC1C002070B50A78A1
:106AB000012302F00F054E78AB401B4CD0F81C5858
:106AC000012E17D045EA0343C0F81C3800EB4210F2
:106AD000D0F8002B12040BD4D0F8002B0B890979C5
:106AE000C3F30A031A4344EA81410A43C0F8002B66
:106AF000002070BD9BB21D43C0F81C5800EB421033
:106B0000D0F800391B04F3D4D0F800390D89097985
:106B1000C5F30A0589042B4341EA82510B43234301
:106B2000C0F80039E4E7000000800010D0F8001938
:106B30006FF30A01C0F80019D0F8041841F480710D
:106B4000C0F804180020704770B50D460446C2F323
:106B5000072104981E4601291BD0E06840F0400040
:106B6000E060204600F032F8C6F307210029A16B4F
:106B700026D021F48031A163C5F30741012907D153
:106B8000A16841F00601A160A16841F02001A16067
:106B900070BDA16B21F48031A163E1680A4A114004
:106BA000E160E16821F44011E160C0B2012803D145
:106BB000E06840F48010E060204600F007F8DBE772
:106BC00041F48031D7E70000BFFFBDFF08B50021C9
:106BD00000914FF07061009A521C00928A4210D8C6
:106BE0000269002AF7DA0A220092521E0092FCD1B2
:106BF000026942F001020261009A521C00928A422C
:106C000001D9032008BD0269D207F5D1002008BDD3
:106C100030B54C780A78012300EB4212012C2CD0BD
:106C2000D2F8004B002C0BDAD2F8004B44F0006491
:106C3000C2F8004BD2F8004B44F08044C2F8004B3D
:106C4000D0F83C580C7804F00F0403FA04F425EA59
:106C50000444C0F83C48D0F81C48097801F00F0102
:106C60008B4024EA0341C0F81C18D2F8000B1949E4
:106C70000840C2F8000B002030BDD2F80049002CBB
:106C80000BDAD2F8004944F00064C2F80049D2F8A7
:106C9000004944F08044C2F80049D0F83C480D78DF
:106CA00005F00F0503FA05F5ADB2AC43C0F83C485A
:106CB000D0F81C48097801F00F018B4099B28C4341
:106CC000C0F81C48D2F8000903490840C2F800097E
:106CD000D1E700000078F3EF007833ECD0F8001E25
:106CE00021F00301C0F8001ED0F8041821F00201C1
:106CF000C0F8041800207047D0F8001E21F00301EE
:106D0000C0F8001ED0F8041841F00201C0F80418C1
:106D1000002070472DE9F04F00250E460446174627
:106D20002846294604EB8002C2F80411401C0F28B3
:106D3000F8D3C3F307405FEA0009204616D0806B02
:106D400020F40012A263A06B40F40022A263084664
:106D500088462146C4F8000EC7F30720012817D043
:106D60000846D1F8001841F0030118E0D0F80408F3
:106D700040F00202C4F80428A06B40F40012A263A1
:106D8000A06B20F40022A263A06B20F48022DDE738
:106D9000300E0846D1F8001801D041F00101C0F8CA
:106DA0000018102100F08BFA00B10125204600F0F8
:106DB0006AFA00B101254046C4F81088C4F8148866
:106DC000C4F81C8800214FF0006B4FF0904E4FF636
:106DD0007F3AF2B215E000BF04EB4113D3F800C9CB
:106DE000BCF1000F06DA11B1C3F800E904E0C4F801
:106DF00000B901E0C3F80009C3F81009C3F808A9F5
:106E0000491C8A42E8D8002115E000BF04EB411379
:106E1000D3F800CBBCF1000F06DA11B1C3F800EBD8
:106E200004E0C4F800BB01E0C3F8000BC3F8100B8A
:106E3000C3F808AB491C8A42E8D8D4F8101821F4EA
:106E40008072C4F81028A0616FF080406061C6F3C2
:106E5000074018B9A06940F01000A061A0690A4974
:106E60000843A061C7F3074018B1A06940F00800CB
:106E7000A061B9F1010F03D1A06904490843A061E1
:106E80002846BDE8F08F000000383C800400004038
:106E9000816821F0010181600020704710B5036C0A
:106EA000134CA34203D9D0F8003B002B1EDB002378
:106EB000C0F8103BD0F8103B43F40023C0F8103B5F
:106EC000D0F8103B43F01803C0F8103BD0F8103B4B
:106ED00043F0C043C0F8103B012907D1C0F8142B80
:106EE000D0F8001B41F08021C0F8001B002010BD2D
:106EF0000A30544F4A780B78012A00EB43100BD02C
:106F0000D0F8002B22F40012C0F8002B09790329D5
:106F100014D0022912D017E0D0F8002922F4001270
:106F2000C0F800290979032901D002290CD1D0F831
:106F3000001941F08051C0F8001905E0D0F8001B9D
:106F400041F08051C0F8001B002070470A784B7850
:106F5000D1B200EB4110012B12D0D0F8001B002958
:106F600006DB2AB1D0F8001B21F08041C0F8001BDD
:106F7000D0F8001B41F40011C0F8001B002070473E
:106F8000D0F80019002906DB2AB1D0F8001921F049
:106F90008041C0F80019D0F8001941F40011C0F880
:106FA0000019EBE7F8B50C784F788B4DE3B26FF032
:106FB000604600EB4313012F29D0D3F8107B6FF309
:106FC0001207C3F8107BD3F8107B2F40C3F8107B57
:106FD000002C7DD00D69002D7BD08C6825446D1E62
:106FE000B5FBF4F5ADB26C430C62D3F8104B06EA76
:106FF000C5452C43C3F8104BD3F8104B0D6AC5F3AD
:1070000012052C43C3F8104B012A70D0CBE00F6956
:10701000EFB1D3F810796FF31207C3F81079D3F8F2
:1070200010792F40C3F810790CB30F698D682F4485
:107030007F1EB7FBF5F5D3F81079ADB206EAC54669
:107040003743C3F810790E79012E1CD02AE0D3F80B
:1070500010692E40C3F81069D3F8105945F4002583
:10706000C3F81059D3F810596FF3120520E00E69D8
:107070008D68AE4200D90D61D0F8105945F4002654
:10708000C0F810690EE0D3F8106926F0C046C3F8C6
:107090001069D3F810694FF0C04707EA45752E43D1
:1070A000C3F81069D3F810590E69C6F312063543B8
:1070B000C3F81059012A1BD000EB4413D3F8004940
:1070C00044F00444C3F800490C79012C31D001E0AC
:1070D00044E057E00A695AB3D0F83428097801F03F
:1070E0000F03012199400A43C0F8342871E056E0AB
:1070F000CA691AB100EB4413C3F8142909790129AC
:107100000ED1D0F80818C90500EB4411D1F80029B8
:1071100002D442F0005201E042F08052C1F800294E
:1071200000EB4410D0F8001941F00441C0F80019F8
:107130004FE0D0F80848E405D3F8004902D444F001
:10714000005401E044F08054C3F8004900920A8AD8
:1071500093B20A78C96800F0DFF93AE00C690CB123
:107160008C680C618C680C62D0F8105BC4F312045C
:107170002543C0F8105BD0F8104B44F40024C0F84D
:10718000104B41E7D3F8104B8D68C5F312052C4323
:10719000C3F8104BD3F8104B44F4002432E7CA680C
:1071A0000AB1C3F8142B097901290CD1D0F80808C9
:1071B000C005D3F8000B02D440F0005001E040F0CD
:1071C0008050C3F8000BD3F8000B40F00440C3F824
:1071D000000B0020F8BD0000FFFF07E038B50022DB
:1071E000009213464D780A7842F2107400EB421276
:1071F000012D19D0D2F8005B002D3CDAD2F8005BEB
:1072000045F00065C2F8005B0A7800EB4212D2F844
:10721000005B45F08045C2F8005B009A521C00926A
:10722000A24221D9012326E0D2F80059002D22DA0A
:10723000D2F8005945F00065C2F800590A7800EB11
:107240004212D2F8005945F08045C2F80059009A20
:10725000521C0092A242E5D80A7800EB4212D2F802
:107260000029002AF3DB06E00A7800EB4212D2F88C
:10727000002B002AD1DB184638BD816841F001019E
:1072800081600020704708B500214FF070620091C6
:10729000009B5B1C009393420AD80369002BF7DA2A
:1072A0000091102101610099491C0091914201D97E
:1072B000032008BD0169C906F5D4002008BD18B532
:1072C00000224FF070630092009C641C00949C426A
:1072D0000CD80469002CF7DA0092202242EA8111CE
:1072E00001610099491C0091994201D9032018BD00
:1072F00001698906F5D4002018BDD0F8080810F0FF
:10730000060004D0022803D0062801D00F207047C1
:1073100002207047406900F001007047D0F818184B
:10732000D0F81C08084080B27047D0F81818D0F880
:107330001C080840000C704710B5D0F81038D0F881
:10734000342801F00F0400EB4110E24002F001028A
:10735000D0F8080943EAC212104010BD00EB4111F9
:10736000D1F8081BD0F814080840704741698069BB
:107370000840704730B503460846940802F0030100
:10738000002203F5805303E01D6840F8045B521CA3
:10739000A242F9D300290BD01C680022D50024FAA0
:1073A00005F3491E521C090400F8013B090CF5D1F4
:1073B00030BD70B50446C068002520F0C040E060D4
:1073C000012901D079B120E0E06840F00050E06090
:1073D0000A20FAF79DFE60690A3510F0010F10D1FE
:1073E000C82DF5D30DE0E06840F08040E0600A2051
:1073F000FAF78EFE60690A3510F0010F01D0C82D32
:10740000F5D3C82D01D0002070BD012070BDD0F88B
:10741000002822F4FE62C0F80028D0F800284FF4BB
:10742000FE6303EA01110A43C0F8002800207047F8
:10743000022A3ED1264A274B0A449A4201D20F2102
:1074400038E0254A254B0A449A4201D20E2131E008
:10745000234A244B0A449A4201D20D212AE0224AAF
:10746000224B0A449A4201D20C2123E0204A214BAC
:107470000A449A4201D20B211CE01F4A1F4B0A44C6
:107480009A4201D20A2115E01D4A1E4B0A449A4233
:107490000FD31D4A1D4B0A449A4201D2082109E02C
:1074A0001B4A11441B4A914201D2072102E00621E6
:1074B00000E00921C26822F47052C260C2684FF431
:1074C000705303EA81210A43C26000207047000024
:1074D000405327FF00350C00401E1BFF40420F00A9
:1074E00000DC0BFF804F1200808CF9FE20D61300C9
:1074F00060B6E5FE60E3160000D3CEFE40771B00C9
:10750000C05BB3FEC091210000CA91FE2075380017
:10751000E05459FEE09C410010B5029C74B9DB1C9C
:107520009C0800EB0230002300F5805004E000BF0F
:1075300051F8042B02605B1CA342F9D3002010BD5C
:1075400070B504460078422817D16078522814D1CB
:10755000A0781D4D18B1CD2810D0FF280DD11B48A3
:1075600090ED010A1A4885ED020AB0F90E0000EE0E
:10757000100AB8EEC00A85ED010A70BDE178204618
:10758000491D00F09DF80028F7D060689FED111AA2
:1075900000EE100ADFED100A04F10800064640EE86
:1075A000010AC5ED020AFDF772FC85ED010AA07A19
:1075B000012800D0002028706068E8603046FDF7A0
:1075C00066FC85ED040A70BD5C010020A862002005
:1075D000806200209AF9A24452B89E3F00B5244927
:1075E000244B89B00A69B3EE0B0A9A4201DB00EE24
:1075F000102A214A9FED211AD2ED010ACA89ADF85D
:107600001C2042228DF80020522270EEC10A8DF813
:1076100001208DF80200CD281FD1194A5088431C43
:107620005380C82801D3002050800F208DF803001C
:107630008DED010ACDED020ABDF81C00ADF80C007D
:107640005088ADF80E00C87E8DF810008888ADF81F
:10765000110014216846F9F7C5F819216846F9F7B1
:10766000EFF91C216846F8F76DFF09B000BD000076
:10767000806200200000A040A862002052B89E3F17
:107680005C010020FEE7000008B501F01DF9094E7D
:10769000094C0A4DCDF8000096ED010A2A4684ED0A
:1076A000000A01210448FCF7B3FE0F21684600F0F0
:1076B000B1FCF1E7A8620020800200200010014028
:1076C00070B50C4605000CD0022C0AD9FF22611EB1
:1076D000F9F71AFF291911F8011C814201D1012083
:1076E00070BD002070BD0907090E002804DB00F101
:1076F000E02080F80014704700F00F0000F1E02057
:1077000080F8141D7047D0ED000AF4EEC00AF1EEC7
:1077100010FA01DD80ED000AD0ED000AB1EE400A5A
:10772000F4EEC00AF1EE10FA01D280ED000A7047C3
:10773000012131EE601A814070EE600A491E00EEB0
:10774000101AB8EEC00A20EE800AC0EE010ABDEEA3
:10775000E00A10EE100A704710EE102A0021CB004C
:1077600022FA03F34354491CC9B20429F7D37047E2
:10777000DFED052AC0ED002AC0ED012AC0ED022A86
:107780000C3080EC050A704700000000FAF7D8FDC5
:10779000FDF76AFEFDF740F8FCF776FFFCF72CFFDB
:1077A000FCF74EFFFDF766F8FDF7C0F8FDF7A2F80D
:1077B000FCF798FF00F00EF8FEE701460020842950
:1077C00000D0C81C704710B500B9012000F0FCFBC8
:1077D000002010BD10B500F0DFFC002010BD7FB50B
:1077E0000D4604464169B0F9080081B1A16971B143
:1077F000FFF7E3FFD4E905128DE80700D4E9001094
:107800002B46226901F027F8039004B070BDFFF702
:10781000D4FF03A9CDE90001208A2B4682B2D4E926
:10782000001000F0EBFF012801D00020EDE70398E5
:10783000EBE700002DE9F041184C0F460546E668DD
:107840002068001D00F0CEFA38B9206890F82C109E
:1078500001208840216981432161681C07D137B12B
:107860002168BDE8F0410E48091D00F0FFBA20680C
:107870003544B5424560216805D2A06BBDE8F041B2
:10788000091D00F0DBBA606B091D00F0D7FAA06A91
:10789000854200D2A562BDE8F0810000B40000205E
:1078A0008C2400202DE9F041054600F0EBFA2E4C27
:1078B000A068401CA06020682C4F10B1606940B3E4
:1078C0002DE02560A068012829D1002606EB86005E
:1078D00007EB800000F0A4FA761C072EF6D32348AD
:1078E0008C3000F09DFA2148A03000F099FA1F4832
:1078F000B43000F095FA1D48C83000F091FA1B48EA
:10790000DC3000F08DFA19488C3060631430A063CD
:1079100005E02068E96AC06A884200D82560606A8C
:10792000401C6062E96A012022698840104320619E
:1079300001EB810007EB8000291D00F097FA00F0B1
:10794000C1FA606900280CD02068E96AC06A8842E0
:1079500007D207494FF080500860BFF34F8FBFF345
:107960006F8FBDE8F0810000B4000020B02300203C
:1079700004ED00E030B4026C0B46002A0BD0C16865
:107980001144C1608468A14201D30168C16030BC68
:107990001846F8F760BD30BC70472DE9F041856BA3
:1079A000174604460026026C82B1C7B1E068F8F7BA
:1079B00052FDE168206C091AE1602268914202D20E
:1079C000A168081AE060022F16D017E02068A8B955
:1079D000A06800F0E5FF06460020A0600EE06068A9
:1079E000F8F739FD216C606808446060A16888423E
:1079F00004D32068606001E005B16D1E6D1CA563B5
:107A00003046BDE8F08110B5044690F8510058B1F9
:107A100001280CD002280FD0502080F31188BFF32A
:107A20004F8FBFF36F8FFEE7206B00F05FFA2046A9
:107A3000BDE8104000F05ABA10BD000010484FF4E5
:107A40007051420706D0C01D0D4920F00700411AB1
:107A5000C1F570510B4A00230144C2E90003083903
:107A6000183A21F0070111604B600B600B1AC0E956
:107A7000001393604FF00040536050617047000066
:107A8000A024002008010020144E154CA6F1C807C0
:107A90004FF08058DFF84C9012E000BF00F0F2F990
:107AA000F068C568281D00F09DF9A068401EA06020
:107AB0006068401E606000F005FA2846FFF7A3FFEB
:107AC00060680028EAD138680128F9D9C9F800802F
:107AD000BFF34F8FBFF36F8FF2E7000078240020D1
:107AE000B400002004ED00E00346009829B10260D4
:107AF000C0E90F31012100F057BC0060F8E72DE923
:107B0000F0479A46DDE9098481466FF00303206B54
:107B100003EB82021044089E20F00707780707D085
:107B2000502080F31188BFF34F8FBFF36F8FFEE7B4
:107B3000002561B1002023180A5C83F834200A5C18
:107B400012B1401C1028F6D384F8435001E084F8A9
:107B50003450072E00D30626E662C4E91165201DC5
:107B600000F069F904F1180000F065F92461C6F12C
:107B700007006462A061E56484F8505052464946AB
:107B8000384600F005F92060B8F1000F01D0C8F8C0
:107B90000040BDE8F087000030B5114900E0114613
:107BA0000A688242FBD34B685C18844203D1406868
:107BB00018444860084643681C18944209D1084C90
:107BC000183C2468A24209D052681A4442600A68EC
:107BD00012680260814200D0086030BD0460F9E79D
:107BE0000801002010B5044600F04CF9A06B28B144
:107BF0005FF0000400F066F9204610BD0124F9E7AB
:107C00000648416B096829B1416BC968C968496870
:107C1000816270474FF0FF31FAE70000B4000020A6
:107C200008484068401C4FF0500080F3118804D091
:107C3000BFF34F8FBFF36F8FFEE7BFF34F8FBFF3DD
:107C40006F8FFEE7100100202DE9F041044600F09F
:107C500019F994F9455004F1240609E0606A48B125
:107C6000304600F0E9FE08B100F078FA6D1E6DB202
:107C7000002DF3DC4FF0FF3684F8456000F022F968
:107C800000F000F994F9445004F1100709E020696C
:107C900048B1384600F0D0FE08B100F05FFA6D1E22
:107CA0006DB2002DF3DC84F84460BDE8F04100F0D3
:107CB00009B900002DE9F0410546002700F0A2FABD
:107CC000324E306808B9FFF7B9FE706905424ED1EF
:107CD000C5B3083568070ED005F00700C0F10800ED
:107CE0000544680707D0502080F31188BFF34F8FF9
:107CF000BFF36F8FFEE72DB37068854237D82348F6
:107D0000183001460C6801E020460C466168A94223
:107D100002D221680029F7D131688C4227D0076848
:107D20002168016060680837411B10290FD960196C
:107D3000420708D0502080F31188BFF34F8FBFF364
:107D40006F8FFEE713E041606560FFF725FF616814
:107D50007068401A7060B268904200D2B06070697A
:107D600001430020C4E90001F068401CF06000F00D
:107D70009DFE780707D0502080F31188BFF34F8F06
:107D8000BFF36F8FFEE73846BDE8F081F0000020BA
:107D900010B5031F4FF080741C601B1F21F0010100
:107DA0001960191F044B0B6014390A60091F6FF02A
:107DB000020244380A6010BD217C000801EE100A5E
:107DC00070EEC00A0120B8EEC11A8840401E21EEB4
:107DD000201A00EE900AF8EEE01AC1EE210A30EE09
:107DE000800A7047D0E9013201699A60D0E9012325
:107DF0005A604A68824201D182684A600022026168
:107E00000868401E0860086870470000034B036064
:107E100003F15400086080201060704714030020B4
:107E200000F108014FF0FF32C0E90112C1600161A9
:107E300000210160704700210161704730B50B6877
:107E40005A1C02D000F1080202E0026904E0224656
:107E5000546825689D42FAD953684B6099608A60DE
:107E6000516008610168491C016030BD42684A6088
:107E700093688B6093685960916008610168491C40
:107E800001607047502080F31188BFF34F8FBFF31C
:107E90006F8F0A494868401C486001280CD1084887
:107EA000006810F0FF0F07D0502080F31188BFF357
:107EB0004F8FBFF36F8FFEE7704700001001002067
:107EC00004ED00E00849486828B1401E486001D12F
:107ED00080F311887047502080F31188BFF34F8FD3
:107EE000BFF36F8FFEE700001001002070B500287F
:107EF0002AD0164DA0F1080460686969084207D1CC
:107F0000502080F31188BFF34F8FBFF36F8FFEE7D0
:107F100022683AB1502080F31188BFF34F8FBFF32E
:107F20006F8FFEE78843606000F06CF960686968F5
:107F3000084468602046FFF72FFE2869401C28612E
:107F4000BDE8704000F0B2BD70BD0000F000002040
:107F50004FF0E02000210161816105494FF47A7200
:107F60000968B1FBF2F1491E4161072101617047C7
:107F7000B000002010B5F8F7D3F9114910280ED33E
:107F800000F1E02090F8F0030A78904207D25020E8
:107F900080F31188BFF34F8FBFF36F8FFEE709485F
:107FA0000068896800F4E060884207D9502080F3B7
:107FB0001188BFF34F8FBFF36F8FFEE710BD000036
:107FC000100100200CED00E010B5020014D00F48A5
:107FD000006B38B1502080F31188BFF34F8FBFF38F
:107FE0006F8FFEE700F00EF900211046FFF722FC2C
:107FF00000F05CFD002807D105494FF08050086073
:10800000BFF34F8FBFF36F8F10BD0000B40000208F
:1080100004ED00E070B50D4604000BD095B11E4A8A
:10802000106BB8B1502080F31188BFF34F8FBFF3AE
:108030006F8FFEE7502080F31188BFF34F8FBFF39F
:108040006F8FFEE7502080F31188BFF34F8FBFF38F
:108050006F8FFEE700F0D6F8D26823685919934273
:1080600004D98B420AD9914202D807E08B42FAD94F
:10807000881A21600021FFF7DDFB00E0216000F09D
:1080800015FD002807D105494FF080500860BFF367
:108090004F8FBFF36F8F70BDB400002004ED00E080
:1080A00070B50546FFF7EEFE254C05B92568281D7D
:1080B000FFF798FE58B9E86A224A00EB800152F8AF
:1080C000211021B901218140206988432061A86ADB
:1080D00018B105F11800FFF785FE606A401C606268
:1080E0002068854208D11748291DC830FFF7BEFE19
:1080F0006068401C606007E0A068401EA0602846E1
:10810000FFF781FCFFF77CFDFFF7DCFE60690028CC
:1081100014D02068854211D1206B38B1502080F3F3
:108120001188BFF34F8FBFF36F8FFEE706494FF003
:1081300080500860BFF34F8FBFF36F8F70BD00009A
:10814000B4000020B023002004ED00E002490A6AD8
:108150000260C96841607047B400002001490120F5
:10816000C8617047B400002010B50C4650B10949F1
:1081700009681831FFF762FE2046BDE81040012172
:10818000FFF758BB502080F31188BFF34F8FBFF328
:108190006F8FFEE7B400002010B586B00024039472
:1081A00005AA04A903A80494FFF730FEDDE9030142
:1081B0000094CDE9011000230EA11048059A00F0AB
:1081C0004AFB0F490028C86211D0502080F3118863
:1081D000BFF34F8FBFF36F8F4FF0FF3088620120E6
:1081E0004861CC6006B0BDE8104000F041B806B070
:1081F00010BD000049444C4500000000897A000889
:10820000B40000200248016B491C01637047000064
:10821000B40000201448016B11B10121C161704705
:108220000021C1610169B1FA81F1C1F11F0101EBC6
:1082300081020E4951F822306BB101EB820101F14C
:1082400008034A6852684A609A4201D152684A60FB
:10825000D16801607047502080F31188BFF34F8FC1
:10826000BFF36F8FFEE70000B4000020B0230020B2
:108270001CB537480168374A914207D1502080F336
:108280001188BFF34F8FBFF36F8FFEE7006831494E
:10829000491E884207D1502080F31188BFF34F8FC9
:1082A000BFF36F8FFEE72C4908780190FF2008701C
:1082B00008788DF800009DF800009DF8002000F07F
:1082C000F000904207D0502080F31188BFF34F8F09
:1082D000BFF36F8FFEE79DF80000204C00F05000C8
:1082E00020700720A06005E09DF8002052008DF866
:1082F0000020401E9DF800201206F5D4A06003283F
:1083000007D0502080F31188BFF34F8FBFF36F8FDA
:10831000FEE74FF44070A060019808700C482030D0
:10832000016841F470010160016841F07041016031
:10833000FFF70EFE00206060F7F7BAFF08480168FB
:1083400041F040410160F7F79FFF00201CBD000095
:1083500000ED00E071C20F4100E400E010010020D8
:1083600034EF00E0F8B517460E46050013D005FBC4
:1083700006F04830FFF79EFC04000AD0002084F885
:10838000460004F148023B46314628460094FFF778
:10839000ABFB2046F8BD502080F31188BFF34F8F10
:1083A000BFF36F8FFEE7000070B50D46040025D0C7
:1083B000FFF768FDD4E90F20216802FB0011A160DE
:1083C0000021A163216861600A46D4E90F01401EC3
:1083D00000FB0121E16021464FF0FF3001F8440F1E
:1083E000487004F110008DB1FFF71AFD04F124006C
:1083F000FFF716FDFFF766FD012070BD502080F3EA
:108400001188BFF34F8FBFF36F8FFEE721690029FB
:10841000F0D000F011FB0028ECD004494FF0805060
:108420000860BFF34F8FBFF36F8FE3E704ED00E009
:108430002DE9FF4782B01D468A464FF00008040030
:1084400003D0BAF1000F08D011E0502080F311885A
:10845000BFF34F8FBFF36F8FFEE7206C38B1502012
:1084600080F31188BFF34F8FBFF36F8FFEE7022DAC
:108470000AD1E06B012807D0502080F31188BFF3A8
:108480004F8FBFF36F8FFEE700F010FA3F4F4FF0B2
:1084900000094FF0805648B9049838B1502080F355
:1084A0001188BFF34F8FBFF36F8FFEE7FFF7EAFC32
:1084B000A06BE16B884207D3022D05D00498D0B1A0
:1084C000B8F1000F1AD01EE02A4651462046FFF7A9
:1084D00064FA616A19B104F1240000F0ADFA20B128
:1084E0003E60BFF34F8FBFF36F8FFFF7EBFC0120B0
:1084F00006B0BDE8F087FFF7E5FC22E06846FFF72D
:1085000025FE4FF00108FFF7DDFCFFF77BFEFFF7CC
:10851000B9FC94F94400401C01D184F8449094F9CA
:108520004500401C01D184F84590FFF7CBFC04A91D
:10853000684600F029F930B12046FFF785FB00F0CE
:10854000B5FA0020D4E7FFF79DFCA06BE16B8842F1
:1085500013D1FFF7B7FC04F110000499FFF704FEF4
:108560002046FFF771FB00F0A1FA00289ED13E6083
:10857000BFF34F8FBFF36F8F98E7FFF7A3FC204641
:10858000FFF762FB00F092FA90E7000004ED00E0D4
:108590002DE9F0471F4690468946040003D0B9F103
:1085A000000F08D011E0502080F31188BFF34F8FE7
:1085B000BFF36F8FFEE7206C38B1502080F3118835
:1085C000BFF34F8FBFF36F8FFEE7022F0AD1E06B2F
:1085D000012807D0502080F31188BFF34F8FBFF3DD
:1085E0006F8FFEE7FFF7C6FC5020EFF3118680F394
:1085F0001188BFF34F8FBFF36F8FA06BE16B884281
:1086000006D3022F04D0002086F31188BDE8F0873E
:1086100094F94550A06B3A4649462046FFF7BDF90C
:10862000681C04D06D1C84F845500120ECE7606A9A
:108630000028FAD004F1240000F0FEF90028F4D05C
:10864000B8F1000FF1D00121C8F80010EDE70000EB
:108650002DE9F747002683B08A46040003D0BAF11B
:10866000000F08D011E0502080F31188BFF34F8F26
:10867000BFF36F8FFEE7206C38B1502080F3118874
:10868000BFF34F8FBFF36F8FFEE700F00FF9DFF8F6
:10869000F4804FF000094FF0805748B9059838B181
:1086A000502080F31188BFF34F8FBFF36F8FFEE729
:1086B000FFF7E8FBA56BC5B151462046FFF75AF915
:1086C0006D1EA563206950B104F1100000F0B4F9EB
:1086D00028B1C8F80070BFF34F8FBFF36F8FFFF75B
:1086E000F1FB012006B0BDE8F087059808B11EB186
:1086F00006E0FFF7E7FB27E06846FFF727FD0126C6
:10870000FFF7E0FBFFF77EFDFFF7BCFB94F94400A9
:10871000401C01D184F8449094F94500401C01D1DB
:1087200084F84590FFF7CEFB05A9684600F02CF8C9
:10873000002820460AD0FFF787FA00F0B7F9204654
:10874000FFF750FA0028B3D00020CBE7FFF74AFA32
:1087500090B104F124000599FFF706FD2046FFF7CC
:1087600073FA00F0A3F90028A2D1C8F80070BFF393
:108770004F8FBFF36F8F9BE72046FFF765FA00F03E
:1087800095F995E704ED00E02DE9F0410C46050070
:1087900011D0C4B1FFF776FB174BDA686E6820681A
:1087A000911B471C17D02F681B6A9F4219D0964215
:1087B00017D8012410E0502080F31188BFF34F8FA9
:1087C000BFF36F8FFEE7502080F31188BFF34F8F08
:1087D000BFF36F8FFEE70024FFF774FB2046BDE870
:1087E000F081884205D9401A20602846FFF7AEFC88
:1087F000F1E700202060DCE7B40000202DE9FF5FF6
:108800008346DDE90E87994616468A469000FFF7B3
:1088100051FA05001CD05420FFF74CFA040014D084
:108820000020256384F85100CDE90240CDE900879E
:108830004B46324651465846FFF761F92046FFF74E
:1088400031F8012004B0BDE8F09F2846FFF74EFB49
:108850004FF0FF30F6E7F0B585B0DDE90B640A9D17
:10886000A6B1DCB1542700972663022684F8516034
:10887000002604AFCDE90246CDE90057FFF73FF9E6
:108880002046FFF70FF8049805B0F0BD502080F3A4
:108890001188BFF34F8FBFF36F8FFEE7502080F337
:1088A0001188BFF34F8FBFF36F8FFEE70548416913
:1088B00019B1006B18B100207047012070470220E9
:1088C00070470000B40000200148C06870470000F5
:1088D000B40000202DE9F0412F4C0026206B28B178
:1088E000A069401CA0613046BDE8F081E5686D1CC0
:1088F000E56013D1606B006838B1502080F31188B7
:10890000BFF34F8FBFF36F8FFEE7606BA16B6163A7
:10891000A063206A401C2062FFF772F9A06ADFF8AA
:108920007C80854209D3606B0068A0B1606BC06831
:10893000C7687868854211D2A0622068C06A00EBDF
:10894000800158F82100012800D90126E06900289B
:10895000C9D00126C7E74FF0FF30EDE7381DFFF71C
:1089600041FAB86A18B107F11800FFF73BFAF96A43
:108970000120226988401043206101EB810108EB4E
:108980008100391DFFF772FAF86A2168C96A8842C6
:10899000C9D30126C7E70000B4000020B02300209F
:1089A00070B504004FF0000140D0214D286884428A
:1089B00007D0502080F31188BFF34F8FBFF36F8F24
:1089C000FEE7A06C38B1401EA064636CE26A9A4274
:1089D0002CD040B12AE0502080F31188BFF34F8F94
:1089E000BFF36F8FFEE7201DFFF7FCF9114A01214D
:1089F00050B9E06A00EB800352F8233023B92B69A9
:108A000001FA00F083432B61606CE062C0F1070063
:108A1000A061E06A2B6981401943296100EB800065
:108A200002EB8000211DFFF721FA0121084670BDED
:108A3000B4000020B02300202DE9F041C068C468D4
:108A4000ACB104F118000746FFF7CCF9154D286BBF
:108A50000126A0B139461448FFF708FAE06A2968F0
:108A6000C96A88421CD90120EE61BDE8F08150201E
:108A700080F31188BFF34F8FBFF36F8FFEE7201D88
:108A8000FFF7B0F9E16A2A6906FA01F0104328619C
:108A900001EB81000449B43901EB8000211DDBE7C3
:108AA0000020E2E7B4000020642400202DE9F04714
:108AB0002C4D00242746286B38B1FFF7E3F9286BCB
:108AC000401E2863286B40B146E0502080F3118897
:108AD000BFF34F8FBFF36F8FFEE7A968224E0120CF
:108AE000D1B3A6F1B40980463068E8B1F068C46833
:108AF00004F11800FFF776F9201DFFF773F9E06A1B
:108B00002A6908FA00F11143296100EB800109EBA1
:108B10008100211DFFF7AAF9E06A2968C96A884225
:108B2000E2D3C5F81C80DFE70CB1FFF769F8AC6948
:108B300044B14646FFF7CEFE00B1EE61641EF9D1A6
:108B40000020A861E86938B10849012738070860A2
:108B5000BFF34F8FBFF36F8FFFF7B4F93846BDE80F
:108B6000F0870000B40000206424002004ED00E041
:108B70004FEA41034FEA5353A3F58063D3F11E0339
:108B8000C8BFD3F1210C0CDD4FF0004242EAC122F4
:108B900042EA505232FA03FC8CEAE17CACEBE17021
:108BA0007047102BC4BF0020704703F5787CBCF1E0
:108BB000FF3F04D06FF0004282EA2100704770B599
:108BC00000F0C6F84992248000207047F2E710F0C8
:108BD000004248BF4042B0FA80F310FA03F10AD0D5
:108BE000C3F11D0303F580634FEA415002EB0352CA
:108BF00002EBD12170474FF000007047DFF848C109
:108C000070B51CEA111E1EBF1CEA13159EEA0C0F5C
:108C100095EA0C0F00F06F8081EA030423EA4C13FD
:108C20004EEAD47E21EA4C1141F4801143F48013C2
:108C3000AE44A1FB024CA0FB0365AEF17F7E36196A
:108C400055EB0C05A1FB034C4CF10003A0FB021CEF
:108C500016EB0C06654153F10003094218BF46F0BC
:108C6000010613F4007F0BD14FEA03314FEA0530C0
:108C7000340341EA155140EA16506FF003020AE04E
:108C80004FEAC3214FEAC520F40241EA555140EAB8
:108C900056506FF0020202EB2E4201EB025585EABC
:108CA000CE710AD05FEA440C18BF24F0004450F1A2
:108CB000000041F1000120EAD47040F2FE7C6245E0
:108CC00000D270BDA84214BF4FF080444FF0404422
:108CD000002E08BF0024BEF1806FA8BFA1F1C041E3
:108CE000BDE8704080F282804FF0000001F1C04189
:108CF00001F0004170479EEA0C0F0CEA131518BFF3
:108D000095EA0C0F06D04FF0000081EA030E0EF03A
:108D1000004170BD00F01CF88900013E00F007B86A
:108D200000F009B84FEA430C5FEA5C5C08D081EAC6
:108D3000030100F05BB84FEA410C5FEA5C5CF6D1DE
:108D40004FF00000014970470000FF070000F87F66
:108D50000EF1020E2EF0030E5EF8046B364205D4BF
:108D6000012A43EB030515F5001F12D8012841EB3A
:108D7000010C1CF5001F0CD80ED14FEAD17C15F563
:108D8000001F0CEB4C0C0CF1020C08BF4CEBD37C1D
:108D900004E04FF0080C01E04FEAD37C0CEB4C05EB
:108DA00026FA05F606F00706B6F1040C06D20EEB1D
:108DB000860CBDE870404CF0010C6047DFE80CF019
:108DC000090B02024FF000414FF00000A1F5002115
:108DD00070BD19461046012851EB010418BFD4F5A7
:108DE000001484BF002001F0004170BD0808A0F508
:108DF00000114FEA310170474FF04070E1EE100A68
:108E000070470000749500082F540008000000000F
:108E100000000000800000000000000000000000D2
:108E2000809500080D060008030000000000000007
:108E30008000000000000000000000004C950008C9
:108E40006D0A000801000000000000008000000022
:108E5000000000000000000060950008B10A000852
:108E60000100000000000000800000000000000081
:108E7000000000003C950008BD070008020000004B
:108E800000000000000100000000000000000000E1
:108E900028950008CD5200080300000000000000E3
:108EA000000200000000000000000000EC94000838
:108EB000F15900080100000000000000000100005E
:108EC0000000000000000000CC940008D159000808
:108ED0000100000000000000000100000000000090
:108EE00000000000A8940008910D00080200000096
:108EF0000000000000010000000000000000000071
:108F0000B894000889760008000000000000000006
:108F1000800000000000000000000000089500082C
:108F2000E94200080100000000000000800000008D
:108F300000000000000000000006101600061016D9
:108F400000000000000000000102030406070809F9
:108F50000000000001020304000040400000404007
:108F600000000040000000400000803F00000000C2
:108F700000000000000040400000404000000040B1
:108F80000000803F0000803F00000000000080BF24
:108F90000000004000000040000000400000803F52
:108FA00000000000000080BF000080BF0000004003
:108FB000000000400000803F00000000000080BF73
:108FC000000000C0000000C00000803F0000803FA3
:108FD00000000000000080BF000080BF000000C053
:108FE000000000C00000803F00000000000080BFC3
:108FF000000000C0000000C0000000C0000040C031
:109000000000000000000000000000C0000000C0E0
:10901000000000C0000040C0000040C0000040C090
:10902000000040C0000000C0000000C0000080BF81
:109030000000000000000000000040C0000040C030
:10904000000000C0000080BF000080BF00000000E2
:1090500000000000000040C0000000C0000080BF11
:10906000000080BF000000000000803F0000803F43
:10907000000000C0000000C0000080BF0000000031
:109080000000803F0000004000000040000080BF62
:10909000000080BF000000000000803F0000803F13
:1090A0000000004000004040000000000000000000
:1090B0000000803F0000803F000000400000404072
:1090C0000000404000000000000000000000803F61
:1090D0000000004000000040000040400000404010
:1090E0000000803F000080BF000040C0000040C082
:1090F000000040C0000000C00000803F0000803F32
:10910000000080BF000040C0000000C0000000C0A0
:10911000000080BF0000000000000000000080BFD1
:10912000000000C0000000C0000080BF000080BF41
:109130000000000000000000000080BF000080BFB1
:10914000000080BF000080BF000080BF0000000062
:10915000000000000000000000000000000000000F
:10916000000000000000000000000000000040407F
:10917000000080BF0000803F0000803F0000803F73
:109180000000803F000040400000404000000040E0
:1091900000000040000000400000803F0000803FD1
:1091A00000004040005EBCE2613FDD83C29C7E2047
:1091B000A3FD1F419DC3217FFCA2401E5F01E3BDB3
:1091C0003E6082DC237D9FC1421CFEA0E1BF5D03A7
:1091D00080DE3C62BEE0025CDF81633D7C22C09E9B
:1091E0001D43A1FF4618FAA427799BC584DA386687
:1091F000E5BB5907DB856739BAE406581947A5FB73
:109200007826C49A653BD987045AB8E6A7F91B4566
:10921000C6987A24F8A6441A99C7257B3A6486D85A
:109220005B05E7B98CD2306EEDB3510F4E10F2AC46
:109230002F7193CD114FADF3702ECC92D38D6F3132
:10924000B2EC0E50AFF1134DCE90722C6D33D18F26
:109250000C52B0EE326C8ED0530DEFB1F0AE4C121A
:1092600091CF2D73CA947628ABF517490856B4EA06
:109270006937D58B5709EBB536688AD495CB2977F2
:10928000F4AA4816E9B7550B88D6346A2B7597C9E6
:109290004A14F6A8742AC896154BA9F7B6E80A54DA
:1092A000D7896B350000891112239B322446AD57B4
:1092B0003665BF74488CC19D5AAFD3BE6CCAE5DB1E
:1092C0007EE9F7F88110080193331A22A5562C473E
:1092D000B7753E64C99C408DDBBF52AEEDDA64CBFE
:1092E000FFF976E802218B30100299132667AF76DA
:1092F0003444BD554AADC3BC588ED19F6EEBE7FADE
:109300007CC8F5D983310A2091121803A7772E66FD
:10931000B5543C45CBBD42ACD99E508FEFFB66EABD
:10932000FDD874C904428D5316619F702004A9159D
:109330003227BB364CCEC5DF5EEDD7FC6888E1999D
:109340007AABF3BA85520C4397711E60A1142805BD
:10935000B3373A26CDDE44CFDFFD56ECE99860897D
:10936000FBBB72AA06638F7214409D512225AB3459
:109370003006B9174EEFC7FE5CCCD5DD6AA9E3B85D
:10938000788AF19B87730E6295501C41A3352A247D
:10939000B1163807CFFF46EEDDDC54CDEBB962A83D
:1093A000F99A708B088481951AA793B62CC2A5D31D
:1093B0003EE1B7F04008C919522BDB3A644EED5F2D
:1093C000766DFF7C899400859BB712A6ADD224C32D
:1093D000BFF136E0C1184809D33B5A2AE55E6C4F0D
:1093E000F77D7E6C0AA583B4188691972EE3A7F2C9
:1093F0003CC0B5D14229CB38500AD91B666FEF7EED
:10940000744CFD5D8BB502A499961087AFF326E2EC
:10941000BDD034C1C3394A28D11A580BE77F6E6ECC
:10942000F55C7C4D0CC685D71EE597F42880A1918C
:109430003AA3B3B2444ACD5B5669DF78600CE91DAC
:10944000722FFB3E8DD604C79FF516E4A9902081AC
:10945000BBB332A2C55A4C4BD7795E68E11C680D8C
:10946000F33F7A2E0EE787F61CC495D52AA1A3B048
:109470003882B193466BCF7A5448DD59622DEB3C6C
:10948000700EF91F8FF706E69DD414C5ABB122A06C
:10949000B9923083C77B4E6AD5585C49E33D6A2C4C
:1094A000F11E780F0000807F5461736B5F44543766
:1094B0005F48616E646C65005461736B5F564F4624
:1094C000415F48616E646C65000000005461736B1D
:1094D0005F436F6D6D756E696361746546726F6D24
:1094E00050435F48616E646C650000005461736BAB
:1094F0005F436F6D6D756E6963617465546F504342
:109500005F48616E646C65005461736B5F4A34330D
:1095100031305F6F6E6C696E65436865636B5F4881
:10952000616E646C65000000526F626F745F436F20
:109530006E74726F6C5F5461736B000043616E5F99
:1095400053656E645461736B0000000043616E31BB
:109550005F526563656976655461736B0000000056
:1095600043616E325F526563656976655461736B02
:109570000000000064656661756C745461736B0073
:1095800053746172745461736B000000AC950008F1
:109590000000002014030000C4010008FC9600082D
:1095A00014030020E468000020020008014013E9D1
:1095B0005F140819601B0825041A4D041A79041A4F
:1095C000C9141AF504170403090412011402020253
:1095D000164083044057260201020301031A1A03AE
:1095E00013D5091B08D1041ACD041AF904133D0A36
:1095F0001A0833118210036124F41AAA0101111C04
:1096000001104704000E34C7CDCC4C3F6F12033A13
:109610008FC2F53C1A49D41A990439531A08EC1927
:109620000413A8621420254314084D401B08C504E8
:1096300013254114080D441B08AD0C131D0B140811
:1096400065451B08D904415A500401200D1244FD00
:10965000BC020C6570FE90012340402320412F90F6
:1096600041CDCC0C40D401101A417C1B850C04194F
:10967000084B795280211264C3881303289CFF137E
:10968000311214088D116C08A9534CA11481018268
:10969000130A0629A82A40A114090243130201252E
:1096A000C03209041B01020B130524161001052406
:1096B000011009010424020205240617010705828E
:1096C0000308151009040133020A1D07050102D61B
:1096D0002C070581071113415C1408B15A4C08E7A7
:1096E0005D7013455B1408FF591B087514C11AC53A
:0C96F000181A89041A05301A7D080000C1
:040000050800018965
:00000001FF
