:020000040800F2
:10000000006E002029030008B56300089F50000817
:100010003D620008610A00086D9F000800000000B2
:10002000000000000000000000000000690200085D
:100030001115000800000000C50200088D6C0008C2
:100040004303000843030008430300084303000878
:100050004303000843030008430300084303000868
:100060004303000843030008430300084303000858
:10007000AD130008430300084303000843030008CE
:10008000430300084303000843030008750A0008FF
:10009000650A0008430300084303000843030008FF
:1000A00043030008A16D0008430300084303000850
:1000B0004303000843030008430300084303000808
:1000C00043030008430300084303000843030008F8
:1000D000430300084303000843030008DD740008DD
:1000E00043030008430300084303000843030008D8
:1000F00043030008430300084303000843030008C8
:1001000043030008430300084303000843030008B7
:1001100043030008430300084303000843030008A7
:1001200043030008BD130008CD1300084303000873
:10013000430300084303000843030008950A00082E
:10014000850A000843030008430300083D640008D3
:100150004303000843030008DD130008ED740008A2
:100160004303000843030008430300084303000857
:100170004303000843030008430300080000000095
:10018000430300084303000800F002F800F05CF8A5
:100190000AA090E8000C82448344AAF10107DA45E2
:1001A00001D100F051F8AFF2090EBAE80F0013F0D8
:1001B000010F18BFFB1A43F001031847A0C8000045
:1001C000C0C800000A444FF0000C10F8013B13F0C7
:1001D000070408BF10F8014B1D1108BF10F8015BA0
:1001E000641E05D010F8016B641E01F8016BF9D193
:1001F00013F0080F1EBF10F8014BAD1C0C1B09D1EA
:100200006D1E58BF01F801CBFAD505E014F8016B5B
:1002100001F8016B6D1EF9D59142D6D370470000ED
:100220000023002400250026103A28BF78C1FBD8FF
:10023000520728BF30C148BF0B6070471FB50BF095
:10024000E0FE1FBD10B510BD00F0A6F91146FFF786
:10025000F5FF09F031FF00F0C4F903B4FFF7F2FF36
:1002600003BC00F0CBF900002C4B19680868B0E81B
:10027000F04F80F30988BFF36F8F4FF0000080F3D9
:10028000118870470000000008480068006880F38B
:1002900008884FF0000080F3148862B661B6BFF39F
:1002A0004F8FBFF36F8F00DF00BF00BF08ED00E08E
:1002B000DFF80C00016841F470010160704700BF75
:1002C00088ED00E0EFF30980BFF36F8F134B1A68DE
:1002D0001EF0100F08BF20ED108A20E9F04F1060CB
:1002E00009B44FF0500080F31188BFF34F8FBFF374
:1002F0006F8F0AF04DFE4FF0000080F3118809BCAB
:1003000019680868B0E8F04F1EF0100F08BFB0EC95
:10031000108A80F30988BFF36F8F7047B000002008
:10032000EFF30580704700000948804709480047FF
:10033000FEE7FEE7FEE7FEE7FEE7FEE7FEE7FEE795
:10034000FEE7FEE704480549054A064B70470000F2
:10035000796D00088901000800680020006E002007
:10036000006A0020006A002053EA020C00F0698055
:100370002DE9F04B4FF00006002B1FBFB3FA83F5B9
:1003800003FA05F424FA05F65E4012BF1643B2FAEA
:1003900082F502FA05F4C5F120051EBF22FA05FC1C
:1003A00044EA0C04203556EA044C4FEA144418BFC2
:1003B000641C4FF000084FF00009904271EB030CF1
:1003C00039D3002919BFB1FA81F701FA07F6B0FA5B
:1003D00080F700FA07F6C7F120071EBF20FA07FCD6
:1003E00046EA0C062037B6FBF4FCA7EB0507103FE6
:1003F00007F01F0BCBF120060CFA0BFB2CFA06F6CC
:1004000044BFB3460026202FA4BF5E464FF0000B2A
:100410005BEA060C08BF4FF0010B19EB0B09ABFBB5
:10042000027C48EB0608C01B06FB02CC0BFB03CC8E
:1004300071EB0C01C1E70B46024641464846BDE858
:10044000F08B13B54FF000004FF00001AFF30080C8
:10045000BDE81C407047032A40F2308010F0030CC6
:1004600000F0158011F8013BBCF1020F624498BF07
:1004700011F801CB00F8013B38BF11F8013BA2F1A4
:10048000040298BF00F801CB38BF00F8013B11F01F
:10049000030300F02580083AC0F0088051F8043BBF
:1004A000083A51F804CBA0E80810F5E7121D5CBF2C
:1004B00051F8043B40F8043BAFF30080D20724BF5F
:1004C00011F8013B11F801CB48BF11F8012B24BFF3
:1004D00000F8013B00F801CB48BF00F8012B704742
:1004E00010B5203AC0F00B80B1E81850203AA0E8CF
:1004F0001850B1E81850A0E81850BFF4F5AF5FEA03
:10050000027C24BFB1E81850A0E8185044BF18C9B5
:1005100018C0BDE810405FEA827C24BF51F8043B5C
:1005200040F8043B08BF7047D20728BF31F8023BB0
:1005300048BF11F8012B28BF20F8023B48BF00F844
:10054000012B70474FF0000200B5134694469646C3
:10055000203922BFA0E80C50A0E80C50B1F12001D6
:10056000BFF4F7AF090728BFA0E80C5048BF0CC084
:100570005DF804EB890028BF40F8042B08BF7047E2
:1005800048BF20F8022B11F0804F18BF00F8012B54
:100590007047704770477047754600F02BF8AE46BD
:1005A00005006946534620F00700854618B020B57F
:1005B000FFF7C8FEBDE820404FF000064FF00007EF
:1005C0004FF000084FF0000B21F00701AC46ACE8FB
:1005D000C009ACE8C009ACE8C009ACE8C0098D4668
:1005E000704710B50446AFF300802046BDE81040C8
:1005F000FFF733BE00487047A0670020014918206C
:10060000ABBEFEE7260002007047000000BF0AF004
:1006100035FA01229102414802F084FA0121404852
:1006200000F058FA02213F4800F054FAB2EE042AD2
:10063000DFED3D1AB3EE091ADFED3C0A9FED3C0AEF
:100640003C4809F003FDB2EE042ADFED371AB3EEA1
:10065000091ADFED360A9FED360A374809F0F6FC35
:10066000B0EE082ADFED351AB1EE041AFBEE0E0AE1
:10067000B3EE0E0A324809F0E9FCB7EE002ADFEDCE
:100680002F1A9FED291AFAEE040AB2EE040A2D4839
:1006900009F0DCFC41F288329100B3EE0E1ADFED76
:1006A0002A0A9FED2A0A2A4804F0FCFC41F288320B
:1006B0009100B3EE0E1ADFED240A9FED240A2548BF
:1006C00004F0F0FC9FED243ADFED242A9FED242A6C
:1006D000F6EE001AB6EE001ADFED180A9FED210AB9
:1006E000214806F0E5F84FF47A7244F62061B0EE46
:1006F000081AF6EE000A9FED1B0A1C4804F0D2FC13
:1007000000F000FB00F046FE194800680AF038FBD4
:100710000AF0DEF9012009F0F0FC78E7001C024045
:100720003005002058050020CDCCCC3D0000C8C2CB
:100730000000C84210610020506100200AD7233C0D
:1007400090610020D06100200000000000002042E5
:100750005C660020AC66002000002F440000FA45D3
:1007600000409C4600004842FC6600205067002084
:10077000340000208AB000BF4FF0FF3269460548C0
:1007800000680AF0CBFE09AB07AA01A9009801F0A6
:100790000CF9F1E70800002070B505460C4600266C
:1007A0000DB1022C00D870BD611EFF22284601F059
:1007B000BBF80646601E2E5400BFF4E700B585B0B6
:1007C000002003900490019002903B480088000AAA
:1007D0008DF80C00384800788DF80D0036484088B8
:1007E000000A8DF80E00344880788DF80F003248EA
:1007F0008088000A8DF810002F4800798DF81100CC
:100800002D480089000A8DF812002B48007A8DF8D7
:10081000130003A840F20F13002228490090284833
:10082000006800F071F924484089000A8DF804003E
:100830002148807A8DF805001F48C07D8DF806009C
:100840009DF807001C49497E01F0010108438DF81D
:1008500007009DF807001849097B01F0010140EAF3
:1008600041008DF807009DF807001349097E01F04B
:10087000010140EA81008DF807009DF807000E494C
:10088000897E01F0010140EAC1008DF807000A48A5
:10089000807D8DF808000B48807B8DF8090001A849
:1008A00040F21F130022054900900548006800F03F
:1008B0002BF905B000BD0000706300205805002032
:1008C00008000020080200200FB49DF81D009DF8CC
:1008D0001C1040EA012000B21649C8819DF81F1083
:1008E0009DF81E0041EA0020124948849DF821101D
:1008F0009DF8200041EA002000B200EE100AB8EE98
:10090000C00A0C4880ED040A90ED040ADFED0A0AE3
:1009100080EE201A80ED041A9DF8220000F00100FC
:100920000449C8769DF82200C0F34000888404B0D2
:10093000704700007063002000007A4410B5404802
:10094000006940490968401AB0F5C87F40D33E4964
:1009500009693E4A1268881A002801DB014600E056
:1009600041420C46322C2ADA3948007838BB012043
:100970003749087032480069364908604FF47A7088
:100980003149C8800846B0F9020001EE100AB8EEFD
:10099000C11AF0EE410A0846B0F9060001EE100A4D
:1009A000B8EEC11AB0EE410A2B492C4805F0E1FE21
:1009B000BDEEC00A10EE100A00B22349C8822048DA
:1009C000006920490860204800692049086000BF8C
:1009D0001F48007880B31A4800691E490968401A08
:1009E000C82807D300201A4908701748006914491D
:1009F000486122E04FF47A701349C8800846B0F984
:100A0000020001EE100AB8EEC11AF0EE410A0846E3
:100A1000B0F9060001EE100AB8EEC11AB0EE410AB4
:100A20000D490E4805F0A5FEBDEEC00A10EE100AF5
:100A300000B20549C88210BDFFE700BFFBE7000018
:100A400018020020E8010020F0630020EC010020E3
:100A5000F0010020F4010020906100205067002088
:100A600000BFFEE710B5024801F09FF910BD00007D
:100A70003005002010B5024801F097F910BD0000C4
:100A80003005002010B5024801F08FF910BD0000BC
:100A90005805002010B5024801F087F910BD00008C
:100AA0005805002070B504460D46002020616061A5
:100AB0006062A0610120E06120620020206060602F
:100AC000A060E0602146284601F014F808B100F06B
:100AD00035FD70BD70B504460D46681EC6B206EB06
:100AE000460101EB0611074A02EB81002146FFF7A0
:100AF000D9FF204601F087FC0221204600F040FF8C
:100B000070BD0000906200202DE9F0418AB00746D8
:100B10000E4614461D46DDF8408001960CB902953C
:100B200000E003950494002105910821069100211D
:100B30008DF81C10D8F800000890D8F8040009902F
:100B400000231A4601A938460AF096FB0AB0BDE810
:100B5000F0810346042B15D007DC7BB1012B0ED0AE
:100B6000022B0DD0032B12D10BE0202B0BD0212B0D
:100B70000AD0222B09D0232B09D107E008E007E097
:100B800006E005E004E003E002E001E000E000BF71
:100B900000BF0020704700207047000010B5002201
:100BA0000449054806F05BFF0449034806F048FF86
:100BB000002010BD1C150020400800201C0D002046
:100BC00038B504460D4621460C4806F039FF0B485F
:100BD00006F002FF00236A462146094800680AF031
:100BE0001FFC009838B14FF0805006490860BFF3F1
:100BF0004F8FBFF36F8F002038BD000040080020EA
:100C00000C00002004ED00E010B503460C46002166
:100C1000084610BD2DE9F04104460D4600260A485D
:100C2000D0F8BC72D7F8140210B10120BDE8F081F1
:100C30002A462146044806F012FF034806F0C2FF88
:100C400006463046F2E70000400800208EB000BFA4
:100C50004FF0FF3205A9124800680AF05FFC059CBE
:100C6000B4F5017F0DD940F20620844209D8142240
:100C700009A96846FFF734FC05A80FC804F0D2FFA5
:100C8000E6E740F207208442E2D1142209A968462F
:100C9000FFF726FC05A80FC804F03EFFD8E70000C8
:100CA000000000208EB000BF4FF0FF3205A91348AE
:100CB00000680AF033FC059C9DF8300000F00F003E
:100CC0000F49088040F20F10844209D1142209A96B
:100CD0006846FFF705FC05A80FC8FFF7F5FDE3E739
:100CE000074800880128DFD1142209A96846FFF7C8
:100CF000F7FB05A80FC804F051FAD5E7040000205F
:100D00004A02002010B5134890ED0B0A124880EDFE
:100D1000030A104890ED0B0A0F4880ED010A9FED81
:100D20000F0A0F4880ED000A9FED0C0A0A4880ED7B
:100D3000040AF2EE040AB1EE080A0A4805F086FB3E
:100D40000020094908760220C875002048760877F7
:100D500010BD0000A86300201866002000000000FD
:100D6000BC0100202C6600207063002010B56D4887
:100D7000007B01283FD16B48B0F9060000EE100A55
:100D8000F8EEC00A684890ED001A684890ED000A35
:100D900000EE810A80ED000A90ED000AF2EE060AEC
:100DA000B4EEE00AF1EE10FA04DDB2EE060A80EDD0
:100DB000000A0DE05D4890ED000AFAEE060AB4EE76
:100DC000E00AF1EE10FA03D2BAEE060A80ED000A4C
:100DD000574890ED040ADFED570A30EE200A5348D9
:100DE000D0ED000A30EE200A514880ED030A0120C0
:100DF0005149086048E04B48B0F9060000EE100A7F
:100E0000F8EEC00A484890ED001A484890ED000AF4
:100E100000EE810A80ED000A90ED000AF2EE060A6B
:100E2000B4EEE00AF1EE10FA04DDB2EE060A80ED4F
:100E3000000A0DE03D4890ED000AFAEE060AB4EE15
:100E4000E00AF1EE10FA03D2BAEE060A80ED000ACB
:100E50003948006850B9354890ED000ADFED350A91
:100E600030EE200A324880ED030A0DE03248006877
:100E7000012809D12D4890ED000ADFED2E0A30EE51
:100E8000200A2B4880ED030A294890ED030AF2EE70
:100E9000060AB4EEE00AF1EE10FA04DDB2EE060A3C
:100EA00080ED030A0DE0224890ED030AFAEE060AEF
:100EB000B4EEE00AF1EE10FA03D2BAEE060A80EDC3
:100EC000030A1E4890ED000ABDEEC00A10EE100A9B
:100ED00040B21B4981F840001A4890ED000ABDEE6F
:100EE000C00A10EE100A40B281F84100164890ED99
:100EF000000A084680ED0C0A144890ED000A0846E6
:100F000080ED0D0A0A48D0ED030AB0EE600A1048E1
:100F100005F0BCFA064890ED030A094880ED0B0A7B
:100F200010BD000070630020D0010020DC01002013
:100F30001866002000000000D8010020C801002031
:100F4000A8630020CC010020C4010020C0010020C3
:100F50002C66002010B5FFF709FF10BD10B52DED70
:100F6000068B044694ED010A10EE101A08460AF0AA
:100F7000D7FF41EC1A0BB0EE4A0AF0EE6A0A09F00C
:100F80002BF8B0EE408AF0EE608A94ED000A10EE85
:100F9000101A08460AF0C4FF41EC1A0BB0EE4A0AD8
:100FA000F0EE6A0A09F018F8B0EE409AF0EE609A96
:100FB00053EC182B51EC190B0AF078FE04D29FED7C
:100FC000090A84ED000A09E094ED000AD4ED000A54
:100FD0009FED051A00EEC10A84ED000ABDEC068BF8
:100FE00010BD000000000000CDCC4C3E10B52DED32
:100FF000048BD948007801287ED10020D64908709A
:10100000D6480078A92805D1D4484078532801D182
:10101000012000E00020D24988770846807F10B97F
:10102000BDEC048B10BD10240B222146CB4809F0E7
:1010300027F8A0F5806000B2C94908800B2204F1AE
:101040000B01C64809F01CF8A0F5806000B2C44945
:1010500048800B2204F11601C04809F011F8A0F5F0
:10106000806000B2BE4988800B2204F12101BB4898
:1010700009F006F8A0F5806000B2B949C8800222E4
:101080003C21B64808F0FCFFB549087201223E2118
:10109000B24808F0F5FFB249487201223F21AF483B
:1010A00008F0EEFFAE49887201224021AB4808F0FB
:1010B000E7FFAB49C8720B224121A84808F0E0FFC6
:1010C000A0F5806000B2A649888101224C21A34886
:1010D00008F0D6FFA2498873102250219F4808F0DB
:1010E000CFFF00B29E490882102260219B4808F081
:1010F000C7FF00B29A4900E029E14882102270211E
:10110000964808F0BDFF00B29549888202228021EE
:10111000924808F0B5FF92498875022282218F48D3
:1011200008F0AEFF8E49C875022284218B4808F072
:10113000A7FF8B49087610228821884808F0A0FF75
:1011400087494883488B1C3109F0F2FB8448007AB8
:10115000012866D182488088824908808048C088FA
:10116000404200B24880002008737D484088C88013
:101170007B48008808817A48808988807A4890ED89
:10118000000ABDEEC00A10EE100A00B24881744891
:10119000C17A764804F0E0F97148817A744804F025
:1011A000DBF96F48417A734804F0D6F96F48007A4A
:1011B00038B16C48407E08B9012000E00020694940
:1011C00048766848407E01280FD16548807B012819
:1011D00004D1694908736949087109E00120664929
:1011E000087300206549087102E000206349087116
:1011F0006048007A50B15B48807D401C5949887531
:101200000846807D022801DD002088755848007A54
:1012100018B101205349887698E00020514988761A
:1012200094E04F48007A02287BD14D4880884D4990
:1012300008804B48C088404200B2488001200873B3
:101240004749B1F902000AF01AFD41EC190B9FED74
:101250004C0B53EC102B0AF065FD41EC180B0AF017
:10126000DFFC00B23F49C8803D48008808813C4807
:101270008089404200B288803B4890ED000ABDEE74
:10128000C00A10EE100A00B248813F4890ED000AF3
:101290003E4880ED040A3248C17A344804F05CF9D3
:1012A0002F48817A324804F057F92D48417A314865
:1012B00004F052F92D48007A38B12A48407E08B926
:1012C000012000E00020274948762648407E01287A
:1012D0000FD12348807B012804D12749087327496F
:1012E000087109E00120244908730020234908718E
:1012F00002E00020214908711E48007A50B11948C7
:10130000807D401C174988750846807D022801DDD4
:10131000002088751648007A20B10120114988768E
:1013200014E003E000200F4988760FE00C48007AB3
:1013300020B90B49164804F043F907E00020094999
:1013400008730880488088800881C88000BFFFF744
:1013500035FA00BF64E60000A4010020DC6500202F
:10136000D06400207063002018010020F465002084
:10137000006600200C6600200802002044020020C5
:101380009A9999999999C93F1C01002018660020E3
:10139000F064002010B515220249034803F0FBFA5F
:1013A00010BD0000DC6500203006002010B50248AA
:1013B00001F0CAF810BD00003807002010B502483F
:1013C00001F0C2F810BD00009807002010B50248D7
:1013D00001F0BAF810BD00007806002010B50248F0
:1013E00001F0B2F810BD0000D806002001460878D0
:1013F00010381823B0FBF3F20848805CC865032A54
:1014000005D908686FF30900001D886503E00868C6
:101410006FF309008865886D7047000024C40008D8
:10142000014600208A6A8B69CBB932B1012A0DD0FE
:10143000022A03D0032A10D10EE000BFCB6A03F0CA
:101440008073B3F1807F00D1012007E0CB6AB3F154
:10145000C07F00D1012001E000E000BF34E08B69D3
:10146000B3F5005F1AD132B1012A07D0022A03D0A6
:10147000032A11D10AE000BF01200EE0CB6A03F07D
:101480008073B3F1807F00D1012006E0CB6AB3F115
:10149000C07F00D1012000E000BF15E032B1012A79
:1014A00005D0022A04D0032A0CD103E000BF00BFFC
:1014B000012008E0CB6A03F08073B3F1807F00D194
:1014C000012000E000BF00BF704730B50468246809
:1014D00024F4802405682C60046863608468402CD0
:1014E00004D10468A2600468E16003E00468A160BC
:1014F0000468E26030BD08B50AF0AAF9009000BFA8
:1015000000BFFFF773FD0521684609F0CFFBF8E740
:101510007047000010B50848007B012808D1064834
:10152000407B012804D104F047FFFFF707FA01E0F0
:1015300005F076FB10BD00000802002072B600BF67
:10154000FEE7000010B500F061F82A4890ED000AAF
:10155000FFEE000A20EE200ABDEEC00A10EE100ACF
:1015600001B22548A0F88810224890ED000ABDEE8F
:10157000C00A10EE100A01B21F48A0F8A810B0F976
:10158000820001EE100AB8EEC11AF0EE410A1A48C4
:10159000B0F9880001EE100AB8EEC11AB0EE410AA7
:1015A0001649174805F0E5F8BDEEC00A10EE100A1E
:1015B00001B21148A0F89610B0F9A20001EE100A8D
:1015C000B8EEC11AF0EE410A0B48B0F9A80001EEDE
:1015D000100AB8EEC11AB0EE410A0A490A4805F0ED
:1015E000C8F8BDEEC00A10EE100A01B20248A0F819
:1015F000B61010BD3C0200201064002010610020D5
:101600005C66002050610020AC6600200948407EE6
:1016100028B99FED090A094880ED000A704705487E
:10162000407E012804D19FED060A044880ED000A9F
:1016300000BFF3E770630020000000003C020020C0
:1016400000C0C1450EB50346B0EE403AF0EE603A38
:10165000002000900190029003F12001F0EE630A57
:10166000B0EE430A184604F0FDF9D3ED080AB0EED7
:10167000600A03F1300103F1280004F0E1FDD3ED2D
:10168000090AB0EE600A03F13C0103F1340004F0F2
:10169000D7FD93ED0A0AD3ED0D0A60EE200A93F907
:1016A0003000C0EBC0009D4901EB800093F93C1075
:1016B00000EB810090ED001A9DED000A00EE810A1A
:1016C0008DED000A93ED0A0AD3ED0E0A60EE200AB2
:1016D00093F93000C0EBC000904901EB800193F911
:1016E0003D0001EB800090ED001A9DED000A00EE38
:1016F000810A8DED000A93ED0B0AD3ED0D0A60EE21
:10170000200A93F93100C0EBC000844901EB80004E
:1017100093F93C1000EB810090ED001A9DED000A5A
:1017200000EE810A8DED000A93ED0B0AD3ED0E0A4F
:1017300060EE200A93F93100C0EBC000774901EB5D
:10174000800193F93D0001EB800090ED001A9DEDC2
:10175000000A00EE810A8DED000A93ED0A0AD3ED2E
:101760000D0A60EE200A93F93000C0EBC0006C490E
:1017700001EB800093F93C1000EB810090ED001A22
:101780009DED010A00EE810A8DED010A93ED0A0A32
:10179000D3ED0E0A60EE200A93F93000C0EBC000D2
:1017A0005F4901EB800193F93D0001EB800090ED72
:1017B000001A9DED010A00EE810A8DED010A93EDFC
:1017C0000B0AD3ED0D0A60EE200A93F93100C0EB4D
:1017D000C000534901EB800093F93C1000EB8100FD
:1017E00090ED001A9DED010A00EE810A8DED010ACF
:1017F00093ED0B0AD3ED0E0A60EE200A93F9310047
:10180000C0EBC000464901EB800193F93D0001EBBC
:10181000800090ED001A9DED010A00EE810A8DED29
:10182000010A93ED0A0AD3ED0D0A60EE200A93F93E
:101830003000C0EBC0003B4901EB800093F93C1045
:1018400000EB810090ED001A9DED020A00EE810A86
:101850008DED020A93ED0A0AD3ED0E0A60EE200A1E
:1018600093F93000C0EBC0002E4901EB800193F9E1
:101870003D0001EB800090ED001A9DED020A00EEA4
:10188000810A8DED020A93ED0B0AD3ED0D0A60EE8D
:10189000200A93F93100C0EBC000224901EB80001F
:1018A00093F93C1000EB810090ED001A9DED020AC7
:1018B00000EE810A8DED020A93ED0B0AD3ED0E0ABC
:1018C00060EE200A93F93100C0EBC000154901EB2E
:1018D000800193F93D0001EB800090ED001A9DED31
:1018E000020A00EE810A8DED020A9DED000AF0EE7B
:1018F000080A80EE201A83ED001A9DED010AF0EE31
:10190000080A80EE201A83ED011A9DED020AF0EE1E
:10191000080A80EE201A83ED021A0EBD44C40008A6
:1019200008C50008CCC5000830B5034605E013F82B
:10193000010B80EA02040448025D081EA1F10101C6
:10194000F5D1104630BD000090C6000870B50A48B9
:101950000468001D0568001D0668344454B108225F
:101960000649204603F0CEFB0422044910312846E4
:1019700003F0C8FB70BD0000107AFF1F720000204A
:1019800010B5024692F82030012B01D0022B06D16F
:1019900010684069084314686061002010BD506AF7
:1019A00040F4802050620120F8E7F0B504460D466F
:1019B0001E4694F8207020688368A86800B900E08B
:1019C00000BF012F01D0022F7DD103F0806030B91C
:1019D00003F0006018B903F0805000287ED0C3F3F4
:1019E0000161012088403060A86860B9B5F800C086
:1019F000E86840EA4C5C206800F5C07000EB01101C
:101A0000C0F800C00FE0D5E901C040EACC00D5F82D
:101A10000CC040EA0C00D4F800C00CF5C07C0CEB04
:101A2000011CCCF80000D5F810C0206800F5C0708B
:101A300000EB0110C0F804C0287D01280ED12068F9
:101A400000F5C07000EB0110406840F4807C206815
:101A500000F5C07000EB0110C0F804C0D07900069A
:101A600092F806C040EA0C4092F805C040EA0C200B
:101A700092F804C040EA0C00D4F800C00CF5C07C19
:101A80000CEB011CCCF80C00D078000692F802C0D8
:101A900040EA0C4092F801C040EA0C2092F800C0E5
:101AA00040EA0C00D4F800C00CF5C07C0CEB011C23
:101AB000CCF80800206800F5C07000EB0110006849
:101AC00040F0010C01E00FE008E0206800F5C07074
:101AD00000EB0110C0F800C00020F0BD606A40F4C7
:101AE000001060620120F8E7606A40F480206062C4
:101AF0000120F2E7F0B504460A4694F82050012D83
:101B000001D0022D7ED1424901F50071086840F0F4
:101B100001000860086820F47C5008600868566A74
:101B200040EA06200860107D00F01F06012000FA40
:101B300006F3C8699843C861A1F50071D069C8B9B6
:101B4000D1F80C029843C1F80C02908880B29689B3
:101B500040EA064601F51070576940F83760108872
:101B600080B2168940EA064601F51070576900EB0D
:101B7000C7004660D069012819D1D1F80C0218437A
:101B8000C1F80C02908880B2168840EA064601F53A
:101B90001070576940F83760908980B2168940EA22
:101BA000064601F51070576900EBC7004660906962
:101BB00028B9D1F804029843C1F8040204E0D1F82E
:101BC00004021843C1F80402106928B9D1F81402BC
:101BD0009843C1F8140204E0D1F814021843C1F884
:101BE0001402106A012804D1D1F81C021843C1F86C
:101BF0001C02D1F8000220F00100C1F80002002010
:101C0000F0BDFFE7606A40F4802060620120F7E7E2
:101C100000640040704770B5044694F82050012DD0
:101C200001D0022D7DD151B92068C06800F00300B9
:101C300080B9606A40F400106062012070BD2068C5
:101C4000006900F0030028B9606A40F40010606287
:101C50000120F3E7206800F5D87000EB0110006860
:101C600000F004009060906840B9206800F5D870DA
:101C700000EB01100068400D106007E0206800F5DF
:101C8000D87000EB01100068C0085060206800F5B3
:101C9000D87000EB0110006800F00200D0602068EE
:101CA00000F5D87000EB0110406800F00F00082824
:101CB00002D30820106108E0206800F5D87000EB1E
:101CC0000110406800F00F001061206800F5D87026
:101CD00000EB0110406800F47F40000A906120682A
:101CE00000F5D87000EB01104068000C50612068CE
:101CF00000F5D87000EB011080681870206800F5BE
:101D0000D87000EB0110806800F47F40000A587022
:101D1000206800F5D87000EB0110806800F47F00A7
:101D200000E03CE0000C9870206800F5D87000EBF3
:101D300001108068000ED870206800F5D87000EBA4
:101D40000110C0681871206800F5D87000EB011010
:101D5000C06800F47F40000A5871206800F5D87010
:101D600000EB0110C06800F47F00000C987120683F
:101D700000F5D87000EB0110C068000ED87131B9C1
:101D80002068C06840F020002668F06005E0206808
:101D9000006940F020002668306100204EE7606A4C
:101DA00040F480206062012048E72DE9F05F04469E
:101DB0000025206846692068D0F80490206887686C
:101DC0002068D0F80CA02068D0F810B02068D0F8B7
:101DD000188006F00100002855D007F00100C0B1BE
:101DE00001202168886007F0020018B1204600F049
:101DF0003AFB0EE007F0040010B145F4006508E07E
:101E000007F0080010B145F4805502E0204600F0CC
:101E100029FB07F48070C8B14FF480702168886096
:101E200007F4007018B1204600F01FFB0EE007F425
:101E3000806010B145F4005508E007F4006010B16F
:101E400045F4804502E0204600F00EFB07F48030A8
:101E5000C8B14FF480302168886007F4003018B1B1
:101E6000204600F004FB0EE007F4802010B145F49A
:101E7000004508E007F4002010B145F4803502E089
:101E8000204600F0F3FA06F0080038B10AF010001E
:101E900020B145F4007510202168C86006F00400E8
:101EA00040B10AF0080028B108202168C860204627
:101EB00000F01CFA06F0020038B12068C06800F09B
:101EC000030010B1204600F013FA06F0400038B1CC
:101ED0000BF0100020B145F48065102021680861E6
:101EE00006F0200040B10BF0080028B1082021685E
:101EF0000861204600F084FA06F0100038B120682E
:101F0000006900F0030010B1204600F07AFA06F4F0
:101F1000003040B109F0100028B11020216848605D
:101F2000204600F06FFA06F4803040B109F0080056
:101F300028B1082021684860204600F099FA06F48C
:101F4000004088B309F0040078B306F4807020B133
:101F500008F0010008B145F0010506F4007020B159
:101F600008F0020008B145F0020506F4806020B1D7
:101F700008F0040008B145F0040506F40060A0B1C3
:101F800008F0700088B108F07000402817D006DC17
:101F900010280BD020280CD0302819D10CE0502864
:101FA00010D0602814D110E01DE019E045F00805BC
:101FB0000FE045F010050CE045F0200509E045F084
:101FC000400506E045F0800503E045F4807500E03B
:101FD00000BF00BF2068806920F070002168886120
:101FE0000420216848602DB1606A28436062204661
:101FF000FFF710FEBDE8F09F70B504460CB9012054
:1020000070BD94F8200010B9204600F0AFF82068A9
:10201000006840F001002168086000F089FD054675
:102020000DE000F085FD401B0A2808D9606A40F4E5
:1020300000306062052084F820000120E0E720687D
:10204000406800F001000028EBD02068006820F014
:1020500002002168086000F06BFD05460DE000F00D
:1020600067FD401B0A2808D9606A40F400306062AE
:10207000052084F820000120C2E72068406800F0B5
:1020800002000028EBD1207E012806D120680068DC
:1020900040F080002168086005E02068006820F0BA
:1020A000800021680860607E012806D120680068F1
:1020B00040F040002168086005E02068006820F0DA
:1020C000400021680860A07E012806D120680068D1
:1020D00040F020002168086005E02068006820F0DA
:1020E000200021680860E07E012806D12068006891
:1020F00020F010002168086005E02068006840F0CA
:10210000100021680860207F012806D1206800683F
:1021100040F008002168086005E02068006820F0B1
:10212000080021680860607F012806D120680068E7
:1021300040F004002168086005E02068006820F095
:10214000040021680860D4E90201084321690843BA
:10215000616908436168491E08432168C86100201D
:102160006062012084F82000002049E710B586B0A5
:102170000446142101A8FEF7E5F956492068884273
:1021800049D155480068401C53490860084600681A
:1021900001280FD100BF002000905048006840F097
:1021A00000704E4908600846006800F0007000901A
:1021B00000BF00BF00BF00200090484810380068F2
:1021C00040F008004549103908600846006800F0F2
:1021D0000800009000BF00BF032001900220029081
:1021E00000200390032004900920059001A93C4899
:1021F00000F09EFB00220521132000F057FD132064
:1022000000F040FD00220521142000F04FFD1420B5
:1022100000F038FD5CE033492068884258D100BFA7
:10222000002000902D48006840F080602B49086035
:102230000846006800F08060009000BF00BF26489C
:102240000068401C244908600846006801280FD136
:1022500000BF002000902148006840F000701F4936
:1022600008600846006800F00070009000BF00BFE2
:1022700000BF0020009019481038006840F00200AC
:102280001649103908600846006800F00200009006
:1022900000BF00BF60200190022002900020039048
:1022A000032004900920059001A90F4800F040FB8D
:1022B000002205213F2000F0F9FC3F2000F0E2FC65
:1022C00000220521402000F0F1FC402000F0DAFC63
:1022D00006B010BD006400403800002040380240C5
:1022E000000C0240006800400004024070470000FB
:1022F00038B504463B492068884203D100203A495A
:10230000087002E00120384908703748007800EB77
:10231000400101EB0010354901EB800000F144035E
:102320003148007800EB400101EB00102F4901EB30
:10233000800000F1280200212046FFF76CFC2A4AA9
:10234000127802EB420303EB0212284B03EB8202EA
:1023500002F12801244A127802EBC202244B03EB5B
:1023600082001C22FEF7BCF81F48007800EBC0007A
:102370001F4901EB80011C48007800EB400202EB92
:1023800000101A4A02EB8000826C406CC1E907021F
:102390001548007868B91448007800EBC000144A6A
:1023A00002EB800100236A461248006809F038F801
:1023B0000CE00D48007800EBC0000D4A02EB8001F4
:1023C00000236A460C48006809F02AF8009838B1E2
:1023D0004FF0805009490860BFF34F8FBFF36F8FF4
:1023E00038BD0000006400405401002090620020CD
:1023F00028630020000000200400002004ED00E01D
:1024000070477047704770B5044694F82000012863
:1024100022D1022084F820002068006820F001000A
:102420002168086000F084FB05460DE000F080FBA9
:10243000401B0A2808D9606A40F400306062052019
:1024400084F82000012070BD2068406800F0010081
:102450000028EBD16062F6E7606A40F40020606219
:102460000120F0E77047704770477047704770472A
:10247000704770B50446A56D00F05AFB064694F807
:102480003500022808D08020606500BF002084F855
:10249000340000BF012070BD2068006820F01600E5
:1024A000216808602068406920F080002168486148
:1024B000206C08B9A06C28B12068006820F00800E2
:1024C000216808602068006820F001002168086029
:1024D00010E000F02DFB801B05280BD92020606543
:1024E000032084F8350000BF002084F8340000BFCA
:1024F0000320D0E72068006800F001000028E8D140
:1025000094F85C103F208840A860012084F83500D2
:1025100000BF002084F8340000BF00BFBBE70146C5
:1025200091F83500022803D08020486501207047CB
:10253000052081F835000868006820F001000A686D
:1025400010600020F3E70000F8B50446002000907A
:102550008C4800684FF41651B0FBF1F7A56D2E685A
:1025600094F85C1008208840304098B120680068DA
:1025700000F0040070B12068006820F004002168B9
:10258000086094F85C1008208840A860606D40F0F6
:102590000100606594F85C1001208840304068B10B
:1025A0002068406900F0800040B194F85C10012080
:1025B0008840A860606D40F00200606594F85C108F
:1025C00004208840304068B12068006800F00200B4
:1025D00040B194F85C1004208840A860606D40F021
:1025E0000400606594F85C1010208840304078B397
:1025F0002068006800F0080050B394F85C101020C8
:102600008840A8602068006800F4802080B12068BD
:10261000006800F4002028B9206CC8B12046216C65
:10262000884715E0A06C98B12046A16C88470FE060
:102630002068006800F4807028B92068006820F0E5
:10264000080021680860206C10B12046216C884782
:1026500094F85C10202088403040002865D0206825
:10266000006800F0100000285FD094F85C10202073
:102670008840A86094F83500052828D120680068B3
:1026800020F01600216808602068406920F0800072
:1026900021684861206C08B9A06C28B120680068E6
:1026A00020F008002168086094F85C103F20884002
:1026B000A860012084F8350000BF002084F83400B1
:1026C00000BF206D10B12046216D8847F8BD2068FD
:1026D000006800F4802080B12068006800F40020C9
:1026E00028B9606C10B12046616C88471DE0E06B32
:1026F000D8B12046E16B884717E02068006800F4F5
:10270000807068B92068006820F0100021680860B7
:10271000012084F8350000BF002084F8340000BF99
:10272000E06B10B12046E16B8847606D38B3606D97
:1027300000F00100F0B1052084F835002068006841
:1027400020F001002168086000BF0098401C009044
:10275000B84200D905E02068006800F001000028B8
:10276000F3D100BF012084F8350000BF002084F8B9
:10277000340000BFE06C10B12046E16C884700BF18
:10278000A4E70000AC0000202DE9F041044600253C
:1027900000F0CEF9074614B90120BDE8F081606A67
:1027A00000B100BF022084F8350000BF002084F88B
:1027B000340000BF2068006820F001002168086034
:1027C0000AE000F0B5F9C01B052805D92020606596
:1027D000032084F83500E0E72068006800F001007D
:1027E0000028EED12068056821480540D4E90101A0
:1027F0000843E16808432169084361690843A16906
:102800000843E1690843216A08430543606A0428D4
:1028100003D1D4E90B010843054320680560206813
:10282000456925F00705606A0543606A04280DD1F3
:10283000A06A0543E06A48B12046FEF7F1FD28B1E1
:1028400040206065012084F83500A6E720684561D6
:102850002046FEF7CBFD064694F85C103F208840EA
:10286000B06000206065012084F83500002094E706
:102870003F8010F02DE9F04704460D4616461F46EE
:102880004FF00008D4F8589000BF94F834000128A5
:1028900002D10220BDE8F087012084F8340000BF97
:1028A00094F83500012825D1022084F83500002055
:1028B00060653B46324629462046FEF706FE94F800
:1028C0005C103F208840C9F808002068006840F08C
:1028D000160021680860206C28B12068006840F06C
:1028E0000800216808602068006840F00100216845
:1028F000086006E000BF002084F8340000BF4FF0FD
:1029000002084046C6E7000070B5044600F010F922
:1029100006462546681C10B104480078054400BFEF
:1029200000F006F9801BA842FAD370BDA800002071
:10293000F8B502460B460025002400200021D6E011
:10294000012606FA01F51E6806EA0504AC4274D1B8
:102950001E7906F00306012E04D01E7906F0030648
:10296000022E13D190684F000326BE40B0434F00A3
:10297000DE68BE4030439060506801268E40B04310
:102980001E79C6F300168E40304350601E7906F063
:102990000306032E09D0D0684F000326BE40B04383
:1029A0004F009E68BE403043D0601E7906F003069B
:1029B000022E13D1CF0802F1200656F827004E0749
:1029C000F70E0F26BE40B0434F07FF0E1E69BE40F4
:1029D0003043CF0802F1200646F8270010684F0068
:1029E0000326BE40B0431E7906F003064F00BE40EA
:1029F000304310605E6806F44036002E76D000BF8B
:102A0000002600963C4E366846F480463A4F3E60BB
:102A10003E46366806F48046009600BF00BF374E3B
:102A20008F0856F827008E07370F0F26BE40B04399
:102A3000334EB24202D1002624E057E0314EB2427A
:102A400001D101261EE0304EB24201D1022619E02A
:102A50002E4EB24201D1032614E02D4EB24201D1D6
:102A600004260FE02B4EB24201D105260AE02A4E81
:102A7000B24201D1062605E0284EB24201D1072616
:102A800000E008268F073F0FBE4030431B4E8F08E3
:102A900046F82700224E3068A0435E6806F4801690
:102AA00006B120431E4E3060361D3068A0435E687C
:102AB00006F4001606B12043194E361D3060184E3C
:102AC000361F3068A0435E6806F4003606B1204326
:102AD000134E361F3060361F3068A0435E6806F420
:102AE000803606B120430E4E083E3060491C102946
:102AF000FFF426AFF8BD000044380240083801401A
:102B0000000002400004024000080240000C0240A5
:102B1000001002400014024000180240001C024055
:102B2000083C01400AB1816101E00B0483617047F8
:102B30000148006870470000A000002003480068BA
:102B4000034909780844014908607047A000002043
:102B5000A800002010B50D48006840F400700B4933
:102B600008600846006840F4806008600846006815
:102B700040F480700860032000F0D6F80F2000F0C9
:102B800007F800F055F8002010BD0000003C02409E
:102B9000F0B587B004460026002700BF0020009053
:102BA0001E48006840F001001C49086008460068A3
:102BB00000F00100009000BF00BF01A902A801F0D1
:102BC00041F901F077F946001548B6FBF0F0471ED1
:102BD00014481549086040F2E7311348C160476066
:102BE000002101618160816101F086FD054695B992
:102BF0000D4801F0B5FD05466DB9192000F042F809
:102C0000102C07D200222146192000F04FF8074867
:102C1000046000E00125284607B0F0BD44380240BA
:102C200040420F0000000140F8070020A4000020EF
:102C300008B500BF002000901148006840F48040B3
:102C40000F4908600846006800F48040009000BF0B
:102C500000BF00BF00200090081F006840F08050B7
:102C6000091F08600846006800F08050009000BF0F
:102C700000BF00220F21901E00F018F808BD0000D0
:102C8000443802400146084600280DDB00BF00BF63
:102C900000F01F0301229A4043099B0003F1E02347
:102CA000C3F8002100BF00BF00BF70472DE9F05FEF
:102CB00080460D461646002707F072F9074639464A
:102CC0002A46334601F00700C0F1070ABAF1040FA3
:102CD00002D94FF0040A01E0C0F1070AD14600F121
:102CE000040ABAF1070F02D24FF0000A01E0A0F186
:102CF000030AD4464FF0010A0AFA09FAAAF1010AB6
:102D00000AEA020A0AFA0CFA4FF0010B0BFA0CFB62
:102D1000ABF1010B0BEA030B4AEA0B0421464046D8
:102D200007F046F9BDE8F09F00BF00F00702064B30
:102D300019684FF6FF031940044B0B4343EA022185
:102D4000014B196000BF70470CED00E00000FA0570
:102D500000BFBFF34F8F0748006800F4E0600649EA
:102D60000843001D03490860BFF34F8F00BF00BF39
:102D700000BFFDE70CED00E00000FA0570470246D9
:102D80001068416200207047F0B503461546186888
:102D9000446A21B944EA05401E68B06219E0186827
:102DA000806A04EB1044002208E0186800F5827085
:102DB00050F8220004EB1044501CC2B2481E90424E
:102DC000F3D844EA0547186800F582704E1E40F8B3
:102DD00026700020F0BD10B50446D4F8E00405F0DC
:102DE0006CFB10BD70B504460D4605EBC50304F140
:102DF000140101EB8301CA682946D4F8E00405F008
:102E00004FFA70BD70B504460D4605EBC50304F5D9
:102E1000157101EB8301CA682946D4F8E00405F076
:102E2000C7FA70BD10B50446D4F8E00405F048FBBD
:102E300010BD2DE9F04104460D4605F080008028C4
:102E400008D105F00F0000EBC00104F1140000EB05
:102E5000810607E005F00F0000EBC00104F51570D6
:102E600000EB81063146206806F080FD07463846B3
:102E7000BDE8F08170B504460E4606F0800080285B
:102E80000AD106F00F0000EBC00104F1140000EBC2
:102E900081050120687009E006F00F0000EBC00119
:102EA00004F5157000EB81050020687006F00F0036
:102EB000287000BF94F89404012801D1022070BD4D
:102EC000012084F8940400BF2946206806F0DCF84D
:102ED00000BF002084F8940400BF00BFEFE770B586
:102EE00004460E4606F00F002179884201D90120E0
:102EF00070BD06F0800080280AD106F00F0000EBBC
:102F0000C00104F1140000EB81050120687009E0A4
:102F100006F00F0000EBC00104F5157000EB810511
:102F2000002068700020A87006F00F00287000BF15
:102F300094F89404012801D10220D9E7012084F8F3
:102F4000940400BF2946206806F09CFA00BF0020C8
:102F500084F8940400BF00BFCAE7024601F00F00E6
:102F600000EBC00302F5157000EB83004069704769
:102F70002DE9F04705460E4690461F464FF00009E2
:102F800006F0800080280AD106F00F0000EBC00197
:102F900005F1140000EB81040120607009E006F0E7
:102FA0000F0000EBC00105F5157000EB8104002057
:102FB000607006F00F002070C8F30A00A06027714F
:102FC000607808B120786083022F01D10020607101
:102FD00000BF95F89404012802D10220BDE8F087D3
:102FE000012085F8940400BF2146286805F058FFA9
:102FF00000BF002085F8940400BF4846EEE72DE9A5
:10300000F04105460E461746984606F00F0000EBC5
:10301000C00105F5157000EB8104E760C4F810806D
:1030200000206061607006F00F002070A879012810
:1030300000D1E761AA792146286806F0B7FA002096
:10304000BDE8F08170B504460D4605F00F0021790A
:10305000884201D9012070BD05F0800080280AD186
:1030600005F00F0000EBC00104F1140000EB810635
:103070000120707007E005EBC50104F5157000EB49
:103080008106002070700120B07005F00F003070D4
:1030900000BF94F89404012801D10220DBE701204D
:1030A00084F8940400BF3146206806F032FA05F037
:1030B0000F0028B9A17904F29C42206806F0AAF911
:1030C00000BF002084F8940400BF00BFC3E72DE9CF
:1030D000F04105460E461746984606F00F0000EBF5
:1030E000C00105F1140000EB8104E760C4F8108012
:1030F000002060610120607006F00F002070A87948
:10310000012800D1E761AA792146286806F04EFA25
:103110000020BDE8F0812DE9FE4F0446D4F800B050
:103120005E46206806F004FD002874D1206806F091
:103130003EFD08B9BDE8FE8F40F608008059C0F397
:103140000D20C4F8D404206806F031FD00F0020020
:10315000022805D12068406900F00200216848611A
:10316000206806F024FD00F01000102845D12068EA
:10317000806920F0100021688861DBF8209009F058
:103180000F0000EBC00104F5157000EB810AC9F3D4
:10319000434002281AD147F6F07009EA000030B324
:1031A000C9F30A125846DAF80C1006F005FDC9F307
:1031B0000A11DAF80C000844CAF80C00C9F30A1125
:1031C000DAF814000844CAF8140010E0C9F34340C8
:1031D00006280CD1082204F29C41584606F0ECFC6B
:1031E000C9F30A11DAF814000844CAF81400206878
:1031F000806940F0100021688861206806F0D7FCE3
:1032000000F40020B0F5002F7BD10025206806F0E7
:103210009EFC029072E0E1E2029800F001000028BA
:1032200068D0E9B2206806F0B5FC804608F00100DD
:1032300048B1012106F5306000EB45108160294658
:10324000204603F099F908F00800082809D1082160
:1032500006F5306000EB451081602946204603F0FA
:1032600059F908F01000102805D1102106F530603A
:1032700000EB4510816008F00200022824D1DBF841
:10328000140000F08000802807D140F60400805927
:1032900040F4806140F60400815105EBC50104F55E
:1032A000157000EB810A9AF80300012806D100206E
:1032B0008AF80300E9B2204600F09BFA022106F5E5
:1032C000306000EB4510816008F02000202805D117
:1032D000202106F5306000EB4510816008F40050B5
:1032E000B0F5005F06D14FF4005106F5306000EBF9
:1032F000451081606D1C02984008029002980028D9
:103300008AD1206806F053FC00F48020B0F5802FAD
:103310007DD1206806F011FC029000259AE0029809
:1033200000F00100002873D0E9B2206806F019FC13
:10333000804608F00100F0B305F00F01012088403D
:10334000019040F634008159019821EA000040F6CE
:1033500034018851012106F5106000EB45108160B1
:10336000A079012824D105EBC50104F1140000EB7C
:10337000810005EBC502C16804F1140000EB820076
:103380008068014405EBC50204F1140000EB8200E3
:10339000C1606DB905EBC50104F1140000EB8100BB
:1033A000006928B904F29C420121206806F032F835
:1033B000E9B2204600E001E0FFF714FD08F0080044
:1033C000082805D1082106F5106000EB4510816042
:1033D00008F01000102805D1102106F5106000EB50
:1033E0004510816008F04000402805D1402106F5D5
:1033F000106000EB4510816008F0020002281DD12A
:103400002946584606F057FB05EBC50101E025E0CB
:103410001CE004F1140000EB810A9AF80300012873
:1034200006D100208AF80300E9B2204600F0D8F95E
:10343000022106F5106000EB4510816008F0800065
:10344000802803D12946204603F038F96D1C0298E4
:1034500040080290029800287FF461AF206806F0CF
:10346000A6FB00F00040B0F1004F1CD140F6040074
:10347000805920F0010140F60400815194F8CC04F9
:10348000012807D1002084F8CC0400212046FFF752
:1034900075FC02E0204600F0D1FA2068406900F097
:1034A000004021684861206806F081FB00F400605C
:1034B000B0F5006F0ED140F60800805900F0010011
:1034C00010B1204600F012FB2068406900F4006053
:1034D00021684861206806F06AFB00F48050B0F56E
:1034E000805F7ED140F60400805920F0010140F653
:1034F000040081511021206806F0DDFA002732E037
:103500004FF67F3106F5106000EB4710816006F53D
:10351000106000EB4710006820F4001106F5106001
:1035200000EB471001604FF67F3106F5306000EB8D
:103530004710816006F5306000EB4710006820F40A
:10354000001106F5306000EB4710016006F53060B1
:1035500000EB4710006840F0006106F5306000EBBA
:10356000471001607F1C2079B842C9D840F61C0082
:10357000805940F0011140F61C008151E07B70B190
:10358000D6F8840840F00B01C6F8841840F64400D1
:10359000805940F00B0140F6440081510FE040F6A5
:1035A0001400805942F22B01084340F6140188515F
:1035B000081F805940F00B014FF401608151D6F88B
:1035C000000820F4FE60C6F80008A17904F29C42CD
:1035D000206805F01FFF2068406900F480502168D2
:1035E00000E000E04861206806F0E1FA00F40050D5
:1035F000B0F5005F17D1206805F0BAFC206806F02E
:1036000084FAE07100F040FC0090E27920680099B3
:1036100006F054FB204600F0F9F92068406900F4F8
:10362000005021684861206806F0C1FA00F00800E7
:10363000082808D1204600F008FA2068406900F008
:10364000080021684861206806F0B1FA00F08000A7
:10365000802818D1DBF8180020F08000CBF8180083
:1036600001250DE005EBC50104F5157000EB8100A7
:10367000C078012803D1E9B22046FFF7DAFB6D1CC0
:103680002079A842EED8206806F091FA00F4801064
:10369000B0F5801F2DD1012522E006F5106000EB6A
:1036A0004510D0F8009005EBC50104F1140000EBC3
:1036B00081000079012812D109F00040B0F1004FDB
:1036C0000DD1012105EBC50204F1140000EB8200CD
:1036D000C170E8B240F080012046FFF7AAFB6D1CE4
:1036E0002079A842D9D82068406900F48010216868
:1036F0004861206806F05BFA00F40010B0F5001F86
:1037000044D1012538E006F5306000EB4510D0F8D3
:10371000009005EBC50104F5157000EB8100007900
:10372000012828D109F00040B0F1004F23D194F8CE
:10373000D40400F00100C9F3004188421BD10121EB
:1037400005EBC50204F5157000EB8200C170DBF8D3
:10375000180040F08000CBF81800DBF8140000F0EF
:10376000800040B940F60400805940F4007140F6F2
:103770000400815103E06D1C2079A842C3D800BF2A
:103780002068406900F4001021684861206806F054
:103790000EFA00F08040B0F1804F08D12046FFF7CC
:1037A0001AFB2068406900F0804021684861206869
:1037B00006F0FDF900F0040004280FD12068D0F8CD
:1037C000049009F00400042802D12046FFF72AFBE8
:1037D0002068406840EA09002168486000BFA9E409
:1037E00070B504460D462946D4F8E00404F0D4FE32
:1037F00070BD70B504460D462946D4F8E00404F0C7
:10380000EFFE70BDF8B504460CB90120F8BD26687E
:1038100094F8950428B9002084F89404204600F018
:10382000A1F8032084F89504B6F1A04F01D100213E
:10383000A171206805F0E6FD207C8DF8000094E879
:103840000F0005F0A9FB20B1022084F895040120A7
:10385000DCE70021206806F0DFF920B1022084F8BF
:1038600095040120D2E7002531E0012105EBC502D6
:1038700004F1140000EB8200417005EBC50104F176
:10388000140000F8215005EBC50100EB81004583D1
:10389000002105EBC50204F1140000EB8200017168
:1038A00005EBC50204F1140000EB8200816005EB1A
:1038B000C50204F1140000EB8200C16005EBC502F3
:1038C00004F1140000EB82000161681CC5B220798C
:1038D000A842CADC00252AE0002105EBC50204F558
:1038E000157000EB8200417005EBC50104F5157001
:1038F00000F82150002105EBC50200EB82000171A8
:1039000005EBC50204F5157000EB8200816005EB44
:10391000C50204F5157000EB8200C16005EBC5021D
:1039200004F5157000EB82000161681CC5B22079B6
:10393000A842D1DC207C8DF8000094E80F0005F04F
:103940006DFC20B1022084F8950401205EE7002080
:103950006074012084F89504206805F04DFC002077
:1039600054E7000010B586B00446142101A8FCF706
:10397000E9FD2068B0F1A04F42D100BF00200090C7
:103980002048006840F001001E49086008460068B1
:1039900000F00100009000BF00BF4FF4C050019044
:1039A0000220029000200390032004900A2005903A
:1039B00001A91548FEF7BCFF00BF1248001D0068B2
:1039C00040F080000F49091D086000BF00200090F2
:1039D0000C481430006840F480400A4914310860F3
:1039E0000846006800F48040009000BF00BF00BFA0
:1039F000002205214320FFF759F94320FFF742F940
:103A000006B010BD303802400000024070B50446D8
:103A10000125E07908B9002506E0E079022801D106
:103A2000012501E0FDF78AFD2946D4F8E00404F001
:103A300081FED4F8E00404F027FE70BD10B5044602
:103A4000D4F8E00404F057FE10BD10B50446D4F8D5
:103A5000E00404F05BFE10BD70B504460D4600BFE7
:103A600094F89404012801D1022070BD012084F84B
:103A7000940400BF65742946206806F001F900BF70
:103A8000002084F8940400BF00BFEEE710B50446A0
:103A900004F29C41D4F8E00404F063FE10BD70B55C
:103AA0000446256800BF94F89404012801D102203F
:103AB00070BD012084F8940400BFE86800F0400065
:103AC00030B1607B012803D1A86B40F48030A8633B
:103AD000206805F0C1FF206805F07CFB00BF0020D6
:103AE00084F8940400BF00BFE2E7000010B504466C
:103AF000D4F8E00404F092FE2068D0F8000E40F004
:103B000001002168C1F8000EE07A28B1034800687E
:103B100040F006000149086010BD000010ED00E013
:103B2000F8B5044600250026207800F0010020B9F1
:103B3000207800F0040004282FD100205B4988661B
:103B4000FEF7F6FF054606E0FEF7F2FF401B0228EF
:103B500001D90320F8BD56480068C0F3C0600028B2
:103B6000F2D160688101207A41EA007050498431C5
:103B7000086001204D498866FEF7DAFF054606E039
:103B8000FEF7D6FF401B022801D90320E2E7484890
:103B90000068C0F3C0600028F2D0207800F0020076
:103BA00002287DD100BF00200090414840300068CD
:103BB00040F080503E49403108600846006800F0FF
:103BC0008050009000BF00BF3A48006840F4807009
:103BD00038490860FEF7ACFF054606E0FEF7A8FF8F
:103BE000401B022801D90320B4E73248006800F4E2
:103BF00080700028F2D02E487030006800F44076C3
:103C00004EB3A08900F44070B04224D028487030F0
:103C1000006820F4407601202749086000200860F1
:103C2000234870300660006800F0010098B1FEF78C
:103C30007FFF054608E0FEF77BFF401B41F288311D
:103C4000884201D9032085E7194870300068C0F325
:103C500040000028EFD000BFA08900F44070B0F50C
:103C6000407F0CD112480830006820F4F810134A45
:103C7000E168114008430E490831086007E00C482C
:103C80000830006820F4F810094908310860084835
:103C900070300068A189C1F30B010843044900E0BA
:103CA00002E07031086000BF002053E70000474287
:103CB0000038024000700040400E4742FFFCFF0FFA
:103CC00070B504460D460CB9012070BD5848006817
:103CD00000F00700A84209D255490D700846006857
:103CE00000F00700A84201D00120EEE7207800F0A4
:103CF000020002281DD1207800F00400042805D11C
:103D00004C48006840F4E0504A490860207800F0D0
:103D10000800082805D14748006840F4604045493C
:103D200008604448006820F0F000A1680843414959
:103D30000860207800F00100A8B36068012807D16E
:103D40003C4808380068C0F34040B8B90120BCE7DF
:103D50006068022802D06068032807D13548083817
:103D60000068C0F3406048B90120AEE73148083828
:103D70000068C0F3400008B90120A6E72D4800689C
:103D800020F00300616808432A490860FEF7D0FE6E
:103D9000064609E0FEF7CCFE801B41F288318842DE
:103DA00002D9032091E707E02248006800F00C00E8
:103DB0006168B0EB810FEDD11D48006800F007008D
:103DC000A84209D91A490D700846006800F007009A
:103DD000A84201D0012078E7207800F004000428F0
:103DE00007D11448006820F4E050E1680843114905
:103DF0000860207800F00800082808D10D48006805
:103E000020F46040216940EAC1000A49086000F0DE
:103E100061F808490968C1F30311074A515CC840B9
:103E20000649086006480068FEF7B2FE00204CE72D
:103E3000003C0240083802402CC40008AC000020BE
:103E4000A40000200F2202600D4A126802F0030253
:103E500042600B4A126802F0F0028260084A12685F
:103E600002F4E052C260064A126802F46042D208CC
:103E70000261044A126802F007020A6070470000FB
:103E800008380240003C02400148006870470000CA
:103E9000AC00002000B5FFF7F7FF04490968C1F343
:103EA0008221034A515CC84000BD0000083802402E
:103EB0003CC4000800B5FFF7E7FF04490968C1F3F7
:103EC0004231034A515CC84000BD0000083802403E
:103ED0003CC400082DE9F047002400250026A14637
:103EE0002548006800F00C0020B1042805D00828FF
:103EF0003AD105E0DFF8849039E0DFF8849036E0CD
:103F00001D48001F006800F03F041B48001F0068A8
:103F100000F4800078B11A481749091F0968C1F3F5
:103F20008811A0FB01700146224600233846FCF7A9
:103F30001BFA05460EE011480F49091F0968C1F335
:103F40008811A0FB01700146224600233846FCF789
:103F50000BFA05460848001F0068C0F30140401CEA
:103F60004600B5FBF6F902E0DFF8109000BF00BF95
:103F70004846BDE8F0870000083802400024F400FD
:103F8000001BB700F8B504460CB90120F8BD207835
:103F900000F00100002874D0F948006800F00C001F
:103FA00004280DD0F648006800F00C00082813D152
:103FB000F348001F006800F48000B0F5800F0BD1BB
:103FC000EF4808380068C0F34040002859D06068C6
:103FD000002856D10120D9E700BF6068B0F5803FC6
:103FE00008D1E7480838006840F48030E4490839CF
:103FF00008601EE06068B0F5A02F0DD1E0480838D9
:10400000006840F48020DE490839086008460068EE
:1040100040F4803008600CE0D9480838006820F48B
:104020008030D749083908600846006820F48020AD
:10403000086000BF606890B1FEF77AFD054606E0B3
:10404000FEF776FD401B642801D903209EE7CC488B
:1040500008380068C0F340400028F1D011E0FEF7B6
:1040600067FD054606E0FEF763FD401B642801D9A5
:1040700003208BE7C24808380068C0F3404000289E
:10408000F1D1207800F0020002285FD1BC4800681E
:1040900000F00C0058B1BA48006800F00C00082885
:1040A0001CD1B748001F006800F48000B0B9B448C4
:1040B00008380068C0F3400020B1E068012801D052
:1040C000012063E7AE480838006820F0F800216955
:1040D00040EAC100AA490839086037E0E06800B347
:1040E0000120A8490860FEF723FD054606E0FEF71B
:1040F0001FFD401B022801D9032047E7A0480838CC
:104100000068C0F340000028F1D09D4808380068DE
:1041100020F0F800216940EAC10099490839086097
:1041200014E0002097490860FEF702FD054606E00E
:10413000FEF7FEFC401B022801D9032026E7904829
:1041400008380068C0F340000028F1D1207800F062
:10415000080008282CD16069A8B101208A490860AC
:10416000FEF7E6FC054606E0FEF7E2FC401B0228EF
:1041700001D903200AE782486C300068C0F3400090
:104180000028F1D014E000207F490860FEF7D0FC41
:10419000054606E0FEF7CCFC401B022801D90320AF
:1041A000F4E677486C300068C0F340000028F1D195
:1041B000207800F00400042870D1002770483830BF
:1041C000006800F0805090B900BF002000906C485B
:1041D0003830006840F0805069493831086008463E
:1041E000006800F08050009000BF00BF01276748C2
:1041F000006800F48070B0B96448006840F48070D2
:1042000062490860FEF794FC054606E0FEF790FC64
:10421000401B022801D90320B8E65C48006800F47E
:1042200080700028F2D000BFA068012808D154484F
:104230006830006840F001005149683108601DE0B5
:10424000A06805280DD14E486830006840F0040091
:104250004B49683108600846006840F0010008607A
:104260000CE047486830006820F00100444968319C
:1042700008600846006820F00400086000BFA068DD
:10428000A8B1FEF755FC054609E0FEF751FC401BBE
:1042900041F28831884202D9032077E626E0384887
:1042A00068300068C0F340000028EED013E0FEF74D
:1042B0003FFC054608E0FEF73BFC401B41F288311D
:1042C000884201D9032061E62D4868300068C0F3B8
:1042D00040000028EFD1012F07D12948383000686D
:1042E00020F0805026493831086000BFA0690028BE
:1042F00045D02348006800F00C0008285DD0A06974
:10430000022845D100201F490866FEF711FC05462A
:1043100006E0FEF70DFC401B022801D9032035E61C
:10432000174808380068C0F340600028F1D1D4E98C
:1043300007010843616A40EA81110122A06AC2EBC9
:10434000500041EA00412C20005D41EA00600C4928
:10435000091F086001200B490866FEF7E9FB0546C6
:1043600006E0FEF7E5FB401B022801D903200DE61D
:10437000034808380068C0F340600028F1D049E0E5
:104380000838024000004742800E4742007000405B
:10439000002021490866FEF7CBFB054606E0FEF744
:1043A000C7FB401B022801D90320EFE51B4800682A
:1043B000C0F340600028F2D12CE0A069012800D1B0
:1043C000E4E51648001D0668A069012820D006F41F
:1043D0008001E06981421BD106F03F01206A8142E1
:1043E00016D147F6C0703040616AB0EB811F0FD123
:1043F00006F440310122A06AC2EB5000B1EB004F3D
:1044000006D106F070612C20005DB1EB006F01D089
:104410000120BBE50020B9E500004742003802401A
:1044200070B504460CB9012070BD607F20B9002032
:104430002077204600F04EF8022060772068C068A0
:10444000C0F3001000283CD100BFCA202168486298
:1044500053202168486200BF204602F07CFA0546DE
:10446000EDB9206880681A49084021688860216990
:1044700060680843616908432168896808432168C6
:1044800088602168E068086120680169208941EA44
:10449000004021680861204602F082FA05465DB9B5
:1044A0002068006C20F48020216808642068006C7B
:1044B000A16908432168086400BFFF2021684862A1
:1044C00000E000250DB9012060772846ACE7000028
:1044D000BFFF8FFF1FB5044600200090019002909F
:1044E00003900949206888420CD102200090000204
:1044F00003906846FFF714FB08B1FDF71FF8012091
:10450000024908601FBD0000002800403C0E4742E1
:104510002DE9F04105460C4617464FF0000800BF54
:10452000287F012802D10220BDE8F08101202877F0
:1045300000BF022068774FB9607800F010001028A3
:1045400004D1607800F0EF000A30607087B9E0783D
:1045500002F0F4F90304607802F0F0F943EA002372
:10456000A07802F0EBF90343207843EA403809E0F1
:10457000E0780004617840EA0120A17808432178BE
:1045800040EA413800BFCA202968486253202968A0
:10459000486200BF284602F0DEF9064646B90B48DD
:1045A00008EA000029684860284602F0F9F9064642
:1045B0000EB90120687700BFFF202968486200BF5C
:1045C00000BF0020287700BF3046ADE73FFFFF0067
:1045D0002DE9F04104460D4617464FF0000800BF94
:1045E000207F012802D10220BDE8F0810120207740
:1045F00000BF02206077CFB92068806800F04000DB
:1046000000B102E00020E87000BF287802F096F9BF
:104610000304687802F092F943EA0023A87802F0D4
:104620008DF90343E87843EA805812E020688068F7
:1046300000F0400000B102E00020E87000BF2878E0
:104640000004697840EA0120A9780843E97840EA43
:10465000815800BFCA2021684862532021684862FF
:1046600000BF204602F077F90646B6B9124808EABC
:104670000000216808602068806820F4802021689C
:104680008860D5E9030108432168896808432168E7
:104690008860204602F084F906460EB90120607752
:1046A00000BFFF202168486200BF00BF00202077C4
:1046B00000BF304698E700007F7F7F0070B504465A
:1046C00000250B482168C860FEF732FA054607E06E
:1046D000FEF72EFA401BB0F57A7F01D9032070BD9A
:1046E0002068C06800F020000028F1D00020F6E724
:1046F0005F7F01007047704710B504460CB9012078
:1047000010BD94F83D0028B9002084F83C002046F4
:1047100000F025F8022084F83D00211D206802F0F9
:1047200047FB012084F8460000BF84F83E000121C9
:104730003F200155402001554120015500BF00BFD9
:10474000012084F8420043200155442001554520B2
:10475000015500BF012084F83D000020D0E77047DC
:10476000014691F83D00012801D001207047022048
:1047700081F83D000868C06840F001000B68D8600F
:104780001A4B086898421BD00868B0F1804F17D0C8
:10479000174B0868984213D0164B086898420FD000
:1047A000154B086898420BD0144B0868984207D004
:1047B000134B0868984203D0124B086898420CD1FA
:1047C0000868806800F00702062A0CD008680068B4
:1047D00040F001000B68186005E00868006840F0D0
:1047E00001000B6818600020C0E7000000000140D5
:1047F0000004004000080040000C0040000401409C
:104800000040014000180040704770B50446206821
:10481000C5682068066906F00200022819D105F073
:104820000200022815D1401F21680861012020776D
:104830002068806900F0030018B12046FFF7E4FF0C
:1048400005E0204600F097F8204600F095F800209B
:10485000207706F00400042819D105F0040004288C
:1048600015D1C04321680861022020772068806943
:1048700000F4407018B12046FFF7C6FF05E020465F
:1048800000F079F8204600F077F80020207706F055
:104890000800082819D105F00800082815D1C043E0
:1048A00021680861042020772068C06900F00300B7
:1048B00018B12046FFF7A8FF05E0204600F05BF89E
:1048C000204600F059F80020207706F0100010284C
:1048D00019D105F01000102815D1C04321680861D6
:1048E000082020772068C06900F4407018B1204685
:1048F000FFF78AFF05E0204600F03DF8204600F073
:104900003BF80020207706F0010048B105F00100D7
:1049100030B16FF0010021680861204600F02EF8E8
:1049200006F08000802809D105F08000802805D19C
:10493000C043216808612046FFF7DCFE06F0400016
:10494000402809D105F04000402805D1C043216826
:104950000861204600F01EF806F02000202809D14A
:1049600005F02000202805D1C043216808612046B9
:10497000FFF7C1FE70BD70477047000010B50446D8
:1049800003492068884201D1FEF7D8F810BD000025
:10499000000001407047F8B504460D46164694F8ED
:1049A000420020282DD105B10EB90120F8BD01200B
:1049B00020630020606332462946204602F0F2FC64
:1049C0000746206B012819D100BF00200090206805
:1049D0000068009020684068009000BF00BF00BFE2
:1049E00000BF21680C3151E8001F41F01000216820
:1049F0000C3141E80002002AF3D100E001273846DB
:104A0000D4E70220D2E70000034B02689A4202D1A9
:104A10000122024B1A70704700140140A4010020CB
:104A2000704700002DE9F84F0446206805682068AB
:104A3000C668206847694FF00009CA4605F00F09AB
:104A4000B9F1000F0AD105F0200038B106F02000BE
:104A500020B1204602F012FBBDE8F88FB9F1000F3B
:104A60007CD007F0010018B906F49070002875D0CA
:104A700005F0010030B106F4807018B1606C40F0B0
:104A80000100606405F0040030B107F0010018B1C6
:104A9000606C40F00200606405F0020030B107F085
:104AA000010018B1606C40F00400606405F008007B
:104AB00048B106F0200010B907F0010018B1606C91
:104AC00040F008006064606C002846D005F02000CB
:104AD00028B106F0200010B1204602F0CFFA20687D
:104AE0004069C0F3801A606C00F0080010B9BAF198
:104AF000000F2DD0204602F068FA2068406900F0CF
:104B00004000402820D100BF00BF2168143151E887
:104B1000001F21F040002168143141E80002002A02
:104B2000F3D100BFE06B50B17F48E16B0865E06BEB
:104B3000FDF7F5FC88B1E06B016D88470DE020467C
:104B4000FFF76EFF09E009E02046FFF769FF04E088
:104B50002046FFF765FF002060647DE7206B012899
:104B600078D105F01000002874D006F0100000285D
:104B7000FAD000BF002000902068006800902068F4
:104B80004068009000BF00BF2068406900F040000E
:104B9000402870D1E06B006840681FFA80F8B8F1D7
:104BA000000F58D0A08D404555DDA4F82E80E06B55
:104BB000C069B0F5807F43D000BF00BF21680C31D1
:104BC00051E8001F21F4807021680C3141E8000297
:104BD000002AF3D100BF00BF00BF2168143151E8A3
:104BE000001F21F001002168143141E80002002A71
:104BF000F3D100BF00BF00BF2168143151E8001F8E
:104C000021F040002168143141E80002002AF3D16C
:104C100000BF202084F842000020206300BF00BFB6
:104C200021680C3151E8001F21F0100021680C317F
:104C300041E80002002AF3D100BFE06BFDF719FC48
:104C400002206063A08DE28D801A81B22046FFF7BA
:104C5000DBFE0EE052E0A08D40450AD1E06BC0695A
:104C6000B0F5807F05D102206063A18D2046FFF75B
:104C7000CBFEF1E6FFE7A08DE18D401A1FFA80F828
:104C8000E08DD0B3B8F1000F37D000BF00BF21686E
:104C90000C3151E8001F21F4907021680C3141E87B
:104CA0000002002AF3D100BF00BF00BF2168143109
:104CB00051E8001F21F001002168143141E8000291
:104CC000002AF3D100BF202084F842000020206396
:104CD00000BF00BF21680C3151E8001F21F0100017
:104CE00021680C3141E80002002AF3D100BF022004
:104CF000606341462046FFF787FEADE605F0800081
:104D000030B106F0800018B1204602F0B7FBA3E6F0
:104D100005F0400030B106F0400018B1204602F026
:104D20008AF999E600BF97E6916E000810B504462F
:104D30000CB9012010BDA06900B100E000BF94F8DB
:104D4000410028B9002084F84000204600F02AF8ED
:104D5000242084F841002068C06820F400502168B5
:104D6000C860204602F008FA2068006920F49040EC
:104D7000216808612068406920F02A0021684861A4
:104D80002068C06840F400502168C860002060645A
:104D9000202084F8410084F842000020606300BFB6
:104DA000C8E7000010B586B00446142101A8FBF73F
:104DB000C9FBAB49206888427ED100BF002000902B
:104DC000A848006840F01000A6490860084600683E
:104DD00000F01000009000BF00BF00BF0020009056
:104DE000A0481438006840F002009E491439086059
:104DF0000846006800F00200009000BF00BF00BF3E
:104E0000002000900846006840F001000860084655
:104E1000006800F00100009000BF00BF80200190FA
:104E200002200290002003900320049007200590A8
:104E300001A98D48FDF77CFD4FF400700190022020
:104E4000029000200390032004900720059001A900
:104E50008648FDF76DFD8648864908604FF0006082
:104E60004860002183488160C1604FF48061016126
:104E70000021416181614FF48071C16100210162B3
:104E80004162FDF781FC08B1FCF758FB00BF79488F
:104E9000E063846300BF76487830774908604FF05C
:104EA000006048604021744881600021C1604FF477
:104EB00080610161002100E011E0416181614FF4F6
:104EC0008071C161002101624162FDF75DFC08B1A2
:104ED000FCF734FB00BF6848A0638463BEE0674909
:104EE000206888425DD100BF002000905D48001F0F
:104EF000006840F480205B49091F0860084600688C
:104F000000F48020009000BF00BF00BF0020009090
:104F100054481438006840F00400524914390860BD
:104F20000846006800F00400009000BF00BF4FF486
:104F30004060019002200290002003900320049022
:104F40000720059001A94E48FDF7F2FC4D484E4957
:104F500008604FF00060486000214B488160C160EC
:104F60004FF4806101610021416181614FF48071E2
:104F7000C1614FF44031016200214162FDF704FC40
:104F800008B1FCF7DBFA00BF3F48E063846300BF71
:104F9000002205212720FDF789FE2720FDF772FE5C
:104FA0005CE03A492068884258D100BF0020009058
:104FB0002C48006840F020002A4908600846006834
:104FC00000F02000009000BF00BF00BF0020009054
:104FD00024481438006840F0400022491439086021
:104FE0000846006800F04000009000BF00BF4FF48A
:104FF000844001900220029000200390032004903E
:105000000820059001A92248FDF792FC184818389D
:10501000204908608005486000211E488160C16009
:105020004FF4806101610021416181614FF4807121
:10503000C161002101624162FDF7A6FB08B1FCF7E6
:105040007DFA00BF1348E063846300BF002205219E
:105050004720FDF72BFE4720FDF714FE06B010BDDC
:1050600000100140443802400004024000000240A9
:105070004064024078060020D80600200048004026
:105080000008024028600240380700200014014058
:10509000001802409807002070477047704700BF13
:1050A000FEE7000080ED080AC0ED090A80ED0A1A4B
:1050B00041648264DFED121AC0ED0C1ADFED101AA4
:1050C000C0ED0E1ADFED0E1AC0ED0D1ADFED0C1A51
:1050D000C0ED021ADFED0A1AC0ED031ADFED081A5F
:1050E000C0ED041ADFED061AC0ED101ADFED041A48
:1050F000C0ED011ADFED021AC0ED001A7047000082
:105100000000000030B50B46002100BF16E00A2465
:10511000B4EB107F05D9302404EB107403F8114070
:1051200005E0412404EB10740A3C03F8114000012F
:1051300000254C00641C1D554C1CE1B29142E6DB7D
:1051400030BD000000B58BB0012003900021059117
:10515000069108210791002102A80176FF208DF811
:105160002400FF2102A841778177C1778DF82810AC
:105170008DF829108DF82A10FC218DF82B1009A824
:10518000012300220349009003480068FBF7BCFCA0
:105190000BB000BD58050020080000200FB410B56A
:1051A0002DED048B9DF8340000F00F040698441E8A
:1051B000B2EE090AB0EE408A9FED910AF0EE408A05
:1051C000B1EE0C0AB0EE409A8E4850F8240090EDF3
:1051D000010ABCEEC00A10EE100A8A4951F82410E8
:1051E00008849DF834000011864951F82410088085
:1051F00006A8817F407F41EA002000EE100AB8EE49
:10520000400A804850F8240080ED060A06A8C07FB6
:1052100001019DF8380041EA201000EE100AB8EEB6
:10522000400A784850F8240080ED070A9DF83800BD
:105230009DF8391000EE101AB8EE400A714850F887
:10524000240080ED040A6F4951F8241091ED060AFC
:10525000BDEEC00A10EE100A1021F0EE480AB1EEC1
:10526000480A05F04BFB674850F8240080ED010A1E
:10527000644850F82400D0ED010AB0EE001A80EE28
:10528000810ADFED610A20EE200ADFED600A20EEE0
:10529000200A5C4850F8240080ED010A594951F871
:1052A000241091ED070ABDEEC00A10EE100A0C2181
:1052B000F0EE680AB1EE680A05F020FB514850F89C
:1052C000240080ED020A4F4951F8241091ED040AA0
:1052D000BDEEC00A10EE100A0C21F0EE490AB1EE44
:1052E000490A05F00BFB474850F8240080ED050AF9
:1052F0009DF83A0000EE100AB8EE400ABCEEC00A73
:1053000010EE100A3F4951F8241008739DF83B0035
:1053100000EE100AB8EE400ABCEEC00A10EE100A09
:10532000384951F824104873364850F82400D0ED1D
:10533000010A344850F82400008C00EE100AB8EE40
:10534000400A30EEC00ADFED320AB4EEE00AF1EEB8
:1053500010FA09D22B4850F82400008F401C00B2EC
:10536000284951F824100887264850F82400008C5A
:1053700000EE100AB8EE400A224850F82400D0EDA2
:10538000010A30EE600ADFED220AB4EEE00AF1EE27
:1053900010FA09D21B4850F82400008F401E00B2BA
:1053A000184951F824100887164850F82400D0ED09
:1053B000010A144850F82400B0F93800400300EE08
:1053C000100AB8EEC00A30EE800A0E4850F82400E9
:1053D00080ED0F0A0B4850F82400B0F84400401C40
:1053E000084951F82410A1F844000120054951F85A
:1053F000241081F84200BDEC048B10BC5DF814FB56
:105400000000484358010020DB0F494000001042D3
:105410000020CBC508B506F01BFA009000BF00BF06
:105420000948B0F8440009490988884201D1FFF7CA
:1054300089FE0548B0F84400044908800121684607
:1054400005F034FCECE70000A86300204C020020CB
:105450002DE9F0472DED0A8BB0EE408AF0EE608A20
:10546000B0EE419AF0EE619AB0EE42AA0446DFED4A
:10547000340A88EE200AF0EE000A20EE200ADFED62
:10548000310A20EE200AB0EE40CA9FED2F0AF0EE5E
:1054900040AA9FED2E0AB0EE40BAB1EE0C0AF0EE33
:1054A00040BA1020B0EE6A1AF1EE6A0AB0EE4C0A69
:1054B00004F0B3FD85B20C20B0EE4B1AF1EE4B0AAE
:1054C000B0EE680A04F0A9FD86B20C20B0EE6B1AAB
:1054D000F1EE6B0AB0EE4A0A04F09FFD87B20C2091
:1054E0009FED1B1ADFED1B0AB0EE490A04F095FD93
:1054F0001FFA80F80C20B1EE041ADFED160AB0EEA8
:10550000690A04F08AFD1FFA80F92812207065707C
:10551000C6F30710A0703007000E40EA2820E070A4
:1055200084F80480C9F3071060714FEA0970000E17
:1055300040EA2720A071E771BDEC0A8BBDE8F08737
:1055400000000046DB0F4940DC0F494000004843A3
:105550000000FA430000000070B504460D46FDF758
:10556000E7FA0646002020726072E072012D04D135
:10557000607810B966600020A072012D11D16078AA
:1055800001280ED16168701A0A2801D30121E17245
:10559000B0F5487F04D3A17A11B901216172A172DB
:1055A00000BF55B96078012807D16168701AB0F55D
:1055B000967F01D20121217200BF6570257070BDF8
:1055C0002DE9F0412DED068B04460D46288A2080FA
:1055D000688A6080A88AA080A97D04F10800FFF78E
:1055E000BBFFE97D04F11400FFF7B6FF297E04F14B
:1055F0002000FFF7B1FF287F00F0010104F12C002B
:10560000FFF7AAFF287FC0F3400104F13800FFF73D
:10561000A3FF287FC0F3800104F14400FFF79CFF43
:10562000287FC0F3C00104F15000FFF795FF287FE9
:10563000C0F3801104F15C00FFF78EFF287FC109E1
:1056400004F16800FFF788FF687F00F0010104F1B2
:105650007400FFF781FF687FC0F3400104F1800010
:10566000FFF77AFF687FC0F3800104F18C00FFF739
:1056700073FF687FC0F3C00104F19800FFF76CFF6F
:10568000687FC0F3001104F1A400FFF765FF687F95
:10569000C0F3401104F1B000FFF75EFF687FC0F374
:1056A000801104F1BC00FFF757FF687FC10904F1C6
:1056B000C800FFF751FF287FC0F3001104F1D400A8
:1056C000FFF74AFF287FC0F3401104F1E000FFF725
:1056D00043FF208800EB800000B2D1490881608838
:1056E000C00000B2C8807F20005D48B100208880E3
:1056F000CC490870CC490870CC490870C849087674
:10570000E07C40B1C648407E012804D1C8490873F6
:10571000C849087105E00220C54908730020C54941
:105720000871207F68B1BE48007B18B90120BC49D0
:10573000087306E0BA48007B012802D10020B8496E
:105740000873B748007B01280FD1BB4890ED000AD1
:10575000BDEEC00A10EE100A00B2B1494881B74848
:1057600090ED000AB64880ED040A2820005D18B1CB
:105770000120AB49887602E00020A94988763720CD
:10578000005D40B1AF4890ED000AB8EEC00AAE48E7
:1057900080ED010A15E04320005D50B1A948006882
:1057A000404200EE100AB8EEC00AA74880ED010A98
:1057B00007E0A548FBF7D2FB9FEDA40AA24880EDC5
:1057C000010AA14801F0EAF9954908804F20005DDF
:1057D00040B19F4890ED000AB8EEC00A9D4880EDA8
:1057E000010A15E05B20005D50B199480068404215
:1057F00000EE100AB8EEC00A964880ED010A07E0F4
:105800009448FBF7ABFB9FED910A924880ED010AAB
:10581000904801F0C3F9824948808F48B0F90A00E6
:1058200000EE100AB8EEC09A8B48B0F9080000EEFE
:10583000100AF8EEC09AF0EE498AB1EE690AB4EEA9
:10584000E80AF1EE10FA03D2B1EE690AF0EE408AEE
:10585000B0EE080A88EE80AADF20005D20B1672044
:10586000005D08B1012000E0002006468EB16D48C1
:10587000007870B96D4890F90000032805DA6B488C
:105880000078401C40B269490870012065490870E1
:1058900003E016B9002063490870DF20005D20B1E5
:1058A0007320005D08B1012000E00020074697B199
:1058B0005D48007878B95D4890F9000010F1030F59
:1058C00005DD5A480078401E40B258490870012052
:1058D0005549087003E017B9002053490870534830
:1058E00090F9000000EE100AB8EEC00A20EE0A8A15
:1058F000F3EE0EAA4A48B0F9040000EE100AB8EE22
:10590000C00AB4EEC80AF1EE10FA24D24448B0F945
:10591000040000EE100AB8EEC00AF3EE0E0A30EEF4
:10592000200ABDEEC00A10EE100A00B23C49888081
:105930000846B0F9040000EE100AB8EEC00AB4EE52
:10594000C80AF1EE10FA36DDBDEEC80A10EE100AF4
:1059500000B288802FE03248B0F9040000EE100A4F
:10596000B8EEC00AB4EEC80AF1EE10FA23DD2C48F6
:10597000B0F9040000EE100AB8EEC00AF3EE0E0A09
:1059800030EE600ABDEEC00A10EE100A00B22449E3
:1059900088800846B0F9040000EE100AB8EEC00A8C
:1059A000B4EEC80AF1EE10FA05D2BDEEC80A10EE48
:1059B000100A00B288808B20005DA0B127480068E3
:1059C000A0B91748407E18B901201549487606E06D
:1059D0001348407E012802D1002011494876012059
:1059E0001E49086002E000201C490860D320005DC9
:1059F00070B11B48006870B90D48807B08B9012060
:105A000000E000200A49887301201549086002E07F
:105A1000002013490860BDEC068BBDE8F081000052
:105A200070630020B9010020BA010020B8010020F5
:105A30000802002044020020180100201C01002060
:105A400018660020A80100205C0100200000000072
:105A5000AC0100206801002074010020B00100208A
:105A6000B401002070EE601AB0EE611AD0ED031A96
:105A700090ED042A71EEC21AB0EE082A20EE022A36
:105A8000F0EE002A22EE222AC2EE212AC1ED002ADF
:105A9000D0ED031A90ED042A71EEC21AB0EE082A76
:105AA00021EE022AC2EE212AC1ED012AD1ED001A0F
:105AB000B1EE042AF4EEC21AF1EE10FA03DBF1EEB5
:105AC000041AC1ED001AD1ED001AB9EE042AF4EE61
:105AD000C21AF1EE10FA03D8F9EE041AC1ED001A59
:105AE000D1ED011AB1EE042AF4EEC21AF1EE10FA69
:105AF00003DBF1EE041AC1ED011AD1ED011AB9EE82
:105B0000042AF4EEC21AF1EE10FA03D8F9EE041AE0
:105B1000C1ED011A704700000FB40099A1F20720EF
:105B20003E4901EB401109883C4A02EB4012918149
:105B30009DF81D109DF81C2041EA0221374A02EB16
:105B4000401211809DF81F209DF81E1042EA01218D
:105B500009B2324A02EB401251809DF821209DF893
:105B6000201042EA012109B22C4A02EB4012918036
:105B70002A4901EB40110988284A02EB4012928918
:105B8000891A274A91420ADA244901EB4011898A8D
:105B9000491C09B2214A02EB4012918215E01F49CB
:105BA00001EB401189891D4A02EB40121288891AC3
:105BB0001B4A914209DA194901EB4011898A491EB1
:105BC00009B2164A02EB40129182144901EB4011CE
:105BD0000988124A02EB4012928A4FF4005313FBD9
:105BE00002110E4A02EB401211610C4901EB401107
:105BF00009880A4A02EB40129181084901EB4011E1
:105C0000898B491C054A02EB401291830121034A0A
:105C100002EB4012917604B070470000F063002060
:105C200090E8FFFF0FB40099A1F201209DF81D102C
:105C30009DF81C2041EA02213A4A02EB40121180F1
:105C40009DF81F209DF81E1042EA012109B2354A35
:105C500002EB401251809DF821209DF8201042EA6D
:105C6000012109B22F4A02EB401291809DF82210C7
:105C70002C4A02EB401291712A4901EB401109882C
:105C8000284A02EB40129289891A274A91420ADA7D
:105C9000244901EB4011898A491C09B2214A02EBCF
:105CA0004012918215E01F4901EB401189891D4A7C
:105CB00002EB40121288891A1B4A914209DA1949EB
:105CC00001EB4011898A491E09B2164A02EB4012C3
:105CD0009182144901EB40110988124A02EB4012EB
:105CE000928A4FF4005313FB02110E4A02EB40124A
:105CF00011610C4901EB401109880A4A02EB40127C
:105D00009181084901EB4011498B491C054A02EB7E
:105D1000401251830121034A02EB4012117604B074
:105D2000704700001064002090E8FFFF30B5039C2E
:105D3000050A257060700D0AA570E170150A2571BD
:105D400062711D0AA571E37130BD000010B50E48E7
:105D50000E4908600320486000210C488160C16042
:105D60004FF4102101614FF40011416100210176CF
:105D700041768176C176017701214177FCF73CF9C4
:105D800008B1FBF7DBFB10BD0064004030050020CC
:105D900010B50E480E4908600320486000210C48E9
:105DA0008160C1604FF4102101614FF40011416125
:105DB0000021017641768176C17601770121417714
:105DC000FCF71AF908B1FBF7B9FB10BD00680040F9
:105DD0005805002008B500BF002000901E4800684C
:105DE00040F400101C4908600846006800F40010E8
:105DF000009000BF00BF00BF002000900846006870
:105E000040F4800008600846006800F480000090BC
:105E100000BF00BF002205210C20FCF747FF0C202B
:105E2000FCF730FF002205213920FCF73FFF392025
:105E3000FCF728FF002205213A20FCF737FF3A2023
:105E4000FCF720FF002205214620FCF72FFF46200B
:105E5000FCF718FF08BD00003038024000B5C7B09D
:105E600000222421202005F08DF9484908600022F5
:105E70002421202005F086F94549086000222421CC
:105E8000102005F07FF943490860002219211020F5
:105E900005F078F9404908601C22404940A8FAF70B
:105EA0001FFB002140A804F039F93D4908601C227D
:105EB0003A491C3139A8FAF713FB002139A804F03C
:105EC0002DF9384908601C223449383132A8FAF7D4
:105ED00007FB002132A804F021F9334908601C2295
:105EE0002E4954312BA8FAF7FBFA00212BA804F015
:105EF00015F92E4908601C222849703124A8FAF7A8
:105F0000EFFA002124A804F009F9294908601C22AD
:105F100022498C311DA8FAF7E3FA00211DA804F0EC
:105F2000FDF8244908601C221C49A83116A8FAF77C
:105F3000D7FA002116A804F0F1F81F4908601C22C6
:105F40001649C4310FA8FAF7CBFA00210FA804F0C4
:105F5000E5F81A4908601C221049E03108A8FAF750
:105F6000BFFA002108A804F0D9F8154908601C22DE
:105F70000A49FC3101A8FAF7B3FA002101A804F09C
:105F8000CDF81049086047B000BD000000000020B7
:105F900004000020080000200C0000200CC30008B2
:105FA00030000020340000201000002014000020E9
:105FB000180000201C0000202400002020000020E9
:105FC000280000202C00002000B587B0142102A872
:105FD000FAF7B8FA00BF002001903548006840F099
:105FE0000200334908600846006800F00200019092
:105FF00000BF00BF00BF002001900846006840F0CD
:10600000400008600846006800F04000019000BFB2
:1060100000BF00BF002001900846006840F001006A
:1060200008600846006800F00100019000BF00BF52
:1060300000BF002001900846006840F0080008609A
:106040000846006800F00800019000BF00BF00BFD4
:10605000002001900846006840F0040008600846EF
:10606000006800F00400019000BF00BF00BF0020E6
:1060700001900846006840F080000860084600680B
:1060800000F08000019000BF00BF00220915094800
:10609000FCF748FD4FF4806002900120039000203F
:1060A0000490059002A90348FCF742FC07B000BD2C
:1060B00030380240001C024000B587B0142102A80D
:1060C000FAF740FA002001901B481C4908600020A4
:1060D00048607F2119488160FF21C1600021016172
:1060E00041618161FEF79CF908B1FBF727FA0020B6
:1060F0008DF808008DF809008DF80A0005900690CB
:10610000012202A90D48FEF763FA08B1FBF716FA5F
:1061100001208DF804008DF805008DF806000020A0
:106120008DF80700012201A90448FEF7F1F908B132
:10613000FBF704FA07B000BD0028004080050020EE
:1061400010B50B480B4908604FF4E130486000215E
:1061500008488160C16001610C21416100218161B9
:10616000C161FEF7E3FD08B1FBF7E8F910BD0000DF
:1061700000100140A005002010B50C480C49086033
:106180000C4848604FF48051094881604900C16063
:10619000002101610C21416100218161C161FEF793
:1061A000C5FD08B1FBF7CAF910BD0000004800406A
:1061B000E8050020A086010010B50B480B490860D7
:1061C0004FF461204860002108488160C16001618E
:1061D0000C21416100218161C161FEF7A7FD08B179
:1061E000FBF7ACF910BD00000014014030060020A0
:1061F00010B500220D490E4802F00FF808B1FBF768
:106200009DF90C490A4802F04AFB08B1FBF796F9E0
:106210000949074801F008FC08B1FBF78FF9044869
:1062200002F040FC08B1FBF789F910BD3C000020EA
:10623000400800205C0200208C00002000BFFEE728
:10624000F8EE080AB4EEE00AF1EE10FA17DBF8EE09
:10625000000AB4EEE00AF1EE10FA10D200220A7041
:1062600001224A70F8EE000A70EEC00AC0ED000A82
:10627000F0EE080A70EE200AC0ED010A99E0F8EE8F
:10628000000AB4EEE00AF1EE10FA19DBFFEE000AA4
:10629000B4EEE00AF1EE10FA12D201220A700222E4
:1062A0004A70F7EE000ABFEE001A51EE000AC0ED88
:1062B000000AF0EE000A70EE200AC0ED010A78E054
:1062C000FFEE000AB4EEE00AF1EE10FA15DBB5EECF
:1062D000C00AF1EE10FA10D202220A7003224A70AC
:1062E000FFEE000A60EE200AC0ED000AF7EE000A99
:1062F00070EE200AC0ED010A5BE0B5EEC00AF1EED7
:1063000010FA15DBF7EE000AB4EEE00AF1EE10FA2F
:106310000ED203220A7004224A70F7EE000ABFEE82
:10632000001A41EE000AC0ED000A80ED010A40E0CB
:10633000F7EE000AB4EEE00AF1EE10FA19DBF0EE27
:10634000000AB4EEE00AF1EE10FA12D204220A704A
:1063500005224A70F0EE000ABFEE001A41EE000A74
:10636000C0ED000AF7EE000A70EE600AC0ED010A07
:106370001FE0F0EE000AB4EEE00AF1EE10FA18DBCE
:10638000F0EE080AB4EEE00AF1EE10FA11D8052298
:106390000A7006224A70F0EE080ABFEE001A41EEBB
:1063A000000AC0ED000AF0EE000A70EE600AC0EDCF
:1063B000010A704700BFFEE710B5FCF7B9FB1949A9
:1063C00008610846406910B91748006948611748D4
:1063D000007828BB164840891349C8800846B0F9A0
:1063E000020001EE100AB8EEC11AF0EE410A0846AA
:1063F000B0F9060001EE100AB8EEC11AB0EE410A7B
:106400000C490D4800F0B5F9BDEEC00A10EE100AB7
:1064100000B20549C882084604690248446100BFC9
:1064200010BD000018020020F0630020F0010020E1
:1064300008020020906100205067002010B502483B
:10644000FCF769FE10BD00001C1D00209FED0E1A18
:1064500080ED001AB7EE001A80ED031A80ED090AEC
:10646000C0ED0A0AB7EE001A80ED071A9FED061A72
:1064700080ED081AB7EE001A80ED0B1A90ED001AA5
:1064800080ED011A7047000000000000F0EE400AA5
:1064900090ED070A90ED001A20EE010A80ED010A46
:1064A00090ED090A90ED071AD0ED031A01EE210ACA
:1064B00080ED040A90ED040A90ED0A1A30EE010A0C
:1064C00090ED041AC1EE001AC0ED061A90ED010A13
:1064D00090ED061AD0ED011A70EEE11A01EE210AD4
:1064E00080ED020A90ED060AB7EE001A31EE400A7E
:1064F00090ED041A20EE010A80ED050A90ED050AE0
:1065000080ED030A90ED020A80ED000A90ED020A88
:10651000704700002DE9F04704460D4626683746CF
:10652000D6F8408007F5306000EB4510D0F80890B1
:10653000104880450BD909F40040B0F5004F06D152
:106540004FF4004107F5306000EB451081602046B4
:10655000FDF79CFA0748804508D9A079012805D1A4
:1065600004F29C420121206802F054FF0020BDE8A3
:10657000F08700000A30544F2DE9F04705460C46DD
:10658000D5F800904E46D9F840A006F5306000EBF3
:106590004410D0F80880A879012855D108F00800E7
:1065A00008280FD1434882450BD908F40040B0F5C4
:1065B000004F7BD14FF4004106F5306000EB4410F2
:1065C000816073E008F02000202806D1202106F524
:1065D000306000EB4410816068E008F0280000287B
:1065E00064D1344882450CD908F40040B0F5004F1E
:1065F00007D14FF4004106F5306000EB4410816094
:1066000054E004EBC40105F5157000EB810706F5B5
:10661000306000EB4410396A0069C0F31200081AB8
:10662000786164B9386930B905F29C420121286863
:1066300002F0F0FE03E07969F8680844F860E1B21E
:106640002846FCF7DFFB31E01B4882451BD108F4EC
:106650000040B0F5004F07D14FF4004106F530601F
:1066600000EB4410816021E008F02000202805D1D3
:10667000202106F5306000EB44108160E1B228462D
:10668000FCF7C0FB12E06CB904EBC40105F5157012
:1066900000EB8100006928B905F29C4200212868BE
:1066A00002F0B8FEE1B22846FCF7ACFB0020BDE8E2
:1066B000F08700000A30544F0A31544F2DE9F84F4B
:1066C00007460E46D7F80090C84606EBC60107F10C
:1066D000140000EB8104D4E90410884202D901209F
:1066E000BDE8F88FD4E90401451AA068A84200D299
:1066F000A568E81C4FEA900A17E0D4E90401451A9E
:10670000A068A84200D2A568E81C4FEA900AB879B0
:10671000ABB2F2B200904846E16803F043FBE06898
:106720002844E06060692844606108F5106000EB6F
:106730004610806980B2504506D3D4E904108842DF
:1067400002D220690028D8D1D4E9040188420ED8A9
:1067500006F00F01012000FA01FB40F6340050F86A
:10676000080020EA0B0040F6340141F80800002040
:10677000B6E770B52DED068B04460D46B0EE408AA7
:10678000F0EE608A84ED008AC4ED018A94ED000A7F
:10679000D4ED010A30EE600A84ED020A94ED000A9D
:1067A000D4ED050A30EE600A84ED060A94ED070A7E
:1067B000D4ED020A30EE200A84ED070A94ED031AA4
:1067C000F0EE410A94ED021AB0EE410A2846FAF7BB
:1067D00039FF94ED080AD5ED000A95ED051A00EE93
:1067E000810AB0EE409A94ED090AD5ED010A95EDC3
:1067F000061A00EE810AF0EE409A94ED0A0AD5EDF1
:10680000020A95ED071A00EE810AB0EE40AA94ED57
:106810000B0AF0EE40AA94ED020A20EE090A84ED7C
:106820000C0AD4ED120AF8EE600AB0EE600A04F128
:106830001C0003F0DBFB94ED070A20EE290A84ED2F
:106840000D0A94ED020AD4ED030A30EE600A20EE40
:106850000A0A84ED0E0A94ED060A20EE2A0A84ED57
:106860000F0A94ED0C0AD4ED0D0A30EE200AD4ED97
:106870000E0A30EE200AD4ED0F0A30EE200A84ED25
:10688000100AD4ED110AF8EE600AB0EE600A04F1C5
:10689000400003F0ABFB94ED020A84ED030A94ED93
:1068A000000A84ED050A94ED100ABDEC068B70BD5C
:1068B00080ED080AC0ED090A80ED0A1AC0ED0B1A36
:1068C00080ED112AC0ED122A80ED133ADFED123A65
:1068D000C0ED0C3ADFED103AC0ED0E3ADFED0E3AA6
:1068E000C0ED0D3ADFED0C3AC0ED023ADFED0A3AA9
:1068F000C0ED033ADFED083AC0ED043ADFED063AA9
:10690000C0ED103ADFED043AC0ED013ADFED023A96
:10691000C0ED003A704700000000000008B50168B3
:1069200000919DED000A08BD08B501880091BDF9F0
:10693000001000EE101AB8EEC00A08BD0146002291
:1069400003E0521CA1F10A00C1B20A29F9D21007D2
:1069500041EA1060704770B50446002600252068A3
:10696000C06800F04000C8B92068C06840F08000EE
:106970002168C860FCF7DCF8064608E0FCF7D8F8A8
:10698000801BB0F57A7F02D904206077012520684A
:10699000C06800F0400008B9012DEFD1284670BD55
:1069A00070B5044600252068C06820F0800021688A
:1069B000C8602068806800F0200030B92046FDF7EC
:1069C0007DFE10B1042060770125284670BD0000CF
:1069D0001F48007E01282ED11E48006898B91E4825
:1069E0000068C01C1C49086019488088C01C00B29F
:1069F0001749888018480068B0F5967F26DB01208B
:106A00001449086022E01348006801281ED112488A
:106A10000068C01E104908600D488088C01E00B282
:106A20000B4988800C48006810F5967F0EDC00202A
:106A3000084908600AE00648808807490988401A22
:106A400000B20349888000200349086070470000B5
:106A500070630020E0010020E401002086B004F013
:106A6000F7FE059000BF00BF00F090F9FFF7B0FF00
:106A7000FAF770FA00F05DF803A8234C0090B4F91F
:106A80001630B4F91620214CB4F9B610B4F99600BA
:106A9000FFF74CF91E48D0ED0D2AB0EE622A90F9AE
:106AA000410002EE900AF8EEE22AF0EE621A18486F
:106AB00090F9400002EE900AF8EEE22AB0EE621A77
:106AC0001348D0ED0C2AF0EE620AD0ED0B2AB0EE9E
:106AD000620A01A8FEF7BCFC03A840F2FF130022E3
:106AE0000C4900900C480068FAF70EF801A8012341
:106AF00000220A49009008480068FAF705F80221C8
:106B000005A804F0D3F8AFE7F0630020106400207C
:106B1000A863002030050020080000205805002050
:106B200030B501460A461378521C147843EA042013
:106B300030BD10B5FAF706FD00F004F8FAF7EAFCEC
:106B400010BD00001148007B68B911480079012888
:106B500002D11049487318E00D480079A8B9002007
:106B60000C49487311E00948007B01280DD1084801
:106B70000079012806D10848007818B1012005499C
:106B8000487302E000200349487370477063002097
:106B9000440200200802002020010020014691ED5F
:106BA000000AD1ED010A30EE200A81ED000AD1ED94
:106BB000000AB1F9080000EE100AB8EEC00AF4EEBF
:106BC000C00AF1EE10FA07D2B1F9080000EE100A7F
:106BD000B8EEC00A81ED000AD1ED000AB1F90A0051
:106BE00000EE100AB8EEC00AF4EEC00AF1EE10FA98
:106BF00007DDB1F90A0000EE100AB8EEC00A81ED17
:106C0000000A91ED000ABDEEC00A10EE100A00B2B3
:106C10007047FFF7EDFA00BF012003F06EFAFBE7C3
:106C200010B51248B0F9020000EE100AB8EEC00A22
:106C3000F0EE400A9FED0E0A0E490F48FFF799FD4E
:106C4000BDEEC00A10EE100A00B20849C88200204A
:106C50000A49C8600548006948610948807B08B94D
:106C6000084800E008480649488110BDF06300204C
:106C700000000000906100205067002018020020F2
:106C80000802002024FAFFFF54F2FFFF10B500BFF6
:106C9000502080F31188BFF34F8FBFF36F8F00BF79
:106CA00004F0DCFD18B14FF080500449086000BFCB
:106CB000002080F3118800BF10BD000004ED00E04B
:106CC00000B593B0302107A8F9F73CFC142102A8C5
:106CD000F9F738FC00BF002001902548006840F01B
:106CE0008050234908600846006800F080500190F9
:106CF00000BF00BF00BF002001901E48006840F4A4
:106D000080401C4908600846006800F480400190FB
:106D100000BF00BF092007904FF480300890012089
:106D20000C9002200D9041050E9106210F91A82193
:106D30001091022111910721129107A8FDF722F964
:106D400008B1FAF7FBFB0F2002900220039000200D
:106D500004904FF4A05005904FF480500690052108
:106D600002A8FCF7ADFF08B1FAF7E8FB13B000BDCD
:106D700040380240007000400348006840F4700052
:106D8000014908607047000088ED00E010B5034835
:106D9000807E012801D1FBF7DBFF10BD706300206E
:106DA00010B50248FDF731FD10BD0000F8070020C6
:106DB00010B502682B4B98420ED0B0F1804F0BD02B
:106DC000294B984208D0294B984205D0284B98422D
:106DD00002D0284B984203D122F070024B681A432C
:106DE000204B984220D0B0F1804F1DD01E4B9842CE
:106DF0001AD01E4B984217D01D4B984214D01D4BF1
:106E0000984211D01C4B98420ED01C4B98420BD08C
:106E10001B4B984208D01B4B984205D01A4B984206
:106E200002D01A4B984203D122F44072CB681A4325
:106E300022F080034C6943EA04028B68C3620B684A
:106E40008362084B984202D00A4B984201D10B69E9
:106E50000363036843F0040303600123436102609A
:106E600010BD000000000140000400400008004088
:106E7000000C00400004014000400140004401407B
:106E80000048014000180040001C00400020004065
:106E900070B50446A56B0020E8852846FDF7C0FDC7
:106EA00070BD70B506460025B46B20684069C0F31C
:106EB000C01594F84100212805D125B10020E084B7
:106EC000204600F0C8F820684069C0F3801594F8A7
:106ED0004200222805D125B10020E085204600F09F
:106EE00074F8606C40F0100060642046FDF798FD77
:106EF00070BD70B50546AC6B2868006800F4807002
:106F0000002842D1E08500BF00BF21680C3151E864
:106F1000001F21F4807021680C3141E80002002A32
:106F2000F3D100BF00BF00BF2168143151E8001F3A
:106F300021F001002168143141E80002002AF3D158
:106F400000BF00BF00BF2168143151E8001F21F0CD
:106F500040002168143141E80002002AF3D100BF4B
:106F6000202084F84200206B01280ED100BF00BF12
:106F700021680C3151E8001F21F0100021680C310C
:106F800041E80002002AF3D100BF00206063206BBB
:106F9000012804D1A18D2046FDF736FD02E02046F0
:106FA000FEF77AF870BD70B50546AC6B01206063E2
:106FB000206B012805D1A08D41082046FDF724FD56
:106FC00002E02046FEF769F870BD00BF00BF02680E
:106FD0000C3252E8002F22F4907102680C3242E821
:106FE0000013002BF3D100BF00BF00BF02681432B2
:106FF00052E8002F22F001010268143242E8001327
:10700000002BF3D100BF016B01290ED100BF00BFDF
:1070100002680C3252E8002F22F0100102680C3294
:1070200042E80013002BF3D100BF202180F842106A
:1070300000210163704710B504462068C06820F045
:1070400040002168C860202084F841002046FEF7F7
:1070500025F8002010BD00BF00BF02680C3252E8C6
:10706000002F22F0C00102680C3242E80013002B0E
:10707000F3D100BF202180F841107047F8B50446D5
:107080000025002694F84200222873D1A068B0F5AC
:10709000805F0BD1206948B9A66A20684068C0F3B8
:1070A00008003080A06A801CA06214E0A56AA06875
:1070B000B0F5805F03D0A06828B9206918B92068AE
:1070C0004068287004E02068406800F07F00287065
:1070D000A06A401CA062E08D401E80B2E0850028BE
:1070E00046D12068C06820F020002168C860206870
:1070F000C06820F480702168C8602068406920F072
:10710000010021684861202084F84200002060636B
:10711000206B012826D10020206300BF00BF21681A
:107120000C3151E8001F21F0100021680C3141E8BA
:107130000002002AF3D100BF2068006800F01000B0
:1071400010280AD100BF002000902068006800903D
:1071500020684068009000BF00BFA18D2046FDF769
:1071600053FC02E02046FDF797FF0020F8BD01E048
:107170000020FBE70220F9E72DE9F84F04462068DC
:10718000006920F44050E1680843216808612169E2
:10719000A068084361690843E169084300902068DA
:1071A000C06849F20C618843009908432168C860AF
:1071B0002068406920F44070A16908432168486153
:1071C00076492068884203D075492068884203D1F7
:1071D000FCF770FE814602E0FCF75CFE8146E06948
:1071E000B0F5004F6CD102206168A0FB015003464E
:1071F0001920A9FB007001462A463846F9F7B4F871
:107200006421B0FBF1F04FEA001A02206168A0FB94
:1072100001510B461920A9FB00712A463846F9F79F
:10722000A3F8834602206168A0FB015003461920A1
:10723000A9FB00712A463846F9F796F86421B0FB9D
:10724000F1F000EBC00101EB0010ABEB800032214C
:1072500001EBC0006421B0FBF1F000F0F8000AEB94
:10726000400A02206168A0FB015003461920A9FBD7
:10727000007001462A463846F9F776F88346022020
:107280006168A0FB015003461920A9FB00712A4642
:107290003846F9F769F86421B0FBF1F000EBC00162
:1072A00001EB0010ABEB8000322101EBC000642148
:1072B000B0FBF1F000F007005044216888606AE0FC
:1072C00004206168A0FB015003461920A9FB00704F
:1072D00001462A463846F9F747F882460420616895
:1072E000A0FB015003461920A9FB007001462A4665
:1072F0003846F9F739F86421B0FBF1F000EBC00132
:1073000001EB0010AAEB8000322101EB0010642198
:10731000B0FBF1F000F0F00A04206168A0FB0170FE
:1073200003461920A9FB00513A462846F9F71CF8F4
:107330006421B0FBF1F00AEB001A04206168A0FBA5
:1073400001510B461920A9FB00712A463846F9F76E
:107350000BF8834604206168A0FB01500346192006
:10736000A9FB007001462A463846F8F7FDFF642164
:10737000B0FBF1F000EBC00101EB0010ABEB8000C3
:10738000322101EB00106421B0FBF1F000F00F009E
:10739000504421688860BDE8F88F0000001001406B
:1073A0000014014077B581B0044615460298A062EA
:1073B000A58500206064222084F842002C48E16BFF
:1073C000C8632C48E16B08642B48E16BC86400205B
:1073D000E16B086502AE32682368191D2B46E06B2D
:1073E000FBF748FA38B110206064202084F842008E
:1073F000012004B070BD00BF00200090206800682C
:10740000009020684068009000BF00BF206970B104
:1074100000BF00BF21680C3151E8001F41F48070AB
:1074200021680C3141E80002002AF3D100BF00BFFF
:1074300000BF2168143151E8001F41F001002168AC
:10744000143141E80002002AF3D100BF00BF00BFA1
:107450002168143151E8001F41F0400021681431C7
:1074600041E80002002AF3D100BF0020C1E700007C
:10747000F36E0008A76F0008A36E0008014691F89C
:107480004100212828D18868B0F5805F0BD10869B8
:1074900048B90A6A1088C0F308000B685860086A87
:1074A000801C086205E00B6A581C086218780B689B
:1074B0005860C88C401E80B2C88458B90868C0683B
:1074C00020F080000B68D8600868C06840F0400079
:1074D0000B68D860002070470220FCE710B5024816
:1074E000FDF7A0FA10BD0000E805002010B5024825
:1074F000FDF798FA10BD00003006002088B000BFEC
:107500004FF0FF3201A90448006804F007F801A811
:1075100002F06AFCF4E700000C00002000BFCD2060
:1075200002F0B8FC022003F093FBF8E72DE9F041EC
:1075300004460D46D4F8C87204F53070D4F8D4125D
:1075400050F8210010B90320BDE8F08104F5307037
:10755000D4F8D41250F8216005F00F0000EB800140
:1075600004F1140050F8210028B305F00F0000EBDF
:10757000800104F1140050F8211005F00F0000EB19
:10758000C00207F1140000EB82008068B1FBF0F24A
:1075900000FB121078B9002105F00F0000EB80020B
:1075A00004F1140040F8221000231A462946204610
:1075B00001F042F917E00020C6F8140204F531701A
:1075C000D4F8D41250F82100006960B1D6F808024E
:1075D00004F53171D4F8D42251F822102A460B69EF
:1075E00006F5047198470020AEE770B504460E46D4
:1075F00004F53070D4F8D41250F82150D4F8D412D5
:1076000050F8210008B9032070BD3146204600F033
:107610006AFFC5F80C02D5F8040204F53171D4F8FC
:10762000D43251F82310CA6805F503719047002041
:10763000EAE7000070B504460D4630480178204660
:1076400000F01BFE00212D48007800F00F0000EB39
:10765000800204F1140000EB8200C1732848017815
:10766000204600F00AFE00212548007800F00F00B7
:1076700000EB800204F5AA7000EB8200C173214880
:107680000178204600F0F9FD00211E48007800F046
:107690000F0000EB800204F1140000EB8200C173C4
:1076A0001848007800F00F0000EB800204F114008D
:1076B00000EB8200816004F53070D4F8D41250F8E9
:1076C0002100C8B104F53171D4F8D42251F8221048
:1076D0004868804704F53071D4F8D42251F822006C
:1076E00001F0D6FB002104F53070D4F8D42240F824
:1076F00022100020C4F8BC02002070BDD702002078
:10770000D8020020D902002070B5044604F530707C
:10771000D4F8D41250F821500DB9032070BD04F5EF
:107720003170D4F8D41250F8210098B195F80002C5
:10773000FF280FD095F8012295F8000204F5317169
:10774000D4F8D46251F826108B6829469847FF2058
:1077500085F800020020E1E701460A200880014880
:1077600070470000500200202DE9F04104468221BC
:107770000D4800F09EFC054601210B4800F099FCE5
:1077800006468121084800F094FC07460DB1102000
:10779000A8710EB14020B0800FB14020B8804320C6
:1077A00020800148BDE8F081940200202DE9F041DD
:1077B000044682210E4800F07CFC054601210C485D
:1077C00000F077FC06468121094800F072FC07466C
:1077D0000DB11020A87116B14FF40070B08017B130
:1077E0004FF40070B880432020800148BDE8F0814C
:1077F000940200202DE9F041044682210D4800F05A
:1078000058FC054601210B4800F053FC0646812137
:10781000084800F04EFC07460DB11020A8710EB1CB
:107820004020B0800FB14020B88043202080014824
:10783000BDE8F0819402002070B504460E464FF476
:10784000077001F027FB054645B9002104F53070AB
:10785000D4F8D42240F82210022070BD4FF40771F2
:107860002846F8F76FFE04F53070D4F8D41240F8CB
:107870002150D4F8D41250F82100C4F8BC02207C66
:1078800098BB4FF40073022250480178204600F064
:10789000CBFE01214D48007800F00F0000EB800284
:1078A00004F1140000EB8200C1734B02022248482D
:1078B0000178204600F0B8FE01214548007800F02C
:1078C0000F0000EB800204F5AA7000EB8200C17388
:1078D00010214048007800F00F0000EB800204F116
:1078E000140000EB8200816032E0FFE740230222B7
:1078F00036480178204600F097FE01213348007891
:1079000000F00F0000EB800204F1140000EB820095
:10791000C173402302222E480178204600F084FEE5
:1079200001212B48007800F00F0000EB800204F5E5
:10793000AA7000EB8200C17310212648007800F085
:107940000F0000EB800204F1140000EB8200816064
:10795000082303221F480178204600F065FE01211C
:107960001C48007800F00F0000EB800204F11400C6
:1079700000EB8200C1730020C5F8040204F53171E8
:10798000D4F8D42251F82210086880470020C5F8A6
:107990001402C5F81802D5F8040208B902205CE701
:1079A000207C48B94FF40073094801782046D5F887
:1079B000042200F051FE07E04023054801782046EC
:1079C000D5F8042200F048FE002046E7D702002048
:1079D000D8020020D902002070B5044604F53070AA
:1079E000D4F8D41250F82150D4F8D41250F8210011
:1079F00008B9032070BD207C48B94FF400730948D2
:107A000001782046D5F8042200F026FE07E0402346
:107A1000044801782046D5F8042200F01DFE00201D
:107A2000E8E70000D8020020024609B903207047A9
:107A300002F53170D2F8D43240F823100020F6E776
:107A400010B5024602F53070D2F8D44250F8243016
:107A50000BB9032010BDC3F804120020FAE730B5BB
:107A600003460C4603F53070D3F8D45250F8251075
:107A700009B9032030BDC1F80842C1F81022002026
:107A8000F8E72DE9FC4105460C4605F53070D5F8C0
:107A9000D41250F82160002001900090804616B961
:107AA0000320BDE8FC81207800F0600000283DD074
:107AB00020287CD1E08868B3207800F08000B8B13D
:107AC000E288607805F53171D5F8D4C251F82C10F0
:107AD0008B6831469847E088072801D9072000E0E5
:107AE000E08807463A463146284600F012F91CE085
:107AF000607886F80002E088402801D2E08800E043
:107B0000402086F8010296F801223146284600F00E
:107B1000DCF80AE0607805F53171D5F8D42251F827
:107B2000221000228B682146984747E0607830B1E8
:107B3000012832D00A2813D00B282FD121E095F844
:107B40009C02032805D102226946284600F0E1F88C
:107B500005E02146284600F0ACF84FF0030824E089
:107B600095F89C02032805D1012201A9284600F0BE
:107B7000D0F805E02146284600F09BF84FF00308B6
:107B800013E095F89C02032805D02146284600F012
:107B900090F84FF0030808E009E006E02146284687
:107BA00000F087F84FF0030800BF00BF06E0214651
:107BB000284600F07EF84FF0030800BF00BF4046A3
:107BC0006FE7000070B5054605F53070D5F8D412A2
:107BD00050F8214001260CB9032070BDD4F81402DE
:107BE000C0B90120C4F814020B48007800F00F005F
:107BF00000EB800205F11400D4F8101240F82210B6
:107C0000054801782846D4F81032D4F8082200F04C
:107C100013FE00263046E0E7D702002070B5044688
:107C20000D460026D4F8B8022946426820469047FF
:107C300000B10326304670BD70B504460D4694F879
:107C40009C02012804D0022803D003280CD101E0B3
:107C500000BF00BF6888012805D10020C4F8A40235
:107C6000204600F068F804E02946204600F021F89C
:107C700000BF00BF70BD02460020704702460020D2
:107C8000704770B506460C4615462B462246002125
:107C9000304600F0E1FC002070BD70B506460C4691
:107CA00015462B4622460021304600F0C5FD002037
:107CB00070BD70B504460D468021204600F08CFD55
:107CC0000021204600F088FD70BD70B504460E46C8
:107CD00015460320C4F89402C4F854514FF4B2700E
:107CE00006514FF4AC7005512B4632460021204618
:107CF00000F0B2FC002070BD10B504460520C4F8A9
:107D0000940200231A461946204600F0A5FC0020E4
:107D100010BD70B504460E4615460220C4F8940204
:107D200065616662A5612B4632460021204600F05F
:107D300083FD002070BD10B504460420C4F89402F1
:107D400000231A461946204600F076FD002010BD9B
:107D500070B505460C462DB92246064906A000F02E
:107D600012FA04E02246034903A000F00CFA01488D
:107D700070BD00001C0B002043444320436F6E661F
:107D80006967000002461220088001487047000021
:107D90005800002070B505460C462DB9224606490C
:107DA00006A000F0F0F904E02246034903A000F029
:107DB000EAF9014870BD00001C0B00204344432039
:107DC000496E7465726661636500000002460420B6
:107DD00008800148704700006C00002070B505461F
:107DE0000C462246024903A000F0CDF9004870BDC0
:107DF0001C0B002053544D6963726F656C6563748E
:107E0000726F6E696373000070B505460C462DB93C
:107E10002246064906A000F0B6F904E022460349CE
:107E200003A000F0B0F9014870BD00001C0B002059
:107E300053544D3332205669727475616C20436F10
:107E40006D506F727400000070B505460C461A2024
:107E50002080F9F77BFD014870BD00007000002014
:107E600070B504460D46E888012804D0294620460E
:107E7000FFF71FFF1EE094F89C02012804D002289F
:107E800003D0032810D109E000BF0020A060012228
:107E900004F108012046FFF73CFF0AE00122211D02
:107EA0002046FFF736FF04E029462046FFF701FF92
:107EB00000BF00BF70BDF8B504460E46002000901C
:107EC0000027002570880012082875D2DFE800F02E
:107ED000C7040C20C7C7A5B5207CD4F8B4120A6823
:107EE000694690470746C1E0207C40B9D4F8B80203
:107EF000816A6846884707460220787007E0D4F810
:107F0000B802C16A68468847074602207870ADE02B
:107F1000B078062878D2DFE800F00316293C5063D9
:107F2000D4F8B402406838B1207CD4F8B4124A685E
:107F300069469047074605E031462046FFF7B9FEFF
:107F4000681CC5B267E0D4F8B402806838B1207C00
:107F5000D4F8B4128A6869469047074605E031466E
:107F60002046FFF7A6FE681CC5B254E0D4F8B40260
:107F7000C06838B1207CD4F8B412CA68694690470A
:107F8000074605E031462046FFF793FE681CC5B260
:107F900041E0D4F8B402006938B1207CD4F8B412BE
:107FA0000A6969469047074605E031462046FFF7D3
:107FB00080FE681CC5B22EE051E0D4F8B4024069DE
:107FC00038B1207CD4F8B4124A6969469047074614
:107FD00005E031462046FFF76CFE681CC5B21AE08A
:107FE000D4F8B402806940B1207CD4F8B4128A6914
:107FF00069469047074606E006E031462046FFF70F
:1080000058FE681CC5B206E031462046FFF751FE17
:10801000681CC5B200BF00BF28E0207C30B9D4F88E
:10802000B802416B68468847074605E0314620465E
:10803000FFF73FFE681CC5B218E0207C40B9D4F8B9
:10804000B802016B6846884707460720787005E04C
:1080500031462046FFF72DFE681CC5B206E03146CA
:108060002046FFF726FE681CC5B200BF00BF05B161
:10807000F8BDF088C0B1BDF8000080B1F088BDF84F
:108080000010884202DDBDF8000000E0F08800909A
:10809000BDF8002039462046FFF73BFE07E0314699
:1080A0002046FFF706FE02E02046FFF744FE00BF31
:1080B000DEE72DE9F84105460F462C462E464FF0E7
:1080C000000870883178884218DD307800900FE021
:1080D0006946204600F020F804466078052807D15C
:1080E000A04698F80200B84200D106E04FF0000820
:1080F0007088BDF800108842EADC00BF4046BDE849
:10810000F881014600200A4602E0431CD8B2521C06
:108110001378002BF9D1704710B5024610460B8832
:10812000047823440B800378981810BD70B504467A
:108130000D4694F89C02012804D0022803D003289D
:108140001AD101E000BF00BFE888022804D0294608
:108150002046FFF7AEFD14E00120E060D4F8A40251
:1081600018B1E06840F00200E060022204F10C0166
:108170002046FFF7CEFD04E029462046FFF799FD93
:1081800000BF00BF70BD2DE9F04107460D46904687
:1081900000240FB9BDE8F0813E463046FFF7B1FF3D
:1081A000022101EB4000B0F5007F01D9080204E094
:1081B0003046FFF7A6FF4000801CA8F8000098F8A2
:1081C00000002855601CC4B203202855601CC4B2AE
:1081D00008E030782855761C601CC4B20020285571
:1081E000601CC4B230780028F3D100BFD2E701464A
:1081F000002031B1012906D0022906D0032908D177
:1082000005E0002007E0032005E0012003E0032053
:1082100001E0032000BF00BF70472DE9F041044694
:108220000D46164614B90320BDE8F0810020C4F8BD
:10823000B802C4F8C402C4F8D0020DB1C4F8B452F4
:10824000012084F89C022670204600F055F907466C
:108250003846E9E72DE9F04104460D46002600279F
:108260002946D4F8C802FAF73AFE06463046FFF728
:10827000BEFF07463846BDE8F0812DE9F0410446CF
:108280000D46002600272946D4F8C802FAF7F2FD69
:1082900006463046FFF7ABFF07463846BDE8F0819B
:1082A0002DE9F04705460F469146002F5AD105F1BA
:1082B0001404D5F8940202284AD1A1896068884242
:1082C00013D9A1896068401A6060A18920690844B7
:1082D0002061284662682169FFF7DFFC00231A4607
:1082E0001946284600F0B8F932E0A0896168884252
:1082F00017D1A1892068884213D32068D5F8981235
:1083000088420ED2002211462846FFF7C6FC002004
:10831000C5F8980200231A461946284600F09CF931
:1083200016E095F89C0203280BD1D5F8B802C06876
:1083300038B10020C5F8D402D5F8B802C168284683
:1083400088478021284600F047FA2846FFF7D4FCEA
:1083500095F8A00250B3284600F0C5FA002085F831
:10836000A00223E047F080012846FFF784FC064680
:10837000FF2E1BD0D6B995F89C02032816D105F51F
:108380002E7050F82600406980B1C5F8D46205F51A
:108390002E7050F82600394642692846904780469C
:1083A000B8F1000F02D04046BDE8F0870020FBE79F
:1083B0002DE9F04705460F4691464FF00008002F83
:1083C00055D105F5AA76D5F89402032873D1B18961
:1083D0007068884214D9B1897068401A7060B18998
:1083E000306908443061B3897068984201D9706877
:1083F00000E0B089024628463169FFF742FC5AE0A6
:1084000095F8AA0200F01F0020B1012804D002282C
:1084100012D109E0002411E040F2AE20415D28466F
:10842000FFF72CFC044609E040F2AE20415D2846EF
:10843000FFF721FC044601E0002400BF00BF94B90F
:1084400095F89C0203280ED105F52E7050F82400F3
:10845000006940B1C5F8D44205F52E7050F82400EB
:108460000169284688472846FFF765FC23E007F0A6
:108470007F012846FFF7FFFB0446FF2C1BD0D4B931
:1084800095F89C02032810D105F52E7050F82400B1
:10849000806950B1C5F8D44205F52E7050F824001B
:1084A00039468269284690478046B8F1000F02D0CD
:1084B0004046BDE8F0870020FBE7014600207047FA
:1084C00070B504460025012084F89C02D4F8B80257
:1084D00038B12179D4F8B80242682046904700B1FB
:1084E0000325284670BD70B504460D462946D4F8CC
:1084F000C802FAF732FD70BD10B504462078002896
:108500002AD11648C0F8E044C4F8C8024FF0A04091
:10851000124908600420087102211048C17100212D
:1085200081710221417200218172C17201738173D4
:10853000C173FBF767F908B1F9F700F88021074824
:10854000FAF71DFC402200210448FAF71DFC8022A6
:1085500001210248FAF718FC002010BD1C1D002064
:1085600010B50246D2F8C83201F08000802809D147
:1085700001F07F0000EBC00403F1140000EB840065
:10858000807810BD01F07F0000EBC00403F515708A
:1085900000EB84008078F4E770B504460D4604F5DE
:1085A0002E70D4F8D41250F8210008B9032070BD01
:1085B00094F89C02032811D104F52E70D4F8D4123B
:1085C00050F82100006A48B104F52E70D4F8D41296
:1085D00050F821002946026A204690470020E6E72D
:1085E00070B504460D4604F52E70D4F8D41250F838
:1085F000210008B9032070BD94F89C02032811D112
:1086000004F52E70D4F8D41250F82100406A48B115
:1086100004F52E70D4F8D41250F821002946426A8D
:10862000204690470020E6E72DE9F04704460F4634
:1086300015461E464FF00008C1462B4632463946C5
:10864000D4F8C802FAF794FC80464046FFF7CFFD05
:1086500081464846BDE8F0872DE9F04704460D46BF
:1086600016461F464FF00008C1463B463246294693
:10867000D4F8C802FAF7C3FC80464046FFF7B7FDBE
:1086800081464846BDE8F08770B5044600250120C4
:1086900084F89C020020C4F894026060C4F8A4022C
:1086A00084F8A002D4F8B80258B1D4F8B8024068EF
:1086B00038B12179D4F8B80242682046904700B119
:1086C00003254023002211462046FFF7ADFF01217C
:1086D00040F2631001554021C01E01534023002287
:1086E00080212046FFF7A0FF0121232001554021D2
:1086F0002184284670BD014691F89C02042803D1CC
:1087000091F89D0281F89C020020704710B5044644
:1087100094F89C0203280BD1D4F8B80240B1D4F8E5
:10872000B802C06920B1D4F8B802C16920468847B0
:10873000002010BD02461174002070472DE9F04161
:1087400004460D46002600272946D4F8C802FBF748
:1087500083F906463046FFF74AFD07463846BDE82E
:10876000F08170B504460D46294604F2AA2000F0B7
:108770007BF80120C4F894024FF42C70005BC4F81D
:10878000980294F8AA0200F01F0020B1012809D035
:10879000022815D10DE004F2AA21204600F088F944
:1087A000064616E004F2AA21204600F01AFB06460F
:1087B0000FE004F2AA21204600F0D1F9064608E0B5
:1087C00094F8AA0200F08001204600F005F8064661
:1087D00000BF00BF304670BD2DE9F04104460D4694
:1087E000002600272946D4F8C802FAF72BFC0646D3
:1087F0003046FFF7FCFC07463846BDE8F08170B50F
:10880000044600250026D4F8C802FBF748F90546BF
:108810002846FFF7ECFC0646304670BD014691F84D
:108820009C02042803D091F89C0281F89D02042048
:1088300081F89C02002070472DE9F04704460D4660
:1088400016461F464FF00008C1463B4632462946B1
:10885000D4F8C802FAF73BFC80464046FFF7C7FC55
:1088600081464846BDE8F08770B505460E46344659
:1088700020782870641C20786870641C2046FEF7FD
:108880004FF96880641C641C2046FEF749F9A880F3
:10889000641C641C2046FEF743F9E88070BD38B5BF
:1088A00004460D46002000900DB9032038BDC4F8E1
:1088B000B85204F52E70D4F8D41250F82100C06AD2
:1088C00050B104F52E70D4F8D42250F82200C16AB9
:1088D00068468847C4F8D002D4F8D802401CC4F8CF
:1088E000D8020020E2E701460020704770B5044638
:1088F0000D46A88810BBE88800BB688880281DD278
:10890000A87800F07F0694F89C02032804D1294639
:108910002046FFF7CEF915E084F89E6231462046E6
:10892000FFF70CFF2046FFF706FA1EB1022084F87D
:108930009C0207E0012084F89C0203E029462046BF
:10894000FFF7B7F970BD70B504460D460026D4F8A0
:10895000B80230B1D4F8B8022946026820469047E0
:108960000646304670BD000070B504460E46002530
:10897000B0783D49087008460078012805D931468D
:108980002046FFF796F9032070BD94F89C02022858
:1089900002D0032859D11FE033480078C0B13248D3
:1089A00000786060304801782046FFF7CCFF05462C
:1089B0003DB131462046FFF77CF9022084F89C0245
:1089C00009E02046FFF7B7F9032084F89C0202E093
:1089D0002046FFF7B0F943E02348007870B9022041
:1089E00084F89C022048007860601F480178204687
:1089F000FFF714F92046FFF79EF925E01A49097898
:108A0000606888421DD021792046FFF707F9164893
:108A100000786060144801782046FFF794FF05460F
:108A20005DB131462046FFF744F921792046FFF732
:108A3000F5F8022084F89C0206E02046FFF77BF957
:108A400002E02046FFF777F90AE031462046FFF7BB
:108A500030F9054801782046FFF7E0F8032500BF0C
:108A600000BF284690E700004E02002070B5054682
:108A70000C466088012805D1C5F8A4022846FFF7F6
:108A80005AF90EE06088022807D1A088001285F804
:108A9000A0022846FFF74FF903E021462846FFF7DA
:108AA00008F970BD10B504462046FFF7A8FE10BDBA
:108AB00070B504460D460026287800F0600088B1A5
:108AC000202802D0402842D100E000BF04F52E70DB
:108AD000D4F8D41250F821002946826820469047E5
:108AE000064639E068780A282AD2DFE800F01A241E
:108AF000291F290A0529150F29462046FFF7DBF90A
:108B000023E029462046FFF7F1FE1EE029462046D5
:108B1000FFF72AFF064618E029462046FFF7A0F98E
:108B200013E029462046FFF701FB0EE029462046C8
:108B3000FFF79CFF09E029462046FFF77DF804E097
:108B400029462046FFF7B5F800BF00BF04E02946DC
:108B50002046FFF7AEF800BF00BF304670BD2DE9DC
:108B6000F04705460F464FF000093C79387800F091
:108B70006000F8B1202802D040287DD100E000BF7D
:108B800021462846FFF777F80646FF2E11D086B912
:108B9000C5F8D46205F52E7050F82600806840B103
:108BA00005F52E7050F82600394682682846904711
:108BB000814612E1787800287AD001282FD0032846
:108BC0006ED195F89C02022802D0032820D110E033
:108BD00054B1802C08D021462846FFF7FDFD8021A6
:108BE0002846FFF7F9FD03E039462846FFF761F80C
:108BF00013E0788840B93CB1802C05D0F88818B9CA
:108C000021462846FFF7E8FD2846FFF794F804E0E0
:108C100039462846FFF74DF800BF00BFD6E095F86B
:108C20009C02022802D003283BD110E054B1802CD2
:108C300008D021462846FFF7CFFD80212846FFF7C0
:108C4000CBFD03E039462846FFF733F82EE078885D
:108C500020BB04F07F0018B121462846FFF7FAFA3E
:108C60002846FFF768F821462846FFF704F806462D
:108C7000FF2E13D096B900E0AAE0C5F8D46205F53E
:108C80002E7050F82600806840B105F52E7050F81F
:108C900026003946826828469047814606E007E06C
:108CA0008FE039462846FFF704F800BF00BF8DE08B
:108CB00095F89C02022802D003287BD127E034B12A
:108CC000802C04D039462846FEF7F3FF77E004F005
:108CD0008000802808D104F07F0000EB800105F1BE
:108CE000140000EB810007E004F07F0000EB80013E
:108CF00005F5AA7000EB81008046002088F80E0080
:108D0000022208F10E012846FFF703F857E004F0AD
:108D1000800080280ED104F00F0000EB800105F1E7
:108D2000140000EB8100C07B98B939462846FEF755
:108D3000C0FF44E004F00F0000EB800105F5AA70CD
:108D400000EB8100C07B20B939462846FEF7B1FF11
:108D500035E004F08000802808D104F07F0000EBAB
:108D6000800105F1140000EB810007E004F07F00B2
:108D700000EB800105F5AA7000EB810080460CB184
:108D8000802C03D1002088F80E000CE021462846F4
:108D9000FFF7E6FB20B1012088F80E0003E009E0B0
:108DA000002088F80E00022208F10E012846FEF786
:108DB000B0FF04E039462846FEF77BFF00BF00BF46
:108DC00004E039462846FEF774FF00BF00BF04E008
:108DD00039462846FEF76DFF00BF00BF4846BDE894
:108DE000F0872DE9F04105460E460027307800F067
:108DF000600030B1202802D0402840D100E000BF00
:108E000000BF95F89C02012804D0022803D0032853
:108E10002ED101E000BF00BF3079012823D831797D
:108E20002846FEF72BFF0446FF2C14D09CB905F50D
:108E30002E7050F82400806858B1C5F8D44205F56A
:108E40002E7050F824003146826828469047074625
:108E500002E0032700E00327F08840B93FB9284625
:108E6000FEF769FF03E031462846FEF722FF04E0E3
:108E700031462846FEF71DFF00BF00BF04E0314623
:108E80002846FEF716FF00BF00BF3846BDE8F08158
:108E90007047000001460148704700000022002092
:108EA00070B504460B4622461978587801282CD113
:108EB00040F61C0080581D7805F00F060125B540CE
:108EC000ADB2284340F61C05A85002F5106000EB37
:108ED0004110006800F40040F0BB1889C0F30A009C
:108EE0001D7940EA854040EA815040F0805040F4CE
:108EF000004002F5106505EB41152D68284302F589
:108F0000106505EB411528602DE040F61C008058E7
:108F10001D7805F00F060125B540144E06EA0545FB
:108F2000284340F61C05A85002F5306000EB4110C4
:108F3000006800F4004078B91889C0F30A001D7970
:108F400040EA854040F0805040F4004002F5306532
:108F500005EB41152D6800E005E0284302F530657A
:108F600005EB41152860002070BD00000000FFFFE8
:108F700001460A464FF410608058C30ADB024FF4E2
:108F80001060835040F60400805840F4807340F62F
:108F900004008350002070470FB470B504469DF85C
:108FA0001900012818D1A06B20F48030A063E0687C
:108FB0001B490840E060E06820F44010E0609DF844
:108FC0002000012803D1E06840F48010E0602046D2
:108FD00000F028F8054613E0E06840F04000E0604B
:108FE000204600F01FF805469DF81D0020B9A06B33
:108FF00040F48030A06303E0A06B20F48030A063D5
:109000009DF81600012807D1A06840F00600A06076
:10901000A06840F02000A060284670BC5DF814FBFA
:10902000BFFFBDFF08B501460020009000BF0098BB
:10903000401C00900098B0F1706F01D9032008BD6A
:10904000086900F000400028F1D00A20009002E0FA
:109050000098401E009000980028F9D1086940F05F
:109060000100086100BF0098401C00900098B0F11A
:10907000706F01D90320E2E7086900F001000028C1
:10908000F1D100BFDBE7000070B504460B46224675
:1090900019785878012848D102F5106000EB41108A
:1090A000006800F00040B0F1004F17D102F51060E9
:1090B00000EB4110006840F0006502F5106000EB25
:1090C0004110056002F5106000EB4110006840F0AF
:1090D000804502F5106000EB4110056040F63C0051
:1090E00080581D7805F00F060125B540ADB2A843A4
:1090F00040F63C05A85040F61C0080581D7805F04D
:109100000F060125B540ADB2A84340F61C05A85096
:1091100002F5106000EB411000682B4D284002F56D
:10912000106505EB411528604BE002F5306000EB5F
:109130004110006800F00040B0F1004F17D102F577
:10914000306000EB4110006840F0006502F53060CF
:1091500000EB4110056002F5306000EB4110006843
:1091600040F0804502F5306000EB4110056040F6AC
:109170003C0080581D7805F00F060125B540134EC0
:1091800006EA0545A84340F63C05A85040F61C00F9
:109190008558187800F00F060120B0400B4E06EA03
:1091A0000040854340F61C00855002F5306000EB1E
:1091B00041100068064D284002F5306505EB411569
:1091C0002860002070BD0000007833EC0000FFFF35
:1091D0000078F3EF01460A46D2F8000E20F00300B3
:1091E000C2F8000E40F60400805820F0020340F65A
:1091F000040083500020704701460A46D2F8000E52
:1092000020F00300C2F8000E40F60400805840F041
:10921000020340F604008350002070470FB4F0B5FD
:10922000054600272E46002405E0002105F5827042
:1092300040F82410641C0F2CF7D39DF82200A0B92D
:1092400040F60400805940F0020140F604008151CC
:10925000A86B40F40010A863A86B20F40020A8635A
:10926000A86B20F48020A86307E0A86B20F400100E
:10927000A863A86B40F40020A8630020C6F8000E85
:109280009DF81D0001280CD19DF81B0020B900217C
:10929000284600F00AFD08E00121284600F005FDFF
:1092A00003E00321284600F000FD1021284600F0CD
:1092B00002FC00B10127284600F0D5FB00B10127D0
:1092C00000214FF401608151001D815140F61C00C6
:1092D000815100242EE006F5106000EB4410006878
:1092E00000F00040B0F1004F10D13CB94FF00061E8
:1092F00006F5106000EB441001600DE04FF0904166
:1093000006F5106000EB4410016005E0002106F551
:10931000106000EB44100160002106F5106000EBC6
:10932000441001614FF67F3106F5106000EB4410E8
:109330008160641C9DF81800A042CCD800242EE067
:1093400006F5306000EB4410006800F00040B0F11A
:10935000004F10D13CB94FF0006106F5306000EBD2
:10936000441001600DE04FF0904106F5306000EBD5
:109370004410016005E0002106F5306000EB441068
:109380000160002106F5306000EB441001614FF6EA
:109390007F3106F5306000EB44108160641C9DF85D
:1093A0001800A042CCD84FF40160805920F480719D
:1093B0004FF4016081510020A8616FF08040686126
:1093C0009DF81A0018B9A86940F01000A861A869B2
:1093D0000A490843A8619DF81E0018B1A86940F029
:1093E0000800A8619DF82200012803D1A86904495A
:1093F0000843A8613846F0BC5DF814FB00383C8097
:10940000040000400146886820F0010088600020C8
:109410007047000070B503460C4619461D6C18488D
:10942000854209D94FF43060405800F00040B0F157
:10943000004F01D1002070BD0026C1F8106BD1F89B
:10944000100B40F40026C1F8106BD1F8100B40F05F
:109450001806C1F8106BD1F8100B40F0C046C1F8E7
:10946000106B012C09D1C1F8142B4FF43060405817
:1094700040F080264FF4306046500020DBE70000CB
:109480000A30544F30B504460B46224619785878B6
:1094900001281ED102F5106000EB4110006820F495
:1094A000001502F5106000EB4110056018790328E3
:1094B00002D0187902282AD102F5106000EB411081
:1094C000006840F0805502F5106000EB4110056027
:1094D0001DE002F5306000EB4110006820F400153B
:1094E00002F5306000EB411005601879032802D0C6
:1094F000187902280BD102F5306000EB41100068AA
:1095000040F0805502F5306000EB4110056000200E
:1095100030BD30B504460B462246197858780128EC
:1095200021D102F5106000EB4110006800F000400E
:1095300060B959B102F5106000EB4110006820F0ED
:10954000804502F5106000EB4110056002F51060E7
:1095500000EB4110006840F4001502F5106000EBCC
:109560004110056020E002F5306000EB411000681A
:1095700000F0004060B959B102F5306000EB4110D5
:10958000006820F0804502F5306000EB4110056076
:1095900002F5306000EB4110006840F4001502F560
:1095A000306000EB41100560002030BD2DE9F8432C
:1095B00081460E4690464D463478707801287DD11C
:1095C000306920BB05F5106000EB44100069E649E6
:1095D000084005F5106101EB4411086105F51060C4
:1095E00000EB4410006940F4002105F5106000EB29
:1095F0004410016105F5106000EB44100069C10CD6
:10960000C90405F5106000EB441001616FE005F539
:10961000106000EB44100069C10CC90405F510602E
:1096200000EB4410016105F5106000EB4410006987
:10963000CD49084005F5106101EB4411086194B96A
:10964000B1683069884201D9B068306105F51060B1
:1096500000EB4410006940F4002105F5106000EBB8
:109660004410016135E0B16830690844401EB0FB28
:10967000F1F087B205F5106000EB44100069BA49BB
:10968000C94301EAC741084305F5106101EB4411E4
:109690000861307901281CD105F5106000EB4410F9
:1096A000006920F0C04105F5106000EB4410016135
:1096B00005F5106000EB4410006900E099E04FF000
:1096C000C04101EA4771084305F5106101EB4411FF
:1096D000086105F5106000EB441000693169C1F3C1
:1096E0001201084305F5106101EB44110861B8F15E
:1096F000010F36D1F06928B105F5106000EB441078
:10970000F1694161307901281ED140F608004059C5
:1097100000F4807060B905F5106000EB441000683B
:1097200040F0005105F5106000EB441001600BE0C3
:1097300005F5106000EB4410006840F0805105F51D
:10974000106000EB4410016005F5106000EB441060
:10975000006840F0044105F5106000EB4410016022
:10976000FEE005F5106000EB4410006840F0044195
:1097700005F5106000EB44100160307901280FD02E
:1097800030690028ECD040F634004059317801F0BF
:109790000F0201219140084340F634014851DFE0B7
:1097A00040F60800405900F4807060B905F510607B
:1097B00000EB4410006840F0005105F5106000EB2C
:1097C000441001600BE005F5106000EB44100068E8
:1097D00040F0805105F5106000EB44100160CDF8B9
:1097E0000080308A83B232784846F16800F0DAFAB5
:1097F000B6E005F5306000EB44100069C10CC90407
:1098000005F5306000EB4410016105F5306000EBB8
:10981000441000695449084005F5306101EB4411DA
:10982000086104BB306908B1B0683061B06830626B
:1098300005F5306000EB44100069316AC1F3120194
:10984000084305F5306101EB4411086105F530600E
:1098500000EB4410006940F4002105F5306000EB96
:109860004410016143E03069D0B905F5306000EB88
:1098700044100069B168C1F31201084305F5306175
:1098800001EB4411086105F5306000EB44100069FC
:1098900040F4002105F5306000EB4410016126E042
:1098A000B16830690844401EB0FBF1F087B2B0687F
:1098B0007843306205F5306000EB441000692A49B6
:1098C000C94301EAC741084305F5306101EB441182
:1098D000086105F5306000EB44100069316AC1F39E
:1098E0001201084305F5306101EB44110861B8F13C
:1098F000010F07D1F06828B105F5306000EB441086
:10990000F1684161307901281ED140F608004059C4
:1099100000F4807060B905F5306000EB4410006819
:1099200040F0005105F5306000EB441001600BE0A1
:1099300005F5306000EB4410006840F0805105F5FB
:10994000306000EB4410016005F5306000EB44101E
:10995000006840F0044105F5306000EB4410016000
:109960000020BDE8F8830000FFFF07E078B503465C
:109970000024009400201A464C78012C35D10C7834
:1099800002F5106505EB4414246804F00044B4F1BA
:10999000004F60D10C7805EB4414246844F0006655
:1099A0000C7805EB441426600C7805EB441424680D
:1099B00044F080460C7805EB4414266000BF009C00
:1099C000641C009442F21075009CAC4201D9012045
:1099D0000AE00C7802F5106505EB4414246804F0E5
:1099E0000044B4F1004FEAD035E00C7802F5306560
:1099F00005EB4414246804F00044B4F1004F2AD16C
:109A00000C7805EB4414246844F000660C7805EBF0
:109A1000441426600C7805EB4414246844F0804616
:109A20000C7805EB4414266000BF009C641C009475
:109A300042F21075009CAC4201D901200AE00C787A
:109A400002F5306505EB4414246804F00044B4F1D9
:109A5000004FEAD000BF78BD0146886840F00100A1
:109A600088600020704708B501460020009000BFC4
:109A70000098401C00900098B0F1706F01D903204D
:109A800008BD086900F000400028F1D000200090D7
:109A90001020086100BF0098401C00900098B0F1B1
:109AA000706F01D90320EBE7086900F0100010285F
:109AB000F1D00020E4E708B502460020009000BF86
:109AC0000098401C00900098B0F1706F01D90320FD
:109AD00008BD106900F000400028F1D0002000907F
:109AE000202040EA8110106100BF0098401C0090C7
:109AF0000098B0F1706F01D90320E9E7106900F018
:109B000020002028F1D00020E2E710B501460B46E6
:109B100040F60804E45804F006020AB9002006E002
:109B2000022A01D0062A01D1022000E00F2010BD38
:109B30000146486900F00100704701460B4640F6B7
:109B40001800C258001DC058024090B2704701462C
:109B50000B4640F61800C258001DC0580240100CB9
:109B6000704770B5024613464FF40166F45840F64C
:109B70003406F55801F00F0625FA06F606F0010640
:109B800044EAC61403F5106606EB4116B66806EA09
:109B9000040070BD10B50246134603F5306404EBB3
:109BA0004114A06840F61404E458204010BD01465A
:109BB00048698A69104070472DE9F04104460D4616
:109BC000274628464FEA920C02F0030300210AE0E0
:109BD0004FF4805858F80780C0F80080401C401CA3
:109BE000401C401C491C6145F2D39BB100214FF43D
:109BF000805858F8076000BF4FEAC10826FA08F8F5
:109C000080F80080491C401CA3F101081FFA88F36A
:109C1000002BF1D1BDE8F08170B504460E46002559
:109C2000E06820F0C040E060012E10D1E06840F014
:109C30000050E06000BF0A20F8F766FE0A352046B3
:109C4000FFF776FF012815D0C82DF4D312E07EB9B6
:109C5000E06840F08040E06000BF0A20F8F754FE62
:109C60000A352046FFF764FF20B1C82DF5D301E087
:109C7000012070BDC82D01D10120FAE70020F8E7CE
:109C800010B502460B461146D1F8000820F4FE60DC
:109C9000C1F80008D1F800084FF4FE6404EA031488
:109CA0002043C1F80008002010BD02461346D3F837
:109CB00000080843C3F800080020704730B5034689
:109CC0001446022C49D12D48814204D32C488142AC
:109CD00001D20F2245E02A48814204D3294881421B
:109CE00001D20E223DE02748814204D3264881421A
:109CF00001D20D2235E02448814204D32348814219
:109D000001D20C222DE02148814204D32048814217
:109D100001D20B2225E01E48814204D31D48814216
:109D200001D20A221DE01B48814204D31A48814215
:109D300001D2092215E01848814204D31748814214
:109D400001D208220DE01548814204D31448814213
:109D500001D2072205E0062203E00CB9092200E047
:109D60000922D86820F47050D860D8684FF4705534
:109D700005EA82252843D860002030BDC0ACD80059
:109D8000C0E1E4000024F40080730601A0491A0138
:109D9000002D310140A44C0100366E0120ABA6011C
:109DA0000048E8012DE9F04304460D461E46DDF863
:109DB0001CC0A0462946BCF1000F12D1F01C870838
:109DC00000230CE0D1F8009008F5805000EB023041
:109DD000C0F80090491C491C491C491C5B1CBB4233
:109DE000F0D30020BDE8F08310B504462078422867
:109DF00002D16078522800D010BDA07820B1CD28C3
:109E000013D0FF2833D100BF1B4890ED010A1B4837
:109E100080ED000A1A48B0F90E0000EE100AB8EE04
:109E2000C00A184880ED000A22E0E078411D204673
:109E300000F09EF800B9DFE7201DFCF76FFD9FEDF5
:109E4000121ADFED120A40EE010A0C48C0ED000ABA
:109E500004F10800FCF768FD0A4880ED000AA07ACA
:109E6000012800D100E000200949087000E0C3E7A4
:109E700000BF00BFC0E70000A86300201C01002055
:109E800070630020180100209AF9A244A3EA853FDC
:109E90002001002010B58AB00446B3EE0B0A8DED08
:109EA000020A2E4890ED040AF1EE040AB4EEE00A2C
:109EB000F1EE10FA03DB90ED040A8DED020A28485A
:109EC00090ED010ADFED270A30EEC00AB1EE400A3C
:109ED0008DED010A2148C089009042208DF80C00C8
:109EE00052208DF80D008DF80E40CD2C2BD11E4840
:109EF00001880088401C1C4A1080C82902DB002011
:109F00001146088010208DF80F00029804900198E7
:109F10000590BDF80000ADF8180013480088ADF8B2
:109F20001A000E48C07E8DF81C000C488088ADF8E1
:109F30001D000A48007B8DF81F009DF80F00411D91
:109F400003A8F6F729FC192103A8F6F763FE1C21E4
:109F500003A8F6F7F7FA0AB010BD000070630020FE
:109F6000A8630020A3EA853F2201002000BFFEE78E
:109F700070B505460C4600260DB1022C01D8002014
:109F800070BD611EFF222846F7F7CEFC0646601E14
:109F9000285CB04201D10120F2E70020F0E7000088
:109FA00002480068C0F30220704700000CED00E09A
:109FB00010B5002804DB0A07130E054A135406E007
:109FC0000A07140E034A00F00F031B1FD45410BDE0
:109FD00000E400E018ED00E02DED020B019820F008
:109FE000004001909DED000B02B07047D0ED000ADB
:109FF000F4EEC00AF1EE10FA01DD80ED000AD0EDBA
:10A00000000AB1EE401AF4EEC10AF1EE10FA03D2E2
:10A01000F1EE400AC0ED000A7047014671EE602A79
:10A02000F0EE621AB0EE602A30EE423A012088402B
:10A03000401E02EE900AF8EEE22A63EE222A82EE39
:10A04000A13AFDEEC32A12EE900A7047DFED0B2A0B
:10A05000C0ED002ADFED092AC0ED012ADFED072A55
:10A06000C0ED022A80ED030AC0ED040A80ED051A56
:10A07000C0ED061A80ED072A7047000000000000BE
:10A080002DE9F04103460024002010E00D18C5F32F
:10A09000C70605F0070713F8068048FA07F808F026
:10A0A000010C0CFA00F848EA0404451CE8B290429E
:10A0B000ECDB2046BDE8F081F8F74CFDFCF700FE34
:10A0C000FBF782FFFBF786FEFBF740FEFBF760FE27
:10A0D000FBF7F2FFFCF750F8FCF732F8FCF76CF8EE
:10A0E000FBF7BCFE00F015F800BFFEE701460020BC
:10A0F000842901D0CA1C1044704770B50446254617
:10A100000DB1294600E00121084600F0A1FD002024
:10A1100070BD10B500F0DCFE002010BD7FB5044618
:10A120000D46606998B1A06988B1B4F90800FFF7DD
:10A13000DDFF0646D4E90510CDE9006102902B460B
:10A140002269D4E9001001F015FB039013E0B4F983
:10A150000800FFF7CBFF064603A8CDE90060238A7D
:10A160009AB22B46D4E9001001F0D2FA012802D0AD
:10A17000002004B070BD0398FBE700002DE9F0411A
:10A1800005460E461C4807681C480068001D00F084
:10A190001FFC50B91948006890F82C100120884025
:10A1A00017490968814316480160681C38B936B1FF
:10A1B00012480168091D134800F054FC1AE07C198C
:10A1C0000E4800684460BC4207D20C480168091D73
:10A1D0000D48006800F02CFC0CE008480168091DDF
:10A1E0000A48006800F024FC09480068844201D253
:10A1F00007480460BDE8F081C4000020B0000020E2
:10A20000C8000020FC240020B8000020B40000207A
:10A21000E000002010B5044600F030FC2348006840
:10A22000401C224908602248006840B92048046068
:10A230000846006801280DD100F0A6F90AE01D4883
:10A24000006838B91A480068C06AE16A884201D8D3
:10A250001748046018480068401C1749086094F8C3
:10A260002C100120884015490968084313490860EB
:10A27000E16A01EB8101124A02EB8100211D00F02D
:10A28000F1FB00F025FC0B48006868B10848006845
:10A29000C06AE16A884207D24FF0805009490860DD
:10A2A000BFF34F8FBFF36F8F10BD0000C0000020C1
:10A2B000B0000020CC000020DC000020C8000020FE
:10A2C0002024002004ED00E010B516E000F0D6FBDD
:10A2D0000C48C068C468201D00F07AFB0A4800687A
:10A2E000401E0949086009480068401E0749086087
:10A2F00000F0EEFB204600F05FF8044800680028FC
:10A30000E4D110BDE8240020C0000020BC000020E3
:10A3100070B504460D46206C70B1216CE0680144B4
:10A32000E160D4E90210884201D32168E160284647
:10A33000226CE168F6F78FF870BD2DE9F041044614
:10A340000F4615464FF00008A66B206C48B92068F0
:10A3500000282CD1A06801F025FB80460020A060D9
:10A3600025E07DB93946226C6068F6F774F8216CF7
:10A37000606808446060D4E90101884217D320680E
:10A38000606014E03946226CE068F6F764F8216CEE
:10A39000E068411AE1602168E068884203D2216CDC
:10A3A000A068411AE160022D01D106B1761E701C31
:10A3B000A0634046BDE8F08110B5044694F8510012
:10A3C00030B9206B00F0A2FB204600F09FFB1AE0A2
:10A3D00094F85100012803D1204600F097FB12E0C9
:10A3E00094F85100022801D1012000E0002050B96A
:10A3F00000BF502080F31188BFF34F8FBFF36F8FE2
:10A4000000BF00BFFEE710BD30B54FF470531748D2
:10A4100000F007042CB1C01D20F00700134C041BF2
:10A420001B1B0246124C22600024114D6C60D01898
:10A43000083820F007000F4C206000240D4D2D68D7
:10A440006C600C4D2D682C601146441A4C60094C10
:10A4500024680C60084D4C682C60084D4C682C60DA
:10A460004FF00044064D2C6030BD00001025002048
:10A47000EC000020F4000020FC000020F800002088
:10A480000801002000BFFFF71FFF064800680128F1
:10A49000F9D94FF0805004490860BFF34F8FBFF3E4
:10A4A0006F8FF0E72024002004ED00E02DE9F0415B
:10A4B00006460D4617469846069C0DB9246000E0F6
:10A4C0002760E66325640121204600F089FEBDE88F
:10A4D000F0812DE9FF5F81460E469246DDE90E7B55
:10A4E000109CAAF10100216B01EB800828F00708FD
:10A4F00008F0070008B9012000E0002050B900BFB3
:10A50000502080F31188BFF34F8FBFF36F8F00BFD0
:10A5100000BFFEE786B1002507E0715D04F134005D
:10A520004155705D00B902E06D1C102DF5D300BFE0
:10A5300000214320015502E0002084F83400072F59
:10A5400000D30627E76267640020A064201D00F0A6
:10A550006CFA04F1180000F068FA2461C7F10700F2
:10A56000A06164620020E06484F8500049464046DF
:10A57000039A00F0ADF92060BBF1000F01D0CBF8D9
:10A580000040BDE8FF9F000010B5002407E004EB89
:10A5900084010F4A02EB810000F03AFA641C072C98
:10A5A000F5D30C4800F034FA0B4800F031FA0B48B0
:10A5B00000F02EFA0A4800F02BFA0A4800F028FAB8
:10A5C00004480949086004480849086010BD0000B3
:10A5D00020240020AC240020C0240020D42400200B
:10A5E000E8240020FC240020B4000020B800002053
:10A5F00010B50146164800E0006803688B42FBD3A3
:10A600000246436813448B4204D143684C68234498
:10A61000436001460A464B6813440468A34211D1C3
:10A620000C4C03682468A34208D04B680468646833
:10A6300023444B6003681B680B6005E0054B1B68F7
:10A640000B6001E003680B60884200D0016010BD20
:10A65000EC000020F400002070B5054600F00EFA72
:10A66000A86B08B9012400E0002400F031FA20466C
:10A6700070BD70B5054600F001FAA86BE96B884221
:10A6800001D1012400E0002400F022FA204670BD30
:10A690000A490968096809B9012100E0002121B1CE
:10A6A0004FF0FF31064A116006E004490968C968A5
:10A6B000C868034A4168116070470000B400002078
:10A6C000E00000200E480068401C08B9012000E0AE
:10A6D000002050B900BF502080F31188BFF34F8F86
:10A6E000BFF36F8F00BF00BFFEE700BF502080F3B5
:10A6F0001188BFF34F8FBFF36F8F00BF00BFFEE71E
:10A700000C01002070B5044600F0B8F994F94550EA
:10A7100010E0606A08B9012000E0002038B904F1B7
:10A72000240001F0A3F918B100F0B0FB00E003E051
:10A73000681E45B2002DECDC00BFFF2084F8450008
:10A7400000F0C6F900F09AF994F9445010E020693D
:10A7500008B9012000E0002048B904F1100001F020
:10A7600085F908B100F092FB681E45B200E001E0F7
:10A77000002DECDC00BFFF2084F8440000F0A8F9B5
:10A7800070BD00002DE9F04104464FF0000800F0D4
:10A79000F7FB4948006808B9FFF736FE47480068EC
:10A7A0002040002870D1D4B1083404F00700B0B1C3
:10A7B00004F00700C0F10800044404F0070008B9E1
:10A7C000012000E0002050B900BF502080F3118824
:10A7D000BFF34F8FBFF36F8F00BF00BFFEE7002CAA
:10A7E00052D03748006884424ED8364E304605680D
:10A7F00001E02E462D686868A04202D22868002831
:10A80000F7D12D48006885423ED0306800F1080835
:10A81000286830606868001B102819D92F1907F0C4
:10A82000070008B9012000E0002050B900BF502007
:10A8300080F31188BFF34F8FBFF36F8F00BF00BF4E
:10A84000FEE76868001B78606C603846FFF7D0FE52
:10A850001B4968680968081A1949086008460068B1
:10A8600019490968884203D21548006816490860EA
:10A870001249686809680843686000202860134826
:10A880000068401C1149086001F03CF908F007001D
:10A8900008B9012000E0002050B900BF502080F32B
:10A8A0001188BFF34F8FBFF36F8F00BF00BFFEE76C
:10A8B0004046BDE8F0810000F400002008010020BF
:10A8C000F8000020EC000020FC0000200001002027
:10A8D000001F4FF080730360001F21F0010303602D
:10A8E000001F054B036014380260001F6FF0020365
:10A8F0000360203870470000C5A60008B0EE401A7B
:10A9000030EEC10AF0EE401AB0EE412A00EE100A15
:10A91000B8EEC00A60EE212A01228A40521E00EEE3
:10A92000102AB8EEC03A82EE830A30EE020A70476F
:10A930000A7860F300020A7042080B7862F3410360
:10A940000B7082080B7862F382030B70C2080B78DD
:10A9500062F3C3030B7002090B7862F304130B70EC
:10A9600042090B7862F345130B7082090B7862F38E
:10A9700086130B70C2090B7862F3C7130B70020ABF
:10A980004B7862F300034B70420A4B7862F3410349
:10A990004B70820A4B7862F382034B70C20A4B7889
:10A9A00062F3C3034B70020B4B7862F304134B70DA
:10A9B000420B4B7862F345134B70820B4B7862F37A
:10A9C00086134B70C30B4A7863F3C7124A70704703
:10A9D00001460A69D1E901309860D1E90103586064
:10A9E0005068884201D18868506000200861106872
:10A9F000401E106010687047034B0360034B0B60F0
:10AA00008023136070470000DC0200203003002028
:10AA100000F1080141604FF0FF31816000F1080151
:10AA2000C160016100210160704700210161704730
:10AA300010B502460B685C1C0CB9106907E002F106
:10AA4000080000E04068446824689C42FAD94468E1
:10AA50004C604C68A160886041600A611468641CA5
:10AA6000146010BD42684A6093688B6093685960B7
:10AA70009160086103685B1C0360704700BF502051
:10AA800080F31188BFF34F8FBFF36F8F00BF0E4865
:10AA90000068401C0C49086008460068012812D173
:10AAA0000A480068C0B208B9012000E0002050B98F
:10AAB00000BF502080F31188BFF34F8FBFF36F8F1B
:10AAC00000BF00BFFEE770470C01002004ED00E06E
:10AAD0000D48006850B900BF502080F31188BFF3C3
:10AAE0004F8FBFF36F8F00BF00BFFEE706480068BF
:10AAF000401E054908600846006820B9002080F320
:10AB0000118800BF00BF70470C01002070B50646D9
:10AB10003546002E44D0083D2C462249606809681D
:10AB2000084008B1012000E0002050B900BF5020CB
:10AB300080F31188BFF34F8FBFF36F8F00BF00BF4B
:10AB4000FEE7206808B9012000E0002050B900BFEE
:10AB5000502080F31188BFF34F8FBFF36F8F00BF7A
:10AB600000BFFEE70F49606809680840C0B120686F
:10AB7000B0B90C49606809688843606000F000FA69
:10AB80000949606809680844074908602046FFF7DA
:10AB90002FFD06480068401C0449086000F0B2FF21
:10ABA00070BD000008010020F80000200401002012
:10ABB00000204FF0E02108618861064800684FF4EA
:10ABC0007A71B0FBF1F0401E4FF0E02148610720A0
:10ABD00008617047AC00002070B5F5F7A1FB044692
:10ABE000102C16D304F1E02090F8F05315480078AB
:10ABF000854201DB012000E0002050B900BF502059
:10AC000080F31188BFF34F8FBFF36F8F00BF00BF7A
:10AC1000FEE70D48006800F4E0600C4909688842CE
:10AC200001D8012000E0002050B900BF502080F37F
:10AC30001188BFF34F8FBFF36F8F00BF00BFFEE7D8
:10AC400070BD0000100100200CED00E01401002098
:10AC500070B504460025D4B11248006808B9012037
:10AC600000E0002050B900BF502080F31188BFF3EE
:10AC70004F8FBFF36F8F00BF00BFFEE700F080F97A
:10AC800000212046FFF77AFA00F03CFF05463DB967
:10AC90004FF0805004490860BFF34F8FBFF36F8FB0
:10ACA00070BD0000E800002004ED00E02DE9F04751
:10ACB00004460F464FF0000954B900BF502080F3FE
:10ACC0001188BFF34F8FBFF36F8F00BF00BFFEE748
:10ACD0000FB1012000E0002050B900BF502080F3E8
:10ACE0001188BFF34F8FBFF36F8F00BF00BFFEE728
:10ACF0002048006808B9012000E0002050B900BFDA
:10AD0000502080F31188BFF34F8FBFF36F8F00BFC8
:10AD100000BFFEE700F034F9174806682068C5193F
:10AD20002068B04207D92068A8420BD9B54209D99A
:10AD30004FF0010906E02068A84201D8B54201D9C8
:10AD40004FF001092560B9F1000F03D0A81B0021C5
:10AD5000FFF714FA00F0D6FE8046B8F1000F07D1D5
:10AD60004FF0805005490860BFF34F8FBFF36F8FDE
:10AD7000BDE8F087E8000020C400002004ED00E0FA
:10AD800070B50546FFF77AFE15B93048006800E057
:10AD900028460446201DFFF71BFE78B9E06A00EB49
:10ADA00080002B4951F8200040B994F82C10012064
:10ADB000884028490968814326480160A06A18B183
:10ADC00004F11800FFF704FE23480068401C2249E4
:10ADD00008601E480068844209D1211D1F48FFF702
:10ADE00041FE1F480068401C1D49086009E01D48DD
:10ADF0000068401E1B4908602046FFF7DDFAFFF798
:10AE000047FCFFF765FE18480068E8B10F48006886
:10AE1000844219D11548006808B9012000E00020DB
:10AE200050B900BF502080F31188BFF34F8FBFF39C
:10AE30006F8F00BF00BFFEE74FF080500C490860E5
:10AE4000BFF34F8FBFF36F8F70BD0000B0000020C5
:10AE500020240020C8000020DC000020E82400207E
:10AE6000BC000020C0000020CC000020E800002032
:10AE700004ED00E003490968016003490968416085
:10AE800070470000D8000020C400002001200149C4
:10AE900008607047D400002070B504460D4654B9D0
:10AEA00000BF502080F31188BFF34F8FBFF36F8F27
:10AEB00000BF00BFFEE70548016818312046FFF7D4
:10AEC000B7FD01212846FFF759F970BDB0000020F9
:10AED00010B586B000200590049003AA04A905A827
:10AEE000FFF78AFD0022DDE904101346CDE90021B9
:10AEF00002901CA11D48039A00F03CFC1C4908600C
:10AF00000846006808B1012400E00024012C15D196
:10AF100000BF502080F31188BFF34F8FBFF36F8FB6
:10AF200000BF4FF0FF30134908600120124908604C
:10AF300000201249086000F071F810E0601C08B1B0
:10AF4000012000E0002050B900BF502080F311889C
:10AF5000BFF34F8FBFF36F8F00BF00BFFEE706B098
:10AF600010BD000049444C450000000085A40008C5
:10AF7000E4000020E0000020CC000020C4000020FD
:10AF800002480068401C014908607047E800002042
:10AF90001D48006818B101201C49086032E00020FB
:10AFA0001A4908601A480068B0FA80F0C0F11F0121
:10AFB00001EB8100174A52F8200008B1012000E09F
:10AFC000002050B900BF502080F31188BFF34F8F8D
:10AFD000BFF36F8F00BF00BFFEE701EB81020D4B97
:10AFE00003EB820042685268426000F10802436845
:10AFF000934202D14268526842604268D268064B6E
:10B000001A6000BF70470000E8000020D400002054
:10B01000C800002020240020B00000201CB55248A9
:10B0200000685249884201D0012000E0002050B958
:10B0300000BF502080F31188BFF34F8FBFF36F8F95
:10B0400000BF00BFFEE7484800684849491E8842E3
:10B0500001D0012000E0002050B900BF502080F353
:10B060001188BFF34F8FBFF36F8F00BF00BFFEE7A4
:10B070003F49084600780190FF200A4610700846B4
:10B08000007800909DF8000000F0F0009DF800208E
:10B09000904201D1012000E0002050B900BF5020B3
:10B0A00080F31188BFF34F8FBFF36F8F00BF00BFD6
:10B0B000FEE79DF8000000F050002E4A10700720B7
:10B0C0002D4A106009E02C480068401E2A4A106092
:10B0D0009DF800004006000E00909DF8000000F072
:10B0E00080008028EFD024480068C0F107000428C1
:10B0F00001D1012000E0002050B900BF502080F3B2
:10B100001188BFF34F8FBFF36F8F00BF00BFFEE703
:10B11000194800680002184A10601046008800F4C0
:10B12000E0601060124A019810700F4820300068EB
:10B1300040F470000C49203108600846006840F077
:10B1400070400860FFF734FD00200C490860F5F7F7
:10B15000AFF80B48006840F0404009490860F5F737
:10B1600093F800201CBD000000ED00E071C20F410B
:10B1700000E400E010010020140100200C01002078
:10B1800034EF00E02DE9F84305460E4617460DB1B1
:10B19000012000E0002050B900BF502080F311884A
:10B1A000BFF34F8FBFF36F8F00BF00BFFEE705FBFC
:10B1B00006F808F14800FFF7E5FA044664B1A14635
:10B1C00009F14809002084F846003B464A463146CA
:10B1D00028460094FFF76AF92046BDE8F88300008E
:10B1E00070B505460E462C4654B900BF502080F37A
:10B1F0001188BFF34F8FBFF36F8F00BF00BFFEE713
:10B20000FFF73CFCD4E90F12206801FB0200A060AC
:10B210000020A06320686060E06B401E226C216803
:10B2200000FB0211E160FF2084F8440084F845002F
:10B230009EB9206908B9012000E00020A8B904F1F6
:10B24000100000F013FC80B14FF0805009490860F5
:10B25000BFF34F8FBFF36F8F07E004F11000FFF7CC
:10B26000D7FB04F12400FFF7D3FBFFF731FC0120EB
:10B2700070BD000004ED00E02DE9FF4383B00646F9
:10B2800088461D464FF00009344654B900BF50208F
:10B2900080F31188BFF34F8FBFF36F8F00BF00BFE4
:10B2A000FEE7B8F1000F01D1206C08B9012000E0E1
:10B2B000002050B900BF502080F31188BFF34F8F9A
:10B2C000BFF36F8F00BF00BFFEE7022D02D1E06B1E
:10B2D000012801D1012000E0002050B900BF50201A
:10B2E00080F31188BFF34F8FBFF36F8F00BF00BF94
:10B2F000FEE700F09DFA08B9059808B9012000E0C2
:10B30000002050B900BF502080F31188BFF34F8F49
:10B31000BFF36F8F00BF00BFFEE700BFFFF7AEFBBC
:10B32000A06BE16B884201D3022D28D12A46414609
:10B330002046FFF702F80746606A08B9012000E0DE
:10B34000002068B904F1240000F090FB88B14FF0B0
:10B35000805032490860BFF34F8FBFF36F8F08E012
:10B360003FB14FF080502D490860BFF34F8FBFF3BE
:10B370006F8FFFF7ADFB012007B0BDE8F0830598A4
:10B3800018B9FFF7A5FB0020F6E7B9F1000F04D1CB
:10B3900001A8FFF76FFD4FF00109FFF799FBFFF7D9
:10B3A000EFFDFFF76BFB94F94400401C10B900203F
:10B3B00084F8440094F94500401C10B9002084F83A
:10B3C0004500FFF785FB05A901A800F05BF9F0B97E
:10B3D0002046FFF74EF9A0B104F110000599FFF7E0
:10B3E0005BFD2046FFF78EF900F08CFB002895D11D
:10B3F0004FF0805009490860BFF34F8FBFF36F8F44
:10B400008CE72046FFF77EF900F07CFB86E72046BC
:10B41000FFF778F900F076FB0020ADE704ED00E0DF
:10B420002DE9F84F07468A4690461E463C4654B9D9
:10B4300000BF502080F31188BFF34F8FBFF36F8F91
:10B4400000BF00BFFEE7BAF1000F01D1206C08B9C0
:10B45000012000E0002050B900BF502080F3118887
:10B46000BFF34F8FBFF36F8F00BF00BFFEE7022E09
:10B4700002D1E06B012801D1012000E0002050B989
:10B4800000BF502080F31188BFF34F8FBFF36F8F41
:10B4900000BF00BFFEE7FFF79FFB00BF5021EFF3A7
:10B4A000118081F31188BFF34F8FBFF36F8F00BFFF
:10B4B0000546A06BE16B884201D3022E25D194F999
:10B4C00045B0A06B0090324651462046FEF735FF4E
:10B4D0000BF1010088B9606A08B9012000E0002082
:10B4E00050B904F1240000F0C1FA28B1B8F1000FFE
:10B4F00002D00120C8F8000004E00BF1010040B2C6
:10B5000084F845004FF0010901E04FF0000900BF49
:10B5100085F3118800BF4846BDE8F88F2DE9F74153
:10B5200083B005460E464FF000082C4654B900BFC4
:10B53000502080F31188BFF34F8FBFF36F8F00BF90
:10B5400000BFFEE70EB9206C08B9012000E0002022
:10B5500050B900BF502080F31188BFF34F8FBFF365
:10B560006F8F00BF00BFFEE700F062F908B90598D1
:10B5700008B9012000E0002050B900BF502080F33E
:10B580001188BFF34F8FBFF36F8F00BF00BFFEE77F
:10B5900000BFFFF773FAA76BF7B131462046FEF7FD
:10B5A000B7FE781EA063206908B9012000E00020E2
:10B5B00060B904F1100000F059FA38B14FF0805032
:10B5C0002F490860BFF34F8FBFF36F8FFFF780FAEB
:10B5D000012006B0BDE8F081059818B9FFF778FAA8
:10B5E0000020F6E7B8F1000F04D101A8FFF742FCF4
:10B5F0004FF00108FFF76CFAFFF7C2FCFFF73EFAC5
:10B6000094F94400401C10B9002084F8440094F9D7
:10B610004500401C10B9002084F84500FFF758FA97
:10B6200005A901A800F02EF8F0B92046FFF714F89C
:10B63000A0B104F124000599FFF72EFC2046FFF786
:10B6400061F800F05FFA0028A3D14FF080500C4958
:10B650000860BFF34F8FBFF36F8F9AE72046FFF765
:10B6600051F800F04FFA94E72046FFF74BF800F04E
:10B6700049FA2046FEF7F0FF00288AD00020A8E70C
:10B6800004ED00E070B505460C4655B900BF5020EA
:10B6900080F31188BFF34F8FBFF36F8F00BF00BFE0
:10B6A000FEE754B900BF502080F31188BFF34F8FDD
:10B6B000BFF36F8F00BF00BFFEE7FFF7DFF912484F
:10B6C00002686868131A2068401C08B9002617E051
:10B6D0000E4928680968884204D06868904201D8F9
:10B6E00001260DE02068984207D92068C01A206022
:10B6F0002846FFF7BFFB002602E00020206001265D
:10B70000FFF7E6F9304670BDC4000020D8000020E5
:10B710002DE9FF4F85B0804689461746DDE912AB1B
:10B72000B800FFF72FF8064656B15420FFF72AF865
:10B7300004460CB1266304E03046FFF7E7F900E069
:10B7400000248CB1002084F85100CDE900ABCDE994
:10B7500002403A4649464046089BFEF7BAFE20465C
:10B76000FEF758FD012501E04FF0FF35284609B0EE
:10B77000BDE8F08F2DE9F04F85B007468846914629
:10B780009A46DDE90EB6109C0EB1012000E00020C3
:10B7900050B900BF502080F31188BFF34F8FBFF323
:10B7A0006F8F00BF00BFFEE70CB1012000E000205A
:10B7B00050B900BF502080F31188BFF34F8FBFF303
:10B7C0006F8F00BF00BFFEE75420039003985428FA
:10B7D00001D1012000E0002050B900BF502080F3CB
:10B7E0001188BFF34F8FBFF36F8F00BF00BFFEE71D
:10B7F00000BFB4B1AEB125462C462E63022085F8B9
:10B800005100002004A953464A46CDE900B1CDE9D4
:10B81000025041463846FEF75CFE2846FEF7FAFC29
:10B8200001E000200490049805B0BDE8F08F00000E
:10B830000549096809B9012005E00449096809B901
:10B84000022000E000207047CC000020E80000202B
:10B850000149086870470000C40000202DE9F0414C
:10B860004FF000084448006800287CD14348006835
:10B87000451C4248056015BB41480068006808B98E
:10B88000012000E0002050B900BF502080F3118853
:10B89000BFF34F8FBFF36F8F00BF00BFFEE7384885
:10B8A00007683848006836490860364807603648F7
:10B8B0000068401C34490860FEF7EAFE00BF3348C8
:10B8C000006885423CD300BF2D480068006808B975
:10B8D000012000E0002020B14FF0FF302B4908602C
:10B8E0002DE027480068C068C4686668B54202D287
:10B8F0002648066023E0201DFFF76AF8A06A18B109
:10B9000004F11800FFF764F894F82C100120884027
:10B910001F49096808431E490860E16A01EB81017B
:10B920001C4A02EB8100211DFFF79CF81A49E06ACE
:10B930000968C96A8842C7D34FF00108C4E700BF4D
:10B9400015480068C06A00EB8000124951F82000D9
:10B95000012801D94FF001081048006808B14FF0E4
:10B96000010805E0FFE70E480068401C0C4908602C
:10B970004046BDE8F0810000E8000020C40000203F
:10B98000B4000020B8000020D8000020E000002013
:10B99000C800002020240020B0000020D400002097
:10B9A000D000002070B505462C460026002D55D04D
:10B9B0002B480068844201D1012000E0002050B9EA
:10B9C00000BF502080F31188BFF34F8FBFF36F8FFC
:10B9D00000BF00BFFEE7A06C50B900BF502080F34D
:10B9E0001188BFF34F8FBFF36F8F00BF00BFFEE71B
:10B9F000A06C401EA064616CE06A88422ED0A06CEE
:10BA000060BB201DFEF7E4FF78B9E06A00EB800020
:10BA1000144951F8200040B994F82C1001208840B6
:10BA200011490968814310480160606CE062E06A76
:10BA3000C0F10700A06194F82C10012088400A4949
:10BA40000968084308490860E16A01EB8101054A79
:10BA500002EB8100211DFFF705F80126304670BD7D
:10BA6000B000002020240020C800002070B5064649
:10BA7000F068C46854B900BF502080F31188BFF348
:10BA80004F8FBFF36F8F00BF00BFFEE704F11800B8
:10BA9000FEF79EFF15480068A8B9201DFEF798FF25
:10BAA00094F82C1001208840114909680843104976
:10BAB0000860E16A01EB81010E4A02EB8100211D61
:10BAC000FEF7D0FF04E004F118010B48FEF7CAFFAF
:10BAD0000A49E06A0968C96A884204D90125012037
:10BAE0000749086000E00025284670BDE8000020F6
:10BAF000C800002020240020D4240020B000002012
:10BB0000D400002070B5002400263648006850B9E3
:10BB100000BF502080F31188BFF34F8FBFF36F8FAA
:10BB200000BF00BFFEE7FEF7A9FF2E480068401ED9
:10BB30002C4908600846006800284FD12A48006850
:10BB400000284BD024E02948C068C46804F11800DC
:10BB5000FEF73EFF201DFEF73BFF94F82C1001205E
:10BB6000884023490968084321490860E16A01EBDC
:10BB70008101204A02EB8100211DFEF773FF1E495F
:10BB8000E06A0968C96A884202D301201B4908603B
:10BB90001648006808B9012000E000200028D2D033
:10BBA0000CB1FEF775FD1648056865B100BFFFF7DB
:10BBB00055FE10B10120114908606D1E002DF6D10F
:10BBC00000200F4908600D48006838B10126300791
:10BBD0000C490860BFF34F8FBFF36F8FFEF778FFFC
:10BBE000304670BDE8000020C0000020D4240020B2
:10BBF000C800002020240020B0000020D400002035
:10BC0000D000002004ED00E0491058BFC1F14041D0
:10BC10005B1058BFC3F140438B42EFF30080704785
:10BC20004FEA41034FEA5353A3F58063D3F11E0358
:10BC3000C8BFD3F1210C0CDD4FF0004242EAC12213
:10BC400042EA505232FA03FC8CEAE17CACEBE17040
:10BC50007047102BC4BF0020704703F5787CBCF1FF
:10BC6000FF3F04D06FF0004282EA2100704770B5B8
:10BC700000F002F94992248000207047F2E710F0AA
:10BC8000004248BF4042B0FA80F310FA03F10AD0F4
:10BC9000C3F11D0303F580634FEA415002EB0352E9
:10BCA00002EBD12170474FF00000704751EA030CBE
:10BCB00017D41CF5801F58BFBCF5801F00F106800B
:10BCC000994218BF704708BF9042704707D711F5D7
:10BCD000801F58BF13F5801F19D4994270478942BD
:10BCE00070471CF5801F08D5BCF5801FF7D58B4227
:10BCF00018BF704708BF824270474FF4001C1CEB0E
:10BD0000410F38BF1CEB430F01D28B42704770B517
:10BD100000F0B2F8922449004FF000514FF08053E8
:10BD2000FFF772BFDFF848C170B51CEA111E1EBFD5
:10BD30001CEA13159EEA0C0F95EA0C0F00F06F80B9
:10BD400081EA030423EA4C134EEAD47E21EA4C1123
:10BD500041F4801143F48013AE44A1FB024CA0FBDC
:10BD60000365AEF17F7E361955EB0C05A1FB034C44
:10BD70004CF10003A0FB021C16EB0C06654153F1CD
:10BD80000003094218BF46F0010613F4007F0BD1EF
:10BD90004FEA03314FEA0530340341EA155140EAD6
:10BDA00016506FF003020AE04FEAC3214FEAC520A4
:10BDB000F40241EA555140EA56506FF0020202EB9C
:10BDC0002E4201EB025585EACE710AD05FEA440C9F
:10BDD00018BF24F0004450F1000041F1000120EAB6
:10BDE000D47040F2FE7C624500D270BDA84214BF00
:10BDF0004FF080444FF04044002E08BF0024BEF1B5
:10BE0000806FA8BFA1F1C041BDE8704080F2828080
:10BE10004FF0000001F1C04101F0004170479EEA7F
:10BE20000C0F0CEA131518BF95EA0C0F06D04FF053
:10BE3000000081EA030E0EF0004170BD00F01CF816
:10BE40008900013E00F007B800F009B84FEA430C42
:10BE50005FEA5C5C08D081EA030100F05BB84FEA5E
:10BE6000410C5FEA5C5CF6D14FF00000014970477D
:10BE70000000FF070000F87F0EF1020E2EF0030E07
:10BE80005EF8046B364205D4012A43EB030515F531
:10BE9000001F12D8012841EB010C1CF5001F0CD823
:10BEA0000ED14FEAD17C15F5001F0CEB4C0C0CF1B8
:10BEB000020C08BF4CEBD37C04E04FF0080C01E00F
:10BEC0004FEAD37C0CEB4C0526FA05F606F0070684
:10BED000B6F1040C06D20EEB860CBDE870404CF0B7
:10BEE000010C6047DFE80CF0090B02024FF0004143
:10BEF0004FF00000A1F5002170BD19461046012841
:10BF000051EB010418BFD4F5001484BF002001F0E8
:10BF1000004170BD0808A0F500114FEA31017047DB
:10BF200043004FEAD30C4FEA3C0C43401FBF40078D
:10BF30000CF1605113F0FE4F70471CF0006F03D1FD
:10BF400000200CF0004170470CF0004343EA5070B1
:10BF500010B540EACC0000F00EF800BF00000092DF
:10BF60004FEA0001FFF7D6BF4FF000414FF000004D
:10BF7000A1F5002170470EF1020E2EF0030E5EF8BF
:10BF8000044B244204D44FEA4102B2F17F4F11D84E
:10BF90004FEA4003B3F17F4F0CD80ED14FEAD07C6B
:10BFA000B2F17F4F0CEB4C0C0CF1020C08BF4CEBC8
:10BFB000D17C04E04FF0080C01E04FEAD17C0CEB9F
:10BFC0004C0324FA03F404F00704B4F1040C06D281
:10BFD0000EEB840CBDE810404CF0010C6047DFE82C
:10BFE0000CF0070802024FF00040A0F5800010BDE1
:10BFF0000846420018BFD2F1807288BF00F00040AE
:10C0000010BD4FF04070E1EE100A7047005EBCE2D8
:10C01000613FDD83C29C7E20A3FD1F419DC3217F24
:10C02000FCA2401E5F01E3BD3E6082DC237D9FC118
:10C03000421CFEA0E1BF5D0380DE3C62BEE0025C0C
:10C04000DF81633D7C22C09E1D43A1FF4618FAA4F8
:10C0500027799BC584DA3866E5BB5907DB856739E4
:10C06000BAE406581947A5FB7826C49A653BD987D8
:10C07000045AB8E6A7F91B45C6987A24F8A6441ACC
:10C0800099C7257B3A6486D85B05E7B98CD2306EB8
:10C09000EDB3510F4E10F2AC2F7193CD114FADF3A4
:10C0A000702ECC92D38D6F31B2EC0E50AFF1134D98
:10C0B000CE90722C6D33D18F0C52B0EE326C8ED08C
:10C0C000530DEFB1F0AE4C1291CF2D73CA94762878
:10C0D000ABF517490856B4EA6937D58B5709EBB564
:10C0E00036688AD495CB2977F4AA4816E9B7550B58
:10C0F00088D6346A2B7597C94A14F6A8742AC8964C
:10C10000154BA9F7B6E80A54D7896B350000891199
:10C1100012239B322446AD573665BF74488CC19DAF
:10C120005AAFD3BE6CCAE5DB7EE9F7F8811008018F
:10C1300093331A22A5562C47B7753E64C99C408D8F
:10C14000DBBF52AEEDDA64CBFFF976E802218B302B
:10C15000100299132667AF763444BD554AADC3BC6F
:10C16000588ED19F6EEBE7FA7CC8F5D983310A204F
:10C1700091121803A7772E66B5543C45CBBD42AC4F
:10C18000D99E508FEFFB66EAFDD874C904428D53E7
:10C1900016619F702004A9153227BB364CCEC5DF2F
:10C1A0005EEDD7FC6888E1997AABF3BA85520C430F
:10C1B00097711E60A1142805B3373A26CDDE44CF0F
:10C1C000DFFD56ECE9986089FBBB72AA06638F72AB
:10C1D00014409D512225AB343006B9174EEFC7FEEF
:10C1E0005CCCD5DD6AA9E3B8788AF19B87730E62CF
:10C1F00095501C41A3352A24B1163807CFFF46EECF
:10C20000DDDC54CDEBB962A8F99A708B0884819576
:10C210001AA793B62CC2A5D33EE1B7F04008C919BE
:10C22000522BDB3A644EED5F766DFF7C899400857E
:10C230009BB712A6ADD224C3BFF136E0C11848099E
:10C24000D33B5A2AE55E6C4FF77D7E6C0AA583B41A
:10C25000188691972EE3A7F23CC0B5D14229CB387E
:10C26000500AD91B666FEF7E744CFD5D8BB502A43E
:10C2700099961087AFF326E2BDD034C1C3394A285E
:10C28000D11A580BE77F6E6EF55C7C4D0CC685D7D6
:10C290001EE597F42880A1913AA3B3B2444ACD5B3E
:10C2A0005669DF78600CE91D722FFB3E8DD604C7FE
:10C2B0009FF516E4A9902081BBB332A2C55A4C4B1E
:10C2C000D7795E68E11C680DF33F7A2E0EE787F69A
:10C2D0001CC495D52AA1A3B03882B193466BCF7AFE
:10C2E0005448DD59622DEB3C700EF91F8FF706E6BE
:10C2F0009DD414C5ABB122A0B9923083C77B4E6ADE
:10C30000D5585C49E33D6A2CF11E780F44CA0008F9
:10C31000136C000800000000000000008000000016
:10C32000000000000000000050CA00080D060008D0
:10C33000030000000000000080000000000000007A
:10C34000000000001CCA00084D0C0008010000009D
:10C35000000000008000000000000000000000005D
:10C3600030CA0008A50C0008010000000000000011
:10C370008000000000000000000000000CCA00085F
:10C380007507000802000000000000000001000026
:10C390000000000000000000F8C900085D6A000805
:10C3A0000300000000000000000200000000000088
:10C3B00000000000C0C900081D7500080100000051
:10C3C000000000000001000000000000000000006C
:10C3D000A4C90008FD74000801000000000000006E
:10C3E00000010000000000000000000094C90008E7
:10C3F000F714000802000000000000000001000027
:10C400000000000000000000DCC90008155400080E
:10C41000010000000000000080000000000000009B
:10C4200000000000000610160006101600000000B4
:10C4300000000000010203040607080900000000D4
:10C4400001020304000040400000404000000040A2
:10C45000000000400000803F0000000000000000DD
:10C460000000404000004040000000400000803FCD
:10C470000000803F00000000000080BF000000407E
:10C4800000000040000000400000803F000000006D
:10C49000000080BF000080BF00000040000000409E
:10C4A0000000803F00000000000080BF000000C0CE
:10C4B000000000C00000803F0000803F000000003E
:10C4C000000080BF000080BF000000C0000000C06E
:10C4D0000000803F00000000000080BF000000C09E
:10C4E000000000C0000000C0000040C000000000CC
:10C4F00000000000000000C0000000C0000000C0FC
:10C50000000040C0000040C0000040C0000040C02B
:10C51000000000C0000000C0000080BF000000005C
:10C5200000000000000040C0000040C0000000C04B
:10C53000000080BF000080BF00000000000000007D
:10C54000000040C0000000C0000080BF000080BFAD
:10C55000000000000000803F0000803F000000C09D
:10C56000000000C0000080BF000000000000803F0D
:10C570000000004000000040000080BF000080BFBD
:10C58000000000000000803F0000803F00000040ED
:10C590000000404000000000000000000000803F5C
:10C5A0000000803F0000004000004040000040408C
:10C5B00000000000000000000000803F000000407C
:10C5C0000000004000004040000040400000803F6C
:10C5D000000080BF000040C0000040C0000040C01C
:10C5E000000000C00000803F0000803F000080BFCE
:10C5F000000040C0000000C0000000C0000080BF7C
:10C600000000000000000000000080BF000000C02B
:10C61000000000C0000080BF000080BF00000000DC
:10C6200000000000000080BF000080BF000080BF4D
:10C63000000080BF000080BF00000000000000007C
:10C6400000000000000000000000000000000000EA
:10C65000000000000000000000004040000080BF1B
:10C660000000803F0000803F0000803F0000803FCE
:10C67000000040400000404000000040000000403A
:10C68000000000400000803F0000803F000040406C
:10C69000005EBCE2613FDD83C29C7E20A3FD1F41A2
:10C6A0009DC3217FFCA2401E5F01E3BD3E6082DC92
:10C6B000237D9FC1421CFEA0E1BF5D0380DE3C6282
:10C6C000BEE0025CDF81633D7C22C09E1D43A1FF72
:10C6D0004618FAA427799BC584DA3866E5BB590762
:10C6E000DB856739BAE406581947A5FB7826C49A52
:10C6F000653BD987045AB8E6A7F91B45C6987A2442
:10C70000F8A6441A99C7257B3A6486D85B05E7B931
:10C710008CD2306EEDB3510F4E10F2AC2F7193CD21
:10C72000114FADF3702ECC92D38D6F31B2EC0E5011
:10C73000AFF1134DCE90722C6D33D18F0C52B0EE01
:10C74000326C8ED0530DEFB1F0AE4C1291CF2D73F1
:10C75000CA947628ABF517490856B4EA6937D58BE1
:10C760005709EBB536688AD495CB2977F4AA4816D1
:10C77000E9B7550B88D6346A2B7597C94A14F6A8C1
:10C78000742AC896154BA9F7B6E80A54D7896B35B1
:10C790000000891112239B322446AD573665BF74C1
:10C7A000488CC19D5AAFD3BE6CCAE5DB7EE9F7F871
:10C7B0008110080193331A22A5562C47B7753E64A1
:10C7C000C99C408DDBBF52AEEDDA64CBFFF976E851
:10C7D00002218B30100299132667AF763444BD5581
:10C7E0004AADC3BC588ED19F6EEBE7FA7CC8F5D931
:10C7F00083310A2091121803A7772E66B5543C4561
:10C80000CBBD42ACD99E508FEFFB66EAFDD874C910
:10C8100004428D5316619F702004A9153227BB3640
:10C820004CCEC5DF5EEDD7FC6888E1997AABF3BAF0
:10C8300085520C4397711E60A1142805B3373A2620
:10C84000CDDE44CFDFFD56ECE9986089FBBB72AAD0
:10C8500006638F7214409D512225AB343006B91700
:10C860004EEFC7FE5CCCD5DD6AA9E3B8788AF19BB0
:10C8700087730E6295501C41A3352A24B1163807E0
:10C88000CFFF46EEDDDC54CDEBB962A8F99A708B90
:10C89000088481951AA793B62CC2A5D33EE1B7F0C0
:10C8A0004008C919522BDB3A644EED5F766DFF7C70
:10C8B000899400859BB712A6ADD224C3BFF136E0A0
:10C8C000C1184809D33B5A2AE55E6C4FF77D7E6C50
:10C8D0000AA583B4188691972EE3A7F23CC0B5D180
:10C8E0004229CB38500AD91B666FEF7E744CFD5D30
:10C8F0008BB502A499961087AFF326E2BDD034C160
:10C90000C3394A28D11A580BE77F6E6EF55C7C4D0F
:10C910000CC685D71EE597F42880A1913AA3B3B23F
:10C92000444ACD5B5669DF78600CE91D722FFB3EEF
:10C930008DD604C79FF516E4A9902081BBB332A21F
:10C94000C55A4C4BD7795E68E11C680DF33F7A2ECF
:10C950000EE787F61CC495D52AA1A3B03882B193FF
:10C96000466BCF7A5448DD59622DEB3C700EF91FAF
:10C970008FF706E69DD414C5ABB122A0B9923083DF
:10C98000C77B4E6AD5585C49E33D6A2CF11E780F8F
:10C99000FF0000005461736B5F4454375F54617350
:10C9A0006B0000005461736B5F436F6D6D756E6952
:10C9B0006361746546726F6D50435F5461736B00C1
:10C9C0005461736B5F436F6D6D756E696361746500
:10C9D000546F50435F5461736B0000005461736B7C
:10C9E0005F4A343331305F6F6E6C696E65436865E2
:10C9F000636B5F5461736B00526F626F745F436F60
:10CA00006E74726F6C5F5461736B000043616E5F94
:10CA100053656E645461736B0000000043616E31B6
:10CA20005F526563656976655461736B0000000051
:10CA300043616E325F526563656976655461736BFD
:10CA40000000000064656661756C745461736B006E
:10CA500053746172745461736B0000007CCA0008E7
:10CA600000000020DC020000C401000874CB0008B4
:10CA7000DC020020246B000020020008013C13852A
:10CA80007D1B08CD041ADD0413097E1B0849041A16
:10CA9000510C1A9504131201140202021640830469
:10CAA0004057260201020301071A040309041A036E
:10CAB000139D0B1B0897041A53041AC10413090C85
:10CAC00042083210193F21035D24F41AAA010148DB
:10CAD00013A86382207CE0FC20F6A90C3C18FCE83B
:10CAE0000C5A5004011C0918242340402370411A99
:10CAF000C8040736C03F3480B739634A018324FA3B
:10CB000052DC032C2042130A062A0295294D1339C0
:10CB100078140835761408837A42081309771408C4
:10CB20002D751B08EB04C11AAD181A69041AF50417
:10CB30001A59041409024313020125C03209041BC7
:10CB400001020B130524161001052401100901042C
:10CB5000240202052406170107058203081510099F
:10CB6000040133020A2E0705010240072A81072427
:04CB700081018200BD
:040000050800018965
:00000001FF
